GAMS 48.3.0  71b5641f Nov 12, 2024          WEX-WEI x86 64bit/MS Windows - 03/23/26 05:08:33 Page 1
G e n e r a l   A l g e b r a i c   M o d e l i n g   S y s t e m
C o m p i l a t i o n


   1  * =========================================================================
   2  * FORBIOM MODEL
   3  * - logistics constraints include arc capacities + mill capacities
   4  * - prices are FIXED to exogenous basePrice_y path
   5  * - all economic flow variables are in MILLION m3
   6  * - prices/costs are in $/m3
   7  * - objective and totals are therefore in MILLION $
   8  * =========================================================================
   9   
  10  * =========================================================================
  11  * 1. MODEL STRUCTURE (SETS)
  12  * =========================================================================
  13  SETS
  14      r       "Regions" /TroutLake, Abitibi, Algoma, Kenora, Nipissing, Algonquin/
  15      p       "Products" /CLT, Glulam, Lumber, Pulpwood/
  16      y       "Years" /2020*2030/
  17      tree    "Tree Species" /Spruce, JackPine, WhiteBirch, TolerantHdwds, WhitePine, RedPine, Aspen/
  18      s       "Site Class" /SC1, SC2, SC3/
  19      age     "Forest Age" /0*150/
  20      m       "Manufacturing layers" /Primary, Secondary/
  21      met     "Tier metrics" /Production, Revenue, ProcessingCost/
  22      comp    "Product chain cost components" /BaseProcessing, ProductMarkup, LumberInputCost, Total/
  23      cpScen  "Carbon price sensitivity scenarios" /cp0, cp50, cp100, cp170, cp250, cp350, cp500/
  24      outMet  "Sensitivity output metrics"
  25              /Obj, Zprofit, Zemission, CarbonStorage, NetCarbon, NetCarbDel, NetCarbPct,
  26               CarbonCost, Revenue, HarvestCost, ProcCost, TransCost, TotalHarvest, TotalProduction, TotalSales/
  27      chgMet  "Change metrics for scenario deltas" /AbsChange, PctChange/
  28      demCol  "Demand-sensitivity chart columns (same layout as former mt chart)" /DemandMultiplierCLTGlulam, Obj, Zprofit, Zemission, CarbonCost, Revenue, HarvestCost, ProcCost, TransCost, TotalHarvest, TotalProduction, TotalSales/
  29      demScen "Demand-change scenarios (Table 3 style, 6 regions)" /Baseline, D50, D100, D200, D300, D400, DU10/
  30      pubRow  "Publication summary rows: carb_* = carbon-price sweep; dem_* = demand sweep at cp170"
  31              / carb_cp0, carb_cp50, carb_cp100, carb_cp170, carb_cp250, carb_cp350, carb_cp500
  32                dem_Baseline, dem_D50, dem_D100, dem_D200, dem_D300, dem_D400, dem_DU10 /
  33      tabSumCol(outMet) "Pub table: Obj, gross em., stored C, net C, delta & pct vs ref, harvest" /Obj, Zemission, CarbonStorage, NetCarbon, NetCarbDel, NetCarbPct, TotalHarvest/
  34      prScen  "Lumber price sensitivity scenarios" /Pbase, PD5, PI5, PD10, PI10/
  35      cmScen  "Coupled demand + lumber price scenarios" /CM_D100_PD5, CM_D100_PI10, CM_D200_PD10/;
  36   
  37  ALIAS (r, rr);
  38   
  39  SET pubCarbRow(pubRow, cpScen) /
  40      carb_cp0.cp0, carb_cp50.cp50, carb_cp100.cp100, carb_cp170.cp170
  41      carb_cp250.cp250, carb_cp350.cp350, carb_cp500.cp500
  42  /;
  43   
  44  SET pubDemRow(pubRow, demScen) /
  45      dem_Baseline.Baseline, dem_D50.D50, dem_D100.D100, dem_D200.D200
  46      dem_D300.D300, dem_D400.D400, dem_DU10.DU10
  47  /;
  48   
  49  * =========================================================================
  50  * 2. DATA INPUT: YIELD TABLES (Plonski Volume m3/ha)
  51  * =========================================================================
  52  PARAMETER YieldData(tree, s, age) "Gross Merchantable Volume (m3/ha)";
  53   
  54  * [DATA INPUT: WHITE PINE SC1]
  55  YieldData('WhitePine', 'SC1', '30') = 76;   YieldData('WhitePine', 'SC1', '40') = 157;
  56  YieldData('WhitePine', 'SC1', '50') = 242;  YieldData('WhitePine', 'SC1', '60') = 315;
  57  YieldData('WhitePine', 'SC1', '70') = 372;  YieldData('WhitePine', 'SC1', '80') = 414;
  58   
  59  * [DATA INPUT: JACK PINE SC1]
  60  YieldData('JackPine', 'SC1', '30') = 89;    YieldData('JackPine', 'SC1', '40') = 155;
  61  YieldData('JackPine', 'SC1', '50') = 196;   YieldData('JackPine', 'SC1', '60') = 223;
  62  YieldData('JackPine', 'SC1', '70') = 238;   YieldData('JackPine', 'SC1', '80') = 243;
  63   
  64  * [DATA INPUT: TOLERANT HARDWOODS SC1]
  65  YieldData('TolerantHdwds', 'SC1', '30') = 36;
  66  YieldData('TolerantHdwds', 'SC1', '40') = 68;
  67  YieldData('TolerantHdwds', 'SC1', '50') = 100;
  68  YieldData('TolerantHdwds', 'SC1', '60') = 130;
  69  YieldData('TolerantHdwds', 'SC1', '70') = 158;
  70  YieldData('TolerantHdwds', 'SC1', '80') = 185;
  71   
  72  * [DATA INPUT: SITE CLASS PROXIES]
  73  YieldData(tree, 'SC2', age) = YieldData(tree, 'SC1', age) * 0.80;
  74  YieldData(tree, 'SC3', age) = YieldData(tree, 'SC1', age) * 0.60;
  75   
  76  * [DATA INPUT: SPECIES PROXIES]
  77  YieldData('RedPine', s, age)    = YieldData('WhitePine', s, age);
  78  YieldData('Spruce', s, age)     = YieldData('JackPine', s, age);
  79  YieldData('Aspen', s, age)      = YieldData('JackPine', s, age) * 0.9;
  80  YieldData('WhiteBirch', s, age) = YieldData('JackPine', s, age) * 0.8;
  81   
  82  * =========================================================================
  83  * 3. REGIONAL PARAMETERS
  84  * =========================================================================
  85  TABLE speciesMix(r, tree) "Forest Composition (%)"
  86                 Spruce  JackPine WhiteBirch TolerantHdwds WhitePine RedPine Aspen
  87      TroutLake   0.50    0.30     0.10       0.00          0.00      0.00    0.10
  88      Abitibi     0.60    0.20     0.10       0.00          0.00      0.00    0.10
  89      Kenora      0.40    0.40     0.10       0.00          0.00      0.05    0.05
  90      Algoma      0.10    0.05     0.10       0.40          0.30      0.05    0.00
  91      Nipissing   0.10    0.05     0.10       0.30          0.40      0.05    0.00
  92      Algonquin   0.05    0.00     0.10       0.50          0.30      0.05    0.00;
  93   
  94  PARAMETERS
  95      initialAge(r)        /TroutLake 30, Abitibi 30, Algoma 30, Kenora 30, Nipissing 30, Algonquin 30/
  96      initialStockRegion(r) "Initial ROUNDWOOD stock (MILLION m3)"
  97                           /TroutLake 28999.48, Abitibi 107775.22, Algoma 54884.89, Kenora 49746.19, Nipissing 45261.69, Algonquin 36725.26/;
  98   
  99  SET regionSite(r, s) "Dominant site class"
 100  /
 101      TroutLake.SC2
 102      Abitibi.SC2
 103      Algoma.SC1
 104      Kenora.SC3
 105      Nipissing.SC1
 106      Algonquin.SC1
 107  /;
 108   
 109   
 110  PARAMETERS
 111      regionArea(r)   "Calculated hectares"
 112      CAI_Region(r,y) "Annual roundwood growth (MILLION m3/year)"
 113      initStockRW(r)  "Initial roundwood stock (MILLION m3)"
 114      growthRW(r,y)   "Roundwood growth (MILLION m3/year)";
 115   
 116  regionArea(r) =
 117      (initialStockRegion(r) * 1000000)
 118      /
 119      sum((tree, age, s)$(ord(age)-1 = initialAge(r) and regionSite(r, s)),
 120          speciesMix(r, tree) * YieldData(tree, s, age));
 121   
 122  LOOP(y,
 123     LOOP(r,
 124        CAI_Region(r, y) =
 125           sum(tree,
 126               speciesMix(r, tree) *
 127               (
 128                 sum((age, s)$(ord(age)-1 = initialAge(r) + 10 and regionSite(r, s)), YieldData(tree, s, age))
 129               - sum((age, s)$(ord(age)-1 = initialAge(r)      and regionSite(r, s)), YieldData(tree, s, age))
 130               )
 131           ) / 10 * regionArea(r) / 1000000;
 132     );
 133  );
 134   
 135  initStockRW(r) = initialStockRegion(r);
 136   
 137  * Stochastic growth shock (climate, disturbance, measurement) - reproducible
 138  * Range ~0.88 to 1.12 (±12%) for realistic interannual variability
 139  SCALAR growthShockMin /0.88/, growthShockMax /1.12/;
 140  PARAMETER growthShock(r,y) "Annual growth multiplier (region- and year-specific)";
 141  growthShock(r,y) = growthShockMin + (growthShockMax - growthShockMin)
 142      * mod(ord(r)*31 + ord(y)*17 + 7, 97) / 97;
 143  growthRW(r,y)  = CAI_Region(r,y) * growthShock(r,y);
 144   
 145  * Stochastic harvest cost shock - region- and year-specific, non-deterministic
 146  * Range ~0.90 to 1.10 (±10%). Use LOOP so each (r,y) gets independent uniform draw.
 147  * For reproducibility: gams SA4.gms --seed=N
 148  SCALAR harvestCostShockMin /0.90/, harvestCostShockMax /1.10/;
 149  PARAMETER harvestCostShock(r,y) "Harvest cost multiplier by region and year"
 150            harvestCost_y(r,y)    "Harvest cost by region and year ($/m3)";
 151  LOOP((r,y),
 152      harvestCostShock(r,y) = uniform(harvestCostShockMin, harvestCostShockMax);
 153  );
 154   
 155  * =========================================================================
 156  * 4. ECONOMIC / VALUE-CHAIN PARAMETERS
 157  * =========================================================================
 158  SCALARS
 159      carbonPrice   "Carbon price ($/tCO2)" /170/
 160      demandGrowth  "Annual demand growth rate" /0.00/;
 161   
 162  PARAMETERS
 163      manufacturingTier(p) "1=Primary, 2=Secondary"
 164                           /CLT 2, Glulam 2, Lumber 1, Pulpwood 1/
 165   
 166      maxHarvestRate(r)    "Max sustainable harvest ratio"
 167                           /Abitibi 0.01, Algoma 0.01, Algonquin 0.01, Kenora 0.01, Nipissing 0.01, TroutLake 0.01/
 168   
 169      basePrice(p)         "Base price ($/m3)"
 170                           /CLT 700, Glulam 575, Lumber 375, Pulpwood 75/
 171   
 172      yieldFactor(p)       "Output per unit of primary raw-material input"
 173                           /CLT 0.82, Glulam 0.85, Lumber 0.90, Pulpwood 0.98/
 174   
 175      lumberInputPerUnit(p) "m3 lumber required per m3 product"
 176                           /CLT 1.20, Glulam 1.10, Lumber 0, Pulpwood 0/
 177   
 178      baseProcessingCost(m) "Base processing cost by layer ($/m3 output)"
 179                            /Primary 100, Secondary 50/
 180   
 181      productMarkup(p)      "Additional product-specific processing cost ($/m3 output)"
 182                            /CLT 150, Glulam 120, Lumber 20, Pulpwood -80/
 183   
 184      processingCost_y(p, y) "Processing cost over time ($/m3 output)"
 185      basePrice_y(p, y)      "Exogenous price path ($/m3)"
 186      demandCap_y(r,p,y)     "Max final demand served (MILLION m3/year)"
 187      baseDemand(r,p)        "Base final demand cap (MILLION m3/year)"
 188      cpValue(cpScen)        "Carbon price by scenario ($/tCO2)"
 189      demandCapBase(r,p,y)   "Stored baseline demand cap"
 190      demandShock(r,p,y)     "Stochastic demand multiplier by region/product/year"
 191      basePricePath(p,y)     "Frozen reference price path (before scenario shocks)";
 192   
 193  cpValue('cp0')   = 0;
 194  cpValue('cp50')  = 50;
 195  cpValue('cp100') = 100;
 196  cpValue('cp170') = 170;
 197  cpValue('cp250') = 250;
 198  cpValue('cp350') = 350;
 199  cpValue('cp500') = 500;
 200   
 201  * Processing cost: NO fake embedded lumber cost here
 202  processingCost_y(p, y) =
 203      (
 204        (baseProcessingCost('Primary')   + productMarkup(p))$(manufacturingTier(p)=1)
 205      + (baseProcessingCost('Secondary') + productMarkup(p))$(manufacturingTier(p)=2)
 206      ) * power(0.98, ord(y)-1);
 207   
 208  * Exogenous product prices grow 3% annually
 209  basePrice_y(p, y) = basePrice(p) * power(1.03, ord(y)-1);
 210   
 211  baseDemand(r,p) = 0;
 212   
 213  * Lumber demand
 214  baseDemand('Nipissing','Lumber') = 6.5;  baseDemand('Abitibi','Lumber') = 5.0;
 215  baseDemand('Algoma','Lumber')    = 4.5;  baseDemand('Algonquin','Lumber') = 4.0;
 216  baseDemand('TroutLake','Lumber') = 3.5;  baseDemand('Kenora','Lumber') = 2.5;
 217   
 218  * Pulpwood demand
 219  baseDemand('Nipissing','Pulpwood') = 7.0; baseDemand('Abitibi','Pulpwood') = 6.0;
 220  baseDemand('Algoma','Pulpwood')    = 5.0; baseDemand('Algonquin','Pulpwood') = 4.0;
 221  baseDemand('TroutLake','Pulpwood') = 3.0; baseDemand('Kenora','Pulpwood') = 2.0;
 222   
 223  * CLT / Glulam demand
 224  baseDemand(r,'CLT')    = 0.17;
 225  baseDemand(r,'Glulam') = 0.17;
 226   
 227  * Stochastic demand shock (market, policy) - makes harvestRW vary by year/region
 228  * Range ~0.88 to 1.12. Use --seed=N for reproducibility.
 229  LOOP((r,p,y),
 230      demandShock(r,p,y) = uniform(0.88, 1.12);
 231  );
 232  demandCap_y(r,p,y) = baseDemand(r,p) * power(1 + demandGrowth, ord(y)-1) * demandShock(r,p,y);
 233  demandCapBase(r,p,y) = demandCap_y(r,p,y);
 234  * Reference price path for price / coupled sensitivity (lumber shock only unless noted)
 235  basePricePath(p,y) = basePrice_y(p,y);
 236   
 237  * Demand-change multipliers (CLT/Glulam only; other p stay 1) — Michigan-style labels
 238  PARAMETER demDemandMult(demScen,p) "Multiplier on demandCap for demand scenarios";
 239  demDemandMult(demScen,p) = 1;
 240  * Baseline = base caps; D50 = +50% MT demand, ... D400 = +400%; DU10 = +10% (tune for "US share" story)
 241  demDemandMult('Baseline','CLT') = 1.00;  demDemandMult('Baseline','Glulam') = 1.00;
 242  demDemandMult('D50','CLT')      = 1.50;  demDemandMult('D50','Glulam')      = 1.50;
 243  demDemandMult('D100','CLT')     = 2.00;  demDemandMult('D100','Glulam')     = 2.00;
 244  demDemandMult('D200','CLT')     = 3.00;  demDemandMult('D200','Glulam')     = 3.00;
 245  demDemandMult('D300','CLT')     = 4.00;  demDemandMult('D300','Glulam')     = 4.00;
 246  demDemandMult('D400','CLT')     = 5.00;  demDemandMult('D400','Glulam')     = 5.00;
 247  demDemandMult('DU10','CLT')     = 1.10;  demDemandMult('DU10','Glulam')     = 1.10;
 248   
 249  * Lumber price multipliers (exogenous path for Lumber only; other products unchanged)
 250  PARAMETER prLumberMult(prScen) "Multiplier on basePricePath for Lumber";
 251  prLumberMult(prScen) = 1;
 252  prLumberMult('Pbase') = 1.00;
 253  prLumberMult('PD5')   = 0.95;
 254  prLumberMult('PI5')   = 1.05;
 255  prLumberMult('PD10')  = 0.90;
 256  prLumberMult('PI10')  = 1.10;
 257   
 258  * Coupled: MT demand (CLT/Glulam) + lumber price shock together
 259  PARAMETER cmDemandMult(cmScen,p) "Demand cap multiplier for coupled runs"
 260            cmLumberMult(cmScen)   "Lumber price multiplier for coupled runs";
 261  cmDemandMult(cmScen,p) = 1;
 262  cmDemandMult('CM_D100_PD5','CLT')    = 2.00;
 263  cmDemandMult('CM_D100_PD5','Glulam') = 2.00;
 264  cmLumberMult('CM_D100_PD5')          = 0.95;
 265  cmDemandMult('CM_D100_PI10','CLT')    = 2.00;
 266  cmDemandMult('CM_D100_PI10','Glulam') = 2.00;
 267  cmLumberMult('CM_D100_PI10')          = 1.10;
 268  cmDemandMult('CM_D200_PD10','CLT')    = 3.00;
 269  cmDemandMult('CM_D200_PD10','Glulam') = 3.00;
 270  cmLumberMult('CM_D200_PD10')          = 0.90;
 271   
 272  * =========================================================================
 273  * 5. TRANSPORT / LOGISTICS
 274  * =========================================================================
 275  TABLE transportBase(r,rr) "Transport cost proxy ($/m3)"
 276                  TroutLake Abitibi Algoma Kenora Nipissing Algonquin
 277      TroutLake       0        38      42     100      14         9
 278      Abitibi        26         0      35      75      25        32
 279      Algoma         31        28       0      60      31        38
 280      Kenora         79        61      49       0      79        87
 281      Nipissing      14        27      31      79       0         8
 282      Algonquin       9        34      38      87       8         0;
 283   
 284  PARAMETERS
 285      transportCost(r,rr,p)          "Transport cost by product ($/m3)"
 286      arcCap(r,rr,p,y)               "Arc capacity (MILLION m3/year) (shipments cannot exceed transport capacity)"
 287      millCap(r,p,y)                 "Mill output capacity (MILLION m3/year)"
 288      harvestCostRW                  "Harvest cost for roundwood ($/m3)"
 289      carbonEmissionFactor(p)        "Process emission factor (tCO2/m3 output)"
 290      carbonStorageFactor(p)         "Stored carbon factor (tCO2/m3 output)"
 291      transportEmissionFactor(r,rr,p) "Freight emission factor (tCO2/m3 shipped)";
 292   
 293  transportCost(r,rr,p)$(not sameas(r,rr)) = transportBase(r,rr);
 294   
 295  * Placeholder capacities: will be replace with real data when available
 296  arcCap(r,rr,p,y)$(not sameas(r,rr)) = 20;
 297   
 298  millCap(r,'Lumber',y)   = 10;
 299  millCap(r,'Pulpwood',y) = 10;
 300  millCap(r,'CLT',y)      = 1.0;
 301  millCap(r,'Glulam',y)   = 1.0;
 302   
 303  harvestCostRW = 38;
 304  harvestCost_y(r,y) = harvestCostRW * harvestCostShock(r,y);
 305   
 306  carbonEmissionFactor('CLT')      = 0.15;
 307  carbonEmissionFactor('Glulam')   = 0.17;
 308  carbonEmissionFactor('Lumber')   = 0.065;
 309  carbonEmissionFactor('Pulpwood') = 0.01;
 310   
 311  carbonStorageFactor('CLT')      = 0.7;
 312  carbonStorageFactor('Glulam')   = 0.7;
 313  carbonStorageFactor('Lumber')   = 0.4;
 314  carbonStorageFactor('Pulpwood') = 0.07;
 315   
 316  transportEmissionFactor(r,rr,p)$(not sameas(r,rr)) = 0.018;
 317   
 318  * =========================================================================
 319  * 6. VARIABLES
 320  * =========================================================================
 321  POSITIVE VARIABLES
 322      stockRW(r,y)          "Roundwood stock (MILLION m3)"
 323      harvestRW(r,y)        "Roundwood harvest (MILLION m3)"
 324      production(r,p,y)     "Output production (MILLION m3)"
 325      sales(r,p,y)          "Final sales / served demand (MILLION m3)"
 326      exports(r,rr,p,y)     "Interregional shipments (MILLION m3)"
 327      price(r,p,y)          "Price variable fixed to exogenous path ($/m3)"
 328      carbonStorage(r,p,y)  "Stored carbon (MtCO2 eq if factors are tCO2/m3 and quantities in million m3)"
 329      carbonEmission(r,p,y) "Emissions (MtCO2 eq)";
 330   
 331  VARIABLES
 332      Zprofit        "Net economic value before carbon cost (MILLION $)"
 333      Zemission      "Total carbon emissions (MtCO2 eq)"
 334      Zstorage       "Total stored carbon (MtCO2 eq)"
 335      ZnetCarbon     "Net carbon = emissions - storage (MtCO2 eq)"
 336      carbonCost     "Carbon cost (MILLION $)"
 337      obj            "Objective = Zprofit - carbonCost (MILLION $)"
 338      revenue        "Revenue (MILLION $)"
 339      harvestCostTot "Harvest cost (MILLION $)"
 340      procCostTot    "Processing cost (MILLION $)"
 341      transCostTot   "Transport cost (MILLION $)";
 342   
 343  * =========================================================================
 344  * 7. EQUATIONS
 345  * =========================================================================
 346  EQUATIONS
 347      stockBalanceRW(r,y)
 348      sustainabilityRW(r,y)
 349      roundwoodUseEq(r,y)
 350      millCapacityEq(r,p,y)
 351      demandCapEq(r,p,y)
 352      arcCapEq(r,rr,p,y)
 353      lumberBalance(r,y)
 354      pulpwoodBalance(r,y)
 355      cltBalance(r,y)
 356      glulamBalance(r,y)
 357      carbonStoreEq(r,p,y)
 358      carbonEmitEq(r,p,y)
 359      emissionEq
 360      storageEq
 361      netCarbonEq
 362      eCarbonCost
 363      revenueEq
 364      harvestCostEq
 365      procCostEq
 366      transCostEq
 367      profitEq
 368      scalarObjective;
 369   
 370  stockBalanceRW(r,y)..
 371      stockRW(r,y) =E=
 372            (initStockRW(r) - harvestRW(r,y))$(ord(y)=1)
 373          + (stockRW(r,y-1) + growthRW(r,y) - harvestRW(r,y))$(ord(y)>1);
 374   
 375  sustainabilityRW(r,y)..
 376      harvestRW(r,y) =L=
 377            maxHarvestRate(r) * initStockRW(r)$(ord(y)=1)
 378          + maxHarvestRate(r) * (stockRW(r,y-1) + growthRW(r,y))$(ord(y)>1);
 379   
 380  * Roundwood can only feed primary processing (Lumber + Pulpwood)
 381  roundwoodUseEq(r,y)..
 382        production(r,'Lumber',y)   / yieldFactor('Lumber')
 383      + production(r,'Pulpwood',y) / yieldFactor('Pulpwood')
 384      =L= harvestRW(r,y);
 385   
 386  millCapacityEq(r,p,y)..
 387      production(r,p,y) =L= millCap(r,p,y);
 388   
 389  demandCapEq(r,p,y)..
 390      sales(r,p,y) =L= demandCap_y(r,p,y);
 391   
 392  arcCapEq(r,rr,p,y)$(not sameas(r,rr))..
 393      exports(r,rr,p,y) =L= arcCap(r,rr,p,y);
 394   
 395  * Lumber balance: final lumber sales + lumber shipments + lumber used in CLT/Glulam
 396  lumberBalance(r,y)..
 397        production(r,'Lumber',y)
 398      + sum(rr$(not sameas(r,rr)), exports(rr,r,'Lumber',y))
 399      =E=
 400        sales(r,'Lumber',y)
 401      + sum(rr$(not sameas(r,rr)), exports(r,rr,'Lumber',y))
 402      + lumberInputPerUnit('CLT')    * production(r,'CLT',y)
 403      + lumberInputPerUnit('Glulam') * production(r,'Glulam',y);
 404   
 405  pulpwoodBalance(r,y)..
 406        production(r,'Pulpwood',y)
 407      + sum(rr$(not sameas(r,rr)), exports(rr,r,'Pulpwood',y))
 408      =E=
 409        sales(r,'Pulpwood',y)
 410      + sum(rr$(not sameas(r,rr)), exports(r,rr,'Pulpwood',y));
 411   
 412  cltBalance(r,y)..
 413        production(r,'CLT',y)
 414      + sum(rr$(not sameas(r,rr)), exports(rr,r,'CLT',y))
 415      =E=
 416        sales(r,'CLT',y)
 417      + sum(rr$(not sameas(r,rr)), exports(r,rr,'CLT',y));
 418   
 419  glulamBalance(r,y)..
 420        production(r,'Glulam',y)
 421      + sum(rr$(not sameas(r,rr)), exports(rr,r,'Glulam',y))
 422      =E=
 423        sales(r,'Glulam',y)
 424      + sum(rr$(not sameas(r,rr)), exports(r,rr,'Glulam',y));
 425   
 426  carbonStoreEq(r,p,y)..
 427      carbonStorage(r,p,y) =E= carbonStorageFactor(p) * production(r,p,y);
 428   
 429  carbonEmitEq(r,p,y)..
 430      carbonEmission(r,p,y) =E=
 431          carbonEmissionFactor(p) * production(r,p,y)
 432        + sum(rr$(not sameas(r,rr)), transportEmissionFactor(r,rr,p) * exports(r,rr,p,y));
 433   
 434  emissionEq..
 435      Zemission =E= sum((r,p,y), carbonEmission(r,p,y));
 436   
 437  storageEq..
 438      Zstorage =E= sum((r,p,y), carbonStorage(r,p,y));
 439   
 440  netCarbonEq..
 441      ZnetCarbon =E= Zemission - Zstorage;
 442   
 443  * Carbon charge on gross emissions only (ZnetCarbon still available for reporting)
 444  eCarbonCost..
 445      carbonCost =E= carbonPrice * Zemission;
 446   
 447  revenueEq..
 448      revenue =E= sum((r,p,y), price(r,p,y) * sales(r,p,y));
 449   
 450  harvestCostEq..
 451      harvestCostTot =E= sum((r,y), harvestCost_y(r,y) * harvestRW(r,y));
 452   
 453  procCostEq..
 454      procCostTot =E= sum((r,p,y), processingCost_y(p,y) * production(r,p,y));
 455   
 456  transCostEq..
 457      transCostTot =E= sum((r,rr,p,y)$(not sameas(r,rr)), transportCost(r,rr,p) * exports(r,rr,p,y));
 458   
 459  profitEq..
 460      Zprofit =E= revenue - harvestCostTot - procCostTot - transCostTot;
 461   
 462  scalarObjective..
 463      obj =E= Zprofit - carbonCost;
 464   
 465  * =========================================================================
 466  * 8. BOUNDS / FIXED PRICES / INITIAL LEVELS
 467  * =========================================================================
 468  * Fix prices to the exogenous 3% growth path
 469  price.fx(r,p,y) = basePrice_y(p,y);
 470   
 471  * No within-region shipments
 472  exports.fx(r,r,p,y) = 0;
 473   
 474  * Keep some stock floor in 2025 if you want a policy constraint
 475  stockRW.lo(r,y)$(y.val >= 2025) = 0.5 * initStockRW(r);
 476   
 477  * Starting levels
 478  stockRW.l(r,y)      = initStockRW(r);
 479  harvestRW.l(r,y)    = maxHarvestRate(r) * initStockRW(r);
 480  production.l(r,p,y) = 0.25 * demandCap_y(r,p,y);
 481  sales.l(r,p,y)      = 0.25 * demandCap_y(r,p,y);
 482  exports.l(r,rr,p,y)$(not sameas(r,rr)) = 0;
 483   
 484  * =========================================================================
 485  * 9. MODEL AND SOLVE
 486  * =========================================================================
 487  MODEL ForestCP /
 488      stockBalanceRW, sustainabilityRW, roundwoodUseEq,
 489      millCapacityEq, demandCapEq, arcCapEq,
 490      lumberBalance, pulpwoodBalance, cltBalance, glulamBalance,
 491      carbonStoreEq, carbonEmitEq,
 492      emissionEq, storageEq, netCarbonEq, eCarbonCost,
 493      revenueEq, harvestCostEq, procCostEq, transCostEq,
 494      profitEq, scalarObjective
 495  /;
 496   
 497  SOLVE ForestCP USING NLP MAXIMIZING obj;
 498   
 499  * =========================================================================
 500  * 10. REPORTING
 501  * =========================================================================
 502  PARAMETER
 503      tierMetrics(r,m,met,y)      "Manufacturing layer metrics"
 504      productChainCost(p,comp,y)  "Product cost breakdown"
 505      revRPY(r,p,y)               "Revenue by region/product/year (MILLION $)"
 506      revR(r)                     "Total revenue by region (MILLION $)"
 507      rev2025(r)                  "Revenue by region in 2025 (MILLION $)"
 508      sensSummary(cpScen,outMet)  "Carbon-price sensitivity summary"
 509      sensForPlot(cpScen,*)       "Chart-ready carbon sensitivity table"
 510      sensBase(outMet)            "Carbon sensitivity baseline values at cp170"
 511      sensDelta(cpScen,outMet,chgMet) "Carbon sensitivity delta vs cp170"
 512      demSummary(demScen,outMet)    "Demand-scenario full metrics (at reference carbon price)"
 513      demForChart(demScen,demCol)   "Chart-ready demand sensitivity (D50-style labels)"
 514      demSensBase(outMet)           "Demand sensitivity baseline = Baseline demScen"
 515      demSensDelta(demScen,outMet,chgMet) "Demand delta vs Baseline demScen"
 516      demTableQty(demScen,r) "Mass timber CLT+Glulam, sum over years (1000 m3)"
 517      demTableRev(demScen,r) "Direct output CLT+Glulam sales revenue, sum over years (MILLION $)"
 518      demObj(demScen)       "Objective after each demand scenario (MILLION $)"
 519      demTotQty(demScen)    "Total mass-timber qty all regions (1000 m3)"
 520      demTotRev(demScen)    "Total CLT+Glulam revenue all regions (MILLION $)"
 521      demForPlot(demScen,*) "Compact demand-sensitivity table for DISPLAY"
 522      prTableQty(prScen,r)  "Price sens: mass timber qty sum years (1000 m3)"
 523      prTableRev(prScen,r)   "Price sens: CLT+Glulam revenue sum years (MILLION $)"
 524      prObj(prScen)          "Price sens: objective (MILLION $)"
 525      prTotQty(prScen)       "Price sens: total MT qty all regions (1000 m3)"
 526      prTotRev(prScen)       "Price sens: total MT rev (MILLION $)"
 527      prForPlot(prScen,*)    "Compact price-sensitivity table"
 528      cmTableQty(cmScen,r)   "Coupled: mass timber qty (1000 m3)"
 529      cmTableRev(cmScen,r)   "Coupled: CLT+Glulam rev (MILLION $)"
 530      cmObj(cmScen)          "Coupled: objective (MILLION $)"
 531      cmTotQty(cmScen)       "Coupled: total MT qty (1000 m3)"
 532      cmTotRev(cmScen)       "Coupled: total MT rev (MILLION $)"
 533      cmForPlot(cmScen,*)    "Compact coupled-sensitivity table"
 534      pubSummaryTab(pubRow,tabSumCol)"Policy table"
 535      regionalHarvestDem(demScen,r,y) "Roundwood harvest M m3/yr by demand scenario (D50..), region, year — filled in SS10b loop; MNR harvest response to MT demand shocks";
 536   
 537  tierMetrics(r,m,'Production',y) =
 538      sum(p$(manufacturingTier(p)=ord(m)), production.l(r,p,y));
 539   
 540  tierMetrics(r,m,'Revenue',y) =
 541      sum(p$(manufacturingTier(p)=ord(m)), price.l(r,p,y) * sales.l(r,p,y));
 542   
 543  tierMetrics(r,m,'ProcessingCost',y) =
 544      sum(p$(manufacturingTier(p)=ord(m)), processingCost_y(p,y) * production.l(r,p,y));
 545   
 546  productChainCost(p,'BaseProcessing',y) =
 547        baseProcessingCost('Primary')$(manufacturingTier(p)=1)
 548      + baseProcessingCost('Secondary')$(manufacturingTier(p)=2);
 549   
 550  productChainCost(p,'ProductMarkup',y) = productMarkup(p);
 551  productChainCost(p,'LumberInputCost',y) = basePrice_y('Lumber',y) * lumberInputPerUnit(p);
 552  productChainCost(p,'Total',y) = processingCost_y(p,y);
 553   
 554  revRPY(r,p,y) = price.l(r,p,y) * sales.l(r,p,y);
 555  revR(r)       = sum((p,y), revRPY(r,p,y));
 556  rev2025(r)    = sum(p, revRPY(r,p,'2025'));
 557   
 558  DISPLAY
 559      obj.l, Zprofit.l, Zemission.l, carbonCost.l,
 560      tierMetrics,
 561      price.l, stockRW.l, harvestRW.l, production.l, exports.l, sales.l,
 562      revenue.l, harvestCostTot.l, procCostTot.l, transCostTot.l,
 563      revR, rev2025, tierMetrics;
 564   
 565  * =========================================================================
 566  * 10b. DEMAND CHANGE — TABLE BY SIX REGIONS (mass timber qty + direct $)
 567  *     Qty: model is MILLION m3 -> multiply sum by 1000 for 1000 m3 units
 568  *     Solves use solprint=off so .lst is not buried in pages of solver output
 569  *     carbonPrice fixed to cp170 here so demSummary aligns with BaselineRef carbon policy
 570  *     regionalHarvestDem(demScen,r,y): behavioral harvest path per demand shock (Baseline,D50,...)
 571  * =========================================================================
 572  OPTION solprint=off, limrow=0, limcol=0;
 573  carbonPrice = cpValue('cp170');
 574  put_utility 'log' / '=== Starting demand sensitivity (demScen loop) ===';
 575  LOOP(demScen,
 576      demandCap_y(r,p,y) = demandCapBase(r,p,y) * demDemandMult(demScen,p);
 577      SOLVE ForestCP USING NLP MAXIMIZING obj;
 578      demObj(demScen) = obj.l;
 579      demTableQty(demScen,r) =
 580          sum(y, production.l(r,'CLT',y) + production.l(r,'Glulam',y)) * 1000;
 581      demTableRev(demScen,r) =
 582          sum(y, price.l(r,'CLT',y) * sales.l(r,'CLT',y)
 583                + price.l(r,'Glulam',y) * sales.l(r,'Glulam',y));
 584      demSummary(demScen,'Obj')             = obj.l;
 585      demSummary(demScen,'Zprofit')         = Zprofit.l;
 586      demSummary(demScen,'Zemission')       = Zemission.l;
 587      demSummary(demScen,'CarbonStorage')   = Zstorage.l;
 588      demSummary(demScen,'NetCarbon')       = ZnetCarbon.l;
 589      demSummary(demScen,'CarbonCost')      = carbonCost.l;
 590      demSummary(demScen,'Revenue')         = revenue.l;
 591      demSummary(demScen,'HarvestCost')     = harvestCostTot.l;
 592      demSummary(demScen,'ProcCost')        = procCostTot.l;
 593      demSummary(demScen,'TransCost')       = transCostTot.l;
 594      demSummary(demScen,'TotalHarvest')    = sum((r,y), harvestRW.l(r,y));
 595      demSummary(demScen,'TotalProduction') = sum((r,p,y), production.l(r,p,y));
 596      demSummary(demScen,'TotalSales')      = sum((r,p,y), sales.l(r,p,y));
 597      regionalHarvestDem(demScen,r,y)       = harvestRW.l(r,y);
 598  );
 599  * NetCarbon delta / % vs Baseline demand (same cp170); shows policy lever when primal is fixed under carbon tax
 600  LOOP(demScen,
 601      demSummary(demScen,'NetCarbDel') = demSummary(demScen,'NetCarbon') - demSummary('Baseline','NetCarbon');
 602  );
 603  LOOP(demScen,
 604      demSummary(demScen,'NetCarbPct')$(abs(demSummary('Baseline','NetCarbon')) > 1e-6)
 605          = 100 * demSummary(demScen,'NetCarbDel') / abs(demSummary('Baseline','NetCarbon'));
 606  );
 607  demSummary(demScen,'NetCarbPct')$(abs(demSummary('Baseline','NetCarbon')) <= 1e-6) = 0;
 608   
 609  demTotQty(demScen) = sum(r, demTableQty(demScen,r));
 610  demTotRev(demScen) = sum(r, demTableRev(demScen,r));
 611  demForPlot(demScen,'CLTmult')   = demDemandMult(demScen,'CLT');
 612  demForPlot(demScen,'TotQty1k')  = demTotQty(demScen);
 613  demForPlot(demScen,'TotRevM')   = demTotRev(demScen);
 614  demForPlot(demScen,'Obj')       = demObj(demScen);
 615   
 616  demForChart(demScen,'DemandMultiplierCLTGlulam') = demDemandMult(demScen,'CLT');
 617  demForChart(demScen,'Obj')             = demSummary(demScen,'Obj');
 618  demForChart(demScen,'Zprofit')         = demSummary(demScen,'Zprofit');
 619  demForChart(demScen,'Zemission')       = demSummary(demScen,'Zemission');
 620  demForChart(demScen,'CarbonCost')      = demSummary(demScen,'CarbonCost');
 621  demForChart(demScen,'Revenue')         = demSummary(demScen,'Revenue');
 622  demForChart(demScen,'HarvestCost')     = demSummary(demScen,'HarvestCost');
 623  demForChart(demScen,'ProcCost')        = demSummary(demScen,'ProcCost');
 624  demForChart(demScen,'TransCost')       = demSummary(demScen,'TransCost');
 625  demForChart(demScen,'TotalHarvest')    = demSummary(demScen,'TotalHarvest');
 626  demForChart(demScen,'TotalProduction') = demSummary(demScen,'TotalProduction');
 627  demForChart(demScen,'TotalSales')      = demSummary(demScen,'TotalSales');
 628   
 629  demSensBase(outMet) = demSummary('Baseline',outMet);
 630  demSensDelta(demScen,outMet,'AbsChange') = demSummary(demScen,outMet) - demSensBase(outMet);
 631  demSensDelta(demScen,outMet,'PctChange')$demSensBase(outMet) = 100 * demSensDelta(demScen,outMet,'AbsChange') / demSensBase(outMet);
 632   
 633  put_utility 'log' / '=== Demand sensitivity: search .lst for demTableQty / demForPlot ===';
 634  demandCap_y(r,p,y) = demandCapBase(r,p,y);
 635  * Re-solve baseline so exports and carbon loop start from baseline levels
 636  SOLVE ForestCP USING NLP MAXIMIZING obj;
 637  tierMetrics(r,m,'Production',y) =
 638      sum(p$(manufacturingTier(p)=ord(m)), production.l(r,p,y));
 639  tierMetrics(r,m,'Revenue',y) =
 640      sum(p$(manufacturingTier(p)=ord(m)), price.l(r,p,y) * sales.l(r,p,y));
 641  tierMetrics(r,m,'ProcessingCost',y) =
 642      sum(p$(manufacturingTier(p)=ord(m)), processingCost_y(p,y) * production.l(r,p,y));
 643  revRPY(r,p,y) = price.l(r,p,y) * sales.l(r,p,y);
 644  revR(r)       = sum((p,y), revRPY(r,p,y));
 645  rev2025(r)    = sum(p, revRPY(r,p,'2025'));
 646   
 647  * =========================================================================
 648  * 10b1. REGIONAL HARVEST BY YEAR — BY DEMAND SCENARIO (MNR / policy tables)
 649  *     One matrix per demScen (Baseline, D50, D100, ...) from SS10b solves.
 650  *     demandCap_y = demandCapBase * demDemandMult (MT demand shock); demandCapBase
 651  *     embeds stochastic demandShock(r,p,y). Also harvestCostShock, growthShock.
 652  *     carbonPrice = 170 throughout SS10b. Units: MILLION m3 per year (not cumulative).
 653  * =========================================================================
 654  DISPLAY regionalHarvestDem;
 655   
 656  file hrvrep / 'output/regional_harvest_by_year_demand_scenarios.txt' /;
 657  hrvrep.pc = 5;
 658  hrvrep.nd = 12;
 659  put hrvrep;
 660  put 'Regional roundwood harvest by year — BY DEMAND SCENARIO (MILLION m3 per year)'/;
 661  put 'Each block = equilibrium after solving with that demScen (CLT/Glulam cap multipliers)'/;
 662  put 'Underlying caps: demandCapBase * demDemandMult; demandCapBase includes demandShock(r,p,y)'/;
 663  put 'Other variability: harvestCostShock(r,y), growthShock(r,y). Carbon price = 170 $/tCO2.'/;
 664  put 'Reproducibility: gams SA13.gms --seed=<integer>'/;
 665  put /;
 666  loop(demScen,
 667      put '=== Demand scenario: ' demScen.tl
 668          '  CLT mult ' demDemandMult(demScen,'CLT'):8:4 /;
 669      put 'Region':20;
 670      loop(y,
 671          put y.tl:10;
 672      );
 673      put /;
 674      loop(r,
 675          put r.tl:20;
 676          loop(y,
 677              put regionalHarvestDem(demScen,r,y):10:4;
 678          );
 679          put /;
 680      );
 681      put '  Horizon sum by region (M m3):'/;
 682      loop(r,
 683          put '    ' r.tl:18;
 684          put sum(y, regionalHarvestDem(demScen,r,y)):12:4 /;
 685      );
 686      put /;
 687  );
 688  putclose hrvrep;
 689  put_utility 'log' / 'Wrote output/regional_harvest_by_year_demand_scenarios.txt';
 690   
 691  file hrvcsv / 'output/regional_harvest_by_year_demand_scenarios_long.csv' /;
 692  hrvcsv.pc = 5;
 693  put hrvcsv;
 694  put 'demScen,CLT_cap_mult,Region,Year,Harvest_Mm3_per_year'/;
 695  loop(demScen,
 696      loop(r,
 697          loop(y,
 698              put demScen.tl;
 699              put ',';
 700              put demDemandMult(demScen,'CLT'):0:6;
 701              put ',';
 702              put r.tl;
 703              put ',';
 704              put y.tl;
 705              put ',';
 706              put regionalHarvestDem(demScen,r,y):0:8;
 707              put /;
 708          );
 709      );
 710  );
 711  putclose hrvcsv;
 712  put_utility 'log' / 'Wrote output/regional_harvest_by_year_demand_scenarios_long.csv';
 713   
 714  Execute_Unload "output/RegionalHarvestByYear.gdx", demScen, r, y, regionalHarvestDem, demDemandMult;
 715  put_utility 'log' / 'Wrote output/RegionalHarvestByYear.gdx';
 716   
 717  * One DISPLAY block — search .lst for "demTableQty", "demSummary", or "demForPlot"
 718  DISPLAY demDemandMult, demForPlot, demTotQty, demTotRev, demObj, demTableQty, demTableRev;
 719  DISPLAY demSummary, demForChart;
 720  DISPLAY demSensBase, demSensDelta;
 721   
 722  file demrep / 'output/demand_sensitivity_report.txt' /;
 723  demrep.pc = 5;
 724  demrep.nd = 12;
 725  put demrep;
 726  put 'Demand sensitivity - mass timber (CLT+Glulam), 6 regions, sum over years'/;
 727  put 'Qty = 1000 m3 ; Rev = MILLION $'/;
 728  put /;
 729  loop(demScen,
 730      put 'Scenario: ' demScen.tl /;
 731      put '  CLT mult ' demDemandMult(demScen,'CLT'):12:4
 732          '  Obj ' demObj(demScen):12:4
 733          '  TotQty(1000m3) ' demTotQty(demScen):12:2
 734          '  TotRev(M$) ' demTotRev(demScen):12:4 /;
 735      loop(r,
 736          put '  ' r.tl:12
 737              ' Qty ' demTableQty(demScen,r):12:2
 738              ' Rev ' demTableRev(demScen,r):12:4 /;
 739      );
 740      put /;
 741  );
 742  putclose demrep;
 743  put_utility 'log' / 'Wrote output/demand_sensitivity_report.txt';
 744   
 745  Execute_Unload "output/DemandChangeByRegion.gdx",
 746      demScen, demDemandMult, demTableQty, demTableRev,
 747      demObj, demTotQty, demTotRev, demForPlot,
 748      demSummary, demForChart, demSensBase, demSensDelta,
 749      regionalHarvestDem;
 750   
 751  * =========================================================================
 752  * 10c. LUMBER PRICE SENSITIVITY — same regional MT table as demand block
 753  * =========================================================================
 754  put_utility 'log' / '=== Starting lumber price sensitivity (prScen) ===';
 755  LOOP(prScen,
 756      demandCap_y(r,p,y) = demandCapBase(r,p,y);
 757      basePrice_y(p,y) = basePricePath(p,y);
 758      basePrice_y('Lumber',y) = basePricePath('Lumber',y) * prLumberMult(prScen);
 759      price.fx(r,p,y) = basePrice_y(p,y);
 760      SOLVE ForestCP USING NLP MAXIMIZING obj;
 761      prObj(prScen) = obj.l;
 762      prTableQty(prScen,r) =
 763          sum(y, production.l(r,'CLT',y) + production.l(r,'Glulam',y)) * 1000;
 764      prTableRev(prScen,r) =
 765          sum(y, price.l(r,'CLT',y) * sales.l(r,'CLT',y)
 766                + price.l(r,'Glulam',y) * sales.l(r,'Glulam',y));
 767  );
 768  prTotQty(prScen) = sum(r, prTableQty(prScen,r));
 769  prTotRev(prScen) = sum(r, prTableRev(prScen,r));
 770  prForPlot(prScen,'LumberMult') = prLumberMult(prScen);
 771  prForPlot(prScen,'TotQty1k')   = prTotQty(prScen);
 772  prForPlot(prScen,'TotRevM')    = prTotRev(prScen);
 773  prForPlot(prScen,'Obj')        = prObj(prScen);
 774  basePrice_y(p,y) = basePricePath(p,y);
 775  price.fx(r,p,y) = basePrice_y(p,y);
 776  demandCap_y(r,p,y) = demandCapBase(r,p,y);
 777  SOLVE ForestCP USING NLP MAXIMIZING obj;
 778  tierMetrics(r,m,'Production',y) =
 779      sum(p$(manufacturingTier(p)=ord(m)), production.l(r,p,y));
 780  tierMetrics(r,m,'Revenue',y) =
 781      sum(p$(manufacturingTier(p)=ord(m)), price.l(r,p,y) * sales.l(r,p,y));
 782  tierMetrics(r,m,'ProcessingCost',y) =
 783      sum(p$(manufacturingTier(p)=ord(m)), processingCost_y(p,y) * production.l(r,p,y));
 784  revRPY(r,p,y) = price.l(r,p,y) * sales.l(r,p,y);
 785  revR(r)       = sum((p,y), revRPY(r,p,y));
 786  rev2025(r)    = sum(p, revRPY(r,p,'2025'));
 787   
 788  DISPLAY prLumberMult, prForPlot, prTotQty, prTotRev, prObj, prTableQty, prTableRev;
 789   
 790  file prrep / 'output/price_sensitivity_report.txt' /;
 791  prrep.pc = 5;
 792  prrep.nd = 12;
 793  put prrep;
 794  put 'Lumber price sensitivity - mass timber (CLT+Glulam), 6 regions, sum over years'/;
 795  put 'Qty = 1000 m3 ; Rev = MILLION $ ; LumberMult = shock to lumber price path'/;
 796  put /;
 797  loop(prScen,
 798      put 'Scenario: ' prScen.tl /;
 799      put '  LumberMult ' prLumberMult(prScen):12:4
 800          '  Obj ' prObj(prScen):12:4
 801          '  TotQty(1000m3) ' prTotQty(prScen):12:2
 802          '  TotRev(M$) ' prTotRev(prScen):12:4 /;
 803      loop(r,
 804          put '  ' r.tl:12
 805              ' Qty ' prTableQty(prScen,r):12:2
 806              ' Rev ' prTableRev(prScen,r):12:4 /;
 807      );
 808      put /;
 809  );
 810  putclose prrep;
 811  put_utility 'log' / 'Wrote output/price_sensitivity_report.txt';
 812   
 813  Execute_Unload "output/PriceChangeByRegion.gdx",
 814      prScen, prLumberMult, prTableQty, prTableRev,
 815      prObj, prTotQty, prTotRev, prForPlot;
 816   
 817  * =========================================================================
 818  * 10d. COUPLED SENSITIVITY — MT demand shift + lumber price shock together
 819  * =========================================================================
 820  put_utility 'log' / '=== Starting coupled sensitivity (cmScen) ===';
 821  LOOP(cmScen,
 822      demandCap_y(r,p,y) = demandCapBase(r,p,y) * cmDemandMult(cmScen,p);
 823      basePrice_y(p,y) = basePricePath(p,y);
 824      basePrice_y('Lumber',y) = basePricePath('Lumber',y) * cmLumberMult(cmScen);
 825      price.fx(r,p,y) = basePrice_y(p,y);
 826      SOLVE ForestCP USING NLP MAXIMIZING obj;
 827      cmObj(cmScen) = obj.l;
 828      cmTableQty(cmScen,r) =
 829          sum(y, production.l(r,'CLT',y) + production.l(r,'Glulam',y)) * 1000;
 830      cmTableRev(cmScen,r) =
 831          sum(y, price.l(r,'CLT',y) * sales.l(r,'CLT',y)
 832                + price.l(r,'Glulam',y) * sales.l(r,'Glulam',y));
 833  );
 834  cmTotQty(cmScen) = sum(r, cmTableQty(cmScen,r));
 835  cmTotRev(cmScen) = sum(r, cmTableRev(cmScen,r));
 836  cmForPlot(cmScen,'CLTmult')     = cmDemandMult(cmScen,'CLT');
 837  cmForPlot(cmScen,'LumberMult')  = cmLumberMult(cmScen);
 838  cmForPlot(cmScen,'TotQty1k')    = cmTotQty(cmScen);
 839  cmForPlot(cmScen,'TotRevM')     = cmTotRev(cmScen);
 840  cmForPlot(cmScen,'Obj')         = cmObj(cmScen);
 841  demandCap_y(r,p,y) = demandCapBase(r,p,y);
 842  basePrice_y(p,y) = basePricePath(p,y);
 843  price.fx(r,p,y) = basePrice_y(p,y);
 844  SOLVE ForestCP USING NLP MAXIMIZING obj;
 845  tierMetrics(r,m,'Production',y) =
 846      sum(p$(manufacturingTier(p)=ord(m)), production.l(r,p,y));
 847  tierMetrics(r,m,'Revenue',y) =
 848      sum(p$(manufacturingTier(p)=ord(m)), price.l(r,p,y) * sales.l(r,p,y));
 849  tierMetrics(r,m,'ProcessingCost',y) =
 850      sum(p$(manufacturingTier(p)=ord(m)), processingCost_y(p,y) * production.l(r,p,y));
 851  revRPY(r,p,y) = price.l(r,p,y) * sales.l(r,p,y);
 852  revR(r)       = sum((p,y), revRPY(r,p,y));
 853  rev2025(r)    = sum(p, revRPY(r,p,'2025'));
 854   
 855  DISPLAY cmDemandMult, cmLumberMult, cmForPlot, cmTotQty, cmTotRev, cmObj, cmTableQty, cmTableRev;
 856   
 857  file cmrep / 'output/coupled_sensitivity_report.txt' /;
 858  cmrep.pc = 5;
 859  cmrep.nd = 12;
 860  put cmrep;
 861  put 'Coupled sensitivity - MT demand (CLT+Glulam) x lumber price, 6 regions'/;
 862  put /;
 863  loop(cmScen,
 864      put 'Scenario: ' cmScen.tl /;
 865      put '  CLTdemMult ' cmDemandMult(cmScen,'CLT'):12:4
 866          '  LumberMult ' cmLumberMult(cmScen):12:4
 867          '  Obj ' cmObj(cmScen):12:4
 868          '  TotQty ' cmTotQty(cmScen):12:2
 869          '  TotRev ' cmTotRev(cmScen):12:4 /;
 870      loop(r,
 871          put '  ' r.tl:12
 872              ' Qty ' cmTableQty(cmScen,r):12:2
 873              ' Rev ' cmTableRev(cmScen,r):12:4 /;
 874      );
 875      put /;
 876  );
 877  putclose cmrep;
 878  put_utility 'log' / 'Wrote output/coupled_sensitivity_report.txt';
 879   
 880  Execute_Unload "output/CoupledSensitivityByRegion.gdx",
 881      cmScen, cmDemandMult, cmLumberMult, cmTableQty, cmTableRev,
 882      cmObj, cmTotQty, cmTotRev, cmForPlot;
 883   
 884  * =========================================================================
 885  * 11. EXPORTS
 886  * =========================================================================
 887  Execute_Unload "ForestResults.gdx",
 888      obj, Zprofit, Zemission, carbonCost,
 889      price, stockRW, harvestRW, production, exports, sales,
 890      revenue, harvestCostTot, procCostTot, transCostTot,
 891      revR, rev2025, tierMetrics;
 892   
 893  Execute "gdx2csv ForestResults.gdx";
 894   
 895  Execute_Unload "output/ForestResults.gdx",
 896      obj, Zprofit, Zemission, carbonCost,
 897      price, stockRW, harvestRW, production, exports, sales,
 898      revenue, harvestCostTot, procCostTot, transCostTot,
 899      revR, rev2025,CAI_Region, regionArea, tierMetrics;
 900   
 901  Execute "gdx2csv output/ForestResults.gdx output=output/results_summary.csv";
 902   
 903  * =========================================================================
 904  * 12. CARBON PRICE SENSITIVITY
 905  * =========================================================================
 906  LOOP(cpScen,
 907      carbonPrice = cpValue(cpScen);
 908      SOLVE ForestCP USING NLP MAXIMIZING obj;
 909   
 910      sensSummary(cpScen,'Obj')             = obj.l;
 911      sensSummary(cpScen,'Zprofit')         = Zprofit.l;
 912      sensSummary(cpScen,'Zemission')       = Zemission.l;
 913      sensSummary(cpScen,'CarbonStorage')   = Zstorage.l;
 914      sensSummary(cpScen,'NetCarbon')       = ZnetCarbon.l;
 915      sensSummary(cpScen,'CarbonCost')      = carbonCost.l;
 916      sensSummary(cpScen,'Revenue')         = revenue.l;
 917      sensSummary(cpScen,'HarvestCost')     = harvestCostTot.l;
 918      sensSummary(cpScen,'ProcCost')        = procCostTot.l;
 919      sensSummary(cpScen,'TransCost')       = transCostTot.l;
 920      sensSummary(cpScen,'TotalHarvest')    = sum((r,y), harvestRW.l(r,y));
 921      sensSummary(cpScen,'TotalProduction') = sum((r,p,y), production.l(r,p,y));
 922      sensSummary(cpScen,'TotalSales')      = sum((r,p,y), sales.l(r,p,y));
 923  );
 924  * NetCarbon delta / % vs cp170 — shows emissions/storage components move with Obj even when NetCarbon is unchanged
 925  LOOP(cpScen,
 926      sensSummary(cpScen,'NetCarbDel') = sensSummary(cpScen,'NetCarbon') - sensSummary('cp170','NetCarbon');
 927  );
 928  LOOP(cpScen,
 929      sensSummary(cpScen,'NetCarbPct')$(abs(sensSummary('cp170','NetCarbon')) > 1e-6)
 930          = 100 * sensSummary(cpScen,'NetCarbDel') / abs(sensSummary('cp170','NetCarbon'));
 931  );
 932  sensSummary(cpScen,'NetCarbPct')$(abs(sensSummary('cp170','NetCarbon')) <= 1e-6) = 0;
 933   
 934  sensForPlot(cpScen,'CarbonPrice')     = cpValue(cpScen);
 935  sensForPlot(cpScen,'Obj')             = sensSummary(cpScen,'Obj');
 936  sensForPlot(cpScen,'Zprofit')         = sensSummary(cpScen,'Zprofit');
 937  sensForPlot(cpScen,'Zemission')       = sensSummary(cpScen,'Zemission');
 938  sensForPlot(cpScen,'CarbonCost')      = sensSummary(cpScen,'CarbonCost');
 939  sensForPlot(cpScen,'Revenue')         = sensSummary(cpScen,'Revenue');
 940  sensForPlot(cpScen,'HarvestCost')     = sensSummary(cpScen,'HarvestCost');
 941  sensForPlot(cpScen,'ProcCost')        = sensSummary(cpScen,'ProcCost');
 942  sensForPlot(cpScen,'TransCost')       = sensSummary(cpScen,'TransCost');
 943  sensForPlot(cpScen,'TotalHarvest')    = sensSummary(cpScen,'TotalHarvest');
 944  sensForPlot(cpScen,'TotalProduction') = sensSummary(cpScen,'TotalProduction');
 945  sensForPlot(cpScen,'TotalSales')      = sensSummary(cpScen,'TotalSales');
 946   
 947  sensBase(outMet) = sensSummary('cp170',outMet);
 948  sensDelta(cpScen,outMet,'AbsChange') = sensSummary(cpScen,outMet) - sensBase(outMet);
 949  sensDelta(cpScen,outMet,'PctChange')$sensBase(outMet) = 100 * sensDelta(cpScen,outMet,'AbsChange') / sensBase(outMet);
 950   
 951  DISPLAY cpValue, sensSummary, sensForPlot;
 952  DISPLAY sensBase, sensDelta;
 953   
 954  * =========================================================================
 955  * 13. PUBLICATION SUMMARY TABLE -> LaTeX rows + CSV (Obj, emissions, storage, net C, deltas, harvest)
 956  * =========================================================================
 957  pubSummaryTab(pubRow, tabSumCol) = 0;
 958  LOOP((pubRow, cpScen)$pubCarbRow(pubRow, cpScen),
 959      pubSummaryTab(pubRow, tabSumCol) = sensSummary(cpScen, tabSumCol);
 960  );
 961  LOOP((pubRow, demScen)$pubDemRow(pubRow, demScen),
 962      pubSummaryTab(pubRow, tabSumCol) = demSummary(demScen, tabSumCol);
 963  );
 964   
 965  DISPLAY pubSummaryTab;
 966   
 967  file fltx / 'output/summary_table_body.tex' /;
 968  fltx.pc = 5;
 969  put fltx;
 970  put '% Auto-generated from SA13.gms — paste inside tabular after \midrule'/;
 971  put '% Cols: Obj; Zemission; CarbonStorage (Zstorage); NetCarbon; $\Delta$NetC \& \% vs cp170 (carb) or Baseline (dem); TotHarvest'/;
 972  put '% NetCarbon (Mt) = Zemission$-$Zstorage (narrow product/transport accounting).'/;
 973  put '% --- Carbon price scenarios (cpScen); baseline demand caps ---'/;
 974  LOOP((pubRow, cpScen)$pubCarbRow(pubRow, cpScen),
 975      put 'Carbon price ';
 976      put cpScen.tl;
 977      put ' (\$/tCO2) & ';
 978      put pubSummaryTab(pubRow, 'Obj'):0:2;
 979      put ' & ';
 980      put pubSummaryTab(pubRow, 'Zemission'):0:3;
 981      put ' & ';
 982      put pubSummaryTab(pubRow, 'CarbonStorage'):0:3;
 983      put ' & ';
 984      put pubSummaryTab(pubRow, 'NetCarbon'):0:3;
 985      put ' & ';
 986      put pubSummaryTab(pubRow, 'NetCarbDel'):0:3;
 987      put ' & ';
 988      put pubSummaryTab(pubRow, 'NetCarbPct'):0:2;
 989      put ' & ';
 990      put pubSummaryTab(pubRow, 'TotalHarvest'):0:2;
 991      put ' ';
 992      put '\';
 993      put '\';
 994      put /;
 995  );
 996  put '% --- Demand scenarios (demScen); carbon price = 170 \$/tCO2 (see \S10b) ---'/;
 997  LOOP((pubRow, demScen)$pubDemRow(pubRow, demScen),
 998      put 'Demand ';
 999      put demScen.tl;
1000      put ' (MT cap mult.) & ';
1001      put pubSummaryTab(pubRow, 'Obj'):0:2;
1002      put ' & ';
1003      put pubSummaryTab(pubRow, 'Zemission'):0:3;
1004      put ' & ';
1005      put pubSummaryTab(pubRow, 'CarbonStorage'):0:3;
1006      put ' & ';
1007      put pubSummaryTab(pubRow, 'NetCarbon'):0:3;
1008      put ' & ';
1009      put pubSummaryTab(pubRow, 'NetCarbDel'):0:3;
1010      put ' & ';
1011      put pubSummaryTab(pubRow, 'NetCarbPct'):0:2;
1012      put ' & ';
1013      put pubSummaryTab(pubRow, 'TotalHarvest'):0:2;
1014      put ' ';
1015      put '\';
1016      put '\';
1017      put /;
1018  );
1019  putclose fltx;
1020   
1021  file fcsv / 'output/summary_public_table.csv' /;
1022  fcsv.pc = 5;
1023  put fcsv;
1024  put 'Block,Scenario,Obj_MUSD,Zemission_Mt,CarbonStorage_Mt,NetCarbon_Mt,NetCarbDelta_Mt,NetCarbPct_vs_ref,TotalHarvest_Mm3'/;
1025  put '_NOTE,Horizon_totals_sum_r_y_NetCarbDelta_Pct_carbon_rows_vs_cp170_demand_rows_vs_Baseline_see_GAMS_sec13'/;
1026  LOOP((pubRow, cpScen)$pubCarbRow(pubRow, cpScen),
1027      put 'Carbon,';
1028      put cpScen.tl;
1029      put ',';
1030      put pubSummaryTab(pubRow, 'Obj'):0:4;
1031      put ',';
1032      put pubSummaryTab(pubRow, 'Zemission'):0:4;
1033      put ',';
1034      put pubSummaryTab(pubRow, 'CarbonStorage'):0:4;
1035      put ',';
1036      put pubSummaryTab(pubRow, 'NetCarbon'):0:4;
1037      put ',';
1038      put pubSummaryTab(pubRow, 'NetCarbDel'):0:4;
1039      put ',';
1040      put pubSummaryTab(pubRow, 'NetCarbPct'):0:4;
1041      put ',';
1042      put pubSummaryTab(pubRow, 'TotalHarvest'):0:4;
1043      put /;
1044  );
1045  LOOP((pubRow, demScen)$pubDemRow(pubRow, demScen),
1046      put 'Demand,';
1047      put demScen.tl;
1048      put ',';
1049      put pubSummaryTab(pubRow, 'Obj'):0:4;
1050      put ',';
1051      put pubSummaryTab(pubRow, 'Zemission'):0:4;
1052      put ',';
1053      put pubSummaryTab(pubRow, 'CarbonStorage'):0:4;
1054      put ',';
1055      put pubSummaryTab(pubRow, 'NetCarbon'):0:4;
1056      put ',';
1057      put pubSummaryTab(pubRow, 'NetCarbDel'):0:4;
1058      put ',';
1059      put pubSummaryTab(pubRow, 'NetCarbPct'):0:4;
1060      put ',';
1061      put pubSummaryTab(pubRow, 'TotalHarvest'):0:4;
1062      put /;
1063  );
1064  putclose fcsv;
1065  put_utility 'log' / 'Wrote output/summary_table_body.tex and output/summary_public_table.csv';
1066   
1067  OPTION solprint=on;
1068   
1069  Execute_Unload "output/SensitivityResults.gdx",
1070      cpValue, sensSummary, sensForPlot,
1071      sensBase, sensDelta,
1072      demDemandMult, demSummary, demForChart, demSensBase, demSensDelta,
1073      demTableQty, demTableRev,
1074      demObj, demTotQty, demTotRev, demForPlot,
1075      prLumberMult, prTableQty, prTableRev, prObj, prTotQty, prTotRev, prForPlot,
1076      cmDemandMult, cmLumberMult, cmTableQty, cmTableRev,
1077      cmObj, cmTotQty, cmTotRev, cmForPlot,
1078      pubSummaryTab,
1079      regionalHarvestDem;
1080   
1081  Execute_Unload "output/PublicSummaryTable.gdx",
1082      pubRow, pubCarbRow, pubDemRow, tabSumCol, pubSummaryTab;
1083  Execute "gdx2csv output/PublicSummaryTable.gdx output=output/summary_public_table_from_gdx.csv";
1084   
1085  Execute "gdx2csv output/SensitivityResults.gdx output=output/sensitivity_results.csv";
1086   


COMPILATION TIME     =        0.000 SECONDS      3 MB  48.3.0 71b5641f WEX-WEI
GAMS 48.3.0  71b5641f Nov 12, 2024          WEX-WEI x86 64bit/MS Windows - 03/23/26 05:08:33 Page 2
G e n e r a l   A l g e b r a i c   M o d e l i n g   S y s t e m
Equation Listing    SOLVE ForestCP Using NLP From line 497


---- stockBalanceRW  =E=  

stockBalanceRW(TroutLake,2020)..  stockRW(TroutLake,2020) + harvestRW(TroutLake,2020) =E= 28999.48 ; (LHS = 29289.4748, INFES = 289.9948 ****)
     
stockBalanceRW(TroutLake,2021)..  - stockRW(TroutLake,2020) + stockRW(TroutLake,2021) + harvestRW(TroutLake,2021) =E= 2275.56396843739 ; (LHS = 289.994799999999, INFES = 1985.56916843739 ****)
     
stockBalanceRW(TroutLake,2022)..  - stockRW(TroutLake,2021) + stockRW(TroutLake,2022) + harvestRW(TroutLake,2022) =E= 2366.01896640334 ; (LHS = 289.994800000001, INFES = 2076.02416640333 ****)
     
REMAINING 63 ENTRIES SKIPPED


---- sustainabilityRW  =L=  

sustainabilityRW(TroutLake,2020)..  harvestRW(TroutLake,2020) =L= 289.9948 ; (LHS = 289.9948)
     
sustainabilityRW(TroutLake,2021)..  - 0.01*stockRW(TroutLake,2020) + harvestRW(TroutLake,2021) =L= 22.7556396843739 ; (LHS = 0)
     
sustainabilityRW(TroutLake,2022)..  - 0.01*stockRW(TroutLake,2021) + harvestRW(TroutLake,2022) =L= 23.6601896640334 ; (LHS = 0)
     
REMAINING 63 ENTRIES SKIPPED


---- roundwoodUseEq  =L=  

roundwoodUseEq(TroutLake,2020)..  - harvestRW(TroutLake,2020) + 1.11111111111111*production(TroutLake,Lumber,2020) + 1.02040816326531*production(TroutLake,Pulpwood,2020) =L= 0 ; (LHS = -288.284770449264)
     
roundwoodUseEq(TroutLake,2021)..  - harvestRW(TroutLake,2021) + 1.11111111111111*production(TroutLake,Lumber,2021) + 1.02040816326531*production(TroutLake,Pulpwood,2021) =L= 0 ; (LHS = -288.231405051544)
     
roundwoodUseEq(TroutLake,2022)..  - harvestRW(TroutLake,2022) + 1.11111111111111*production(TroutLake,Lumber,2022) + 1.02040816326531*production(TroutLake,Pulpwood,2022) =L= 0 ; (LHS = -288.232830964393)
     
REMAINING 63 ENTRIES SKIPPED


---- millCapacityEq  =L=  

millCapacityEq(TroutLake,CLT,2020)..  production(TroutLake,CLT,2020) =L= 1 ; (LHS = 0.0433683379646)
     
millCapacityEq(TroutLake,CLT,2021)..  production(TroutLake,CLT,2021) =L= 1 ; (LHS = 0.0437365458368)
     
millCapacityEq(TroutLake,CLT,2022)..  production(TroutLake,CLT,2022) =L= 1 ; (LHS = 0.04137149138)
     
REMAINING 261 ENTRIES SKIPPED


---- demandCapEq  =L=  

demandCapEq(TroutLake,CLT,2020)..  sales(TroutLake,CLT,2020) =L= 0.1734733518584 ; (LHS = 0.0433683379646)
     
demandCapEq(TroutLake,CLT,2021)..  sales(TroutLake,CLT,2021) =L= 0.1749461833472 ; (LHS = 0.0437365458368)
     
demandCapEq(TroutLake,CLT,2022)..  sales(TroutLake,CLT,2022) =L= 0.16548596552 ; (LHS = 0.04137149138)
     
REMAINING 261 ENTRIES SKIPPED


---- arcCapEq  =L=  

arcCapEq(TroutLake,Abitibi,CLT,2020)..  exports(TroutLake,Abitibi,CLT,2020) =L= 20 ; (LHS = 0)
     
arcCapEq(TroutLake,Abitibi,CLT,2021)..  exports(TroutLake,Abitibi,CLT,2021) =L= 20 ; (LHS = 0)
     
arcCapEq(TroutLake,Abitibi,CLT,2022)..  exports(TroutLake,Abitibi,CLT,2022) =L= 20 ; (LHS = 0)
     
REMAINING 1317 ENTRIES SKIPPED


---- lumberBalance  =E=  

lumberBalance(TroutLake,2020)..  - 1.2*production(TroutLake,CLT,2020) - 1.1*production(TroutLake,Glulam,2020) + production(TroutLake,Lumber,2020) - sales(TroutLake,Lumber,2020) - exports(TroutLake,Abitibi,Lumber,2020) - exports(TroutLake,Algoma,Lumber,2020) - exports(TroutLake,Kenora,Lumber,2020) - exports(TroutLake,Nipissing,Lumber,2020) - exports(TroutLake,Algonquin,Lumber,2020) + exports(Abitibi,TroutLake,Lumber,2020) + exports(Algoma,TroutLake,Lumber,2020) + exports(Kenora,TroutLake,Lumber,2020) + exports(Nipissing,TroutLake,Lumber,2020) + exports(Algonquin,TroutLake,Lumber,2020) =E= 0 ; (LHS = -0.09458992730836, INFES = 0.09458992730836 ****)
     
lumberBalance(TroutLake,2021)..  - 1.2*production(TroutLake,CLT,2021) - 1.1*production(TroutLake,Glulam,2021) + production(TroutLake,Lumber,2021) - sales(TroutLake,Lumber,2021) - exports(TroutLake,Abitibi,Lumber,2021) - exports(TroutLake,Algoma,Lumber,2021) - exports(TroutLake,Kenora,Lumber,2021) - exports(TroutLake,Nipissing,Lumber,2021) - exports(TroutLake,Algonquin,Lumber,2021) + exports(Abitibi,TroutLake,Lumber,2021) + exports(Algoma,TroutLake,Lumber,2021) + exports(Kenora,TroutLake,Lumber,2021) + exports(Nipissing,TroutLake,Lumber,2021) + exports(Algonquin,TroutLake,Lumber,2021) =E= 0 ; (LHS = -0.10202622246226, INFES = 0.10202622246226 ****)
     
lumberBalance(TroutLake,2022)..  - 1.2*production(TroutLake,CLT,2022) - 1.1*production(TroutLake,Glulam,2022) + production(TroutLake,Lumber,2022) - sales(TroutLake,Lumber,2022) - exports(TroutLake,Abitibi,Lumber,2022) - exports(TroutLake,Algoma,Lumber,2022) - exports(TroutLake,Kenora,Lumber,2022) - exports(TroutLake,Nipissing,Lumber,2022) - exports(TroutLake,Algonquin,Lumber,2022) + exports(Abitibi,TroutLake,Lumber,2022) + exports(Algoma,TroutLake,Lumber,2022) + exports(Kenora,TroutLake,Lumber,2022) + exports(Nipissing,TroutLake,Lumber,2022) + exports(Algonquin,TroutLake,Lumber,2022) =E= 0 ; (LHS = -0.0915625778908602, INFES = 0.0915625778908602 ****)
     
REMAINING 63 ENTRIES SKIPPED


---- pulpwoodBalance  =E=  

pulpwoodBalance(TroutLake,2020)..  production(TroutLake,Pulpwood,2020) - sales(TroutLake,Pulpwood,2020) - exports(TroutLake,Abitibi,Pulpwood,2020) - exports(TroutLake,Algoma,Pulpwood,2020) - exports(TroutLake,Kenora,Pulpwood,2020) - exports(TroutLake,Nipissing,Pulpwood,2020) - exports(TroutLake,Algonquin,Pulpwood,2020) + exports(Abitibi,TroutLake,Pulpwood,2020) + exports(Algoma,TroutLake,Pulpwood,2020) + exports(Kenora,TroutLake,Pulpwood,2020) + exports(Nipissing,TroutLake,Pulpwood,2020) + exports(Algonquin,TroutLake,Pulpwood,2020) =E= 0 ; (LHS = 0)
     
pulpwoodBalance(TroutLake,2021)..  production(TroutLake,Pulpwood,2021) - sales(TroutLake,Pulpwood,2021) - exports(TroutLake,Abitibi,Pulpwood,2021) - exports(TroutLake,Algoma,Pulpwood,2021) - exports(TroutLake,Kenora,Pulpwood,2021) - exports(TroutLake,Nipissing,Pulpwood,2021) - exports(TroutLake,Algonquin,Pulpwood,2021) + exports(Abitibi,TroutLake,Pulpwood,2021) + exports(Algoma,TroutLake,Pulpwood,2021) + exports(Kenora,TroutLake,Pulpwood,2021) + exports(Nipissing,TroutLake,Pulpwood,2021) + exports(Algonquin,TroutLake,Pulpwood,2021) =E= 0 ; (LHS = 0)
     
pulpwoodBalance(TroutLake,2022)..  production(TroutLake,Pulpwood,2022) - sales(TroutLake,Pulpwood,2022) - exports(TroutLake,Abitibi,Pulpwood,2022) - exports(TroutLake,Algoma,Pulpwood,2022) - exports(TroutLake,Kenora,Pulpwood,2022) - exports(TroutLake,Nipissing,Pulpwood,2022) - exports(TroutLake,Algonquin,Pulpwood,2022) + exports(Abitibi,TroutLake,Pulpwood,2022) + exports(Algoma,TroutLake,Pulpwood,2022) + exports(Kenora,TroutLake,Pulpwood,2022) + exports(Nipissing,TroutLake,Pulpwood,2022) + exports(Algonquin,TroutLake,Pulpwood,2022) =E= 0 ; (LHS = 0)
     
REMAINING 63 ENTRIES SKIPPED


---- cltBalance  =E=  

cltBalance(TroutLake,2020)..  production(TroutLake,CLT,2020) - sales(TroutLake,CLT,2020) - exports(TroutLake,Abitibi,CLT,2020) - exports(TroutLake,Algoma,CLT,2020) - exports(TroutLake,Kenora,CLT,2020) - exports(TroutLake,Nipissing,CLT,2020) - exports(TroutLake,Algonquin,CLT,2020) + exports(Abitibi,TroutLake,CLT,2020) + exports(Algoma,TroutLake,CLT,2020) + exports(Kenora,TroutLake,CLT,2020) + exports(Nipissing,TroutLake,CLT,2020) + exports(Algonquin,TroutLake,CLT,2020) =E= 0 ; (LHS = 0)
     
cltBalance(TroutLake,2021)..  production(TroutLake,CLT,2021) - sales(TroutLake,CLT,2021) - exports(TroutLake,Abitibi,CLT,2021) - exports(TroutLake,Algoma,CLT,2021) - exports(TroutLake,Kenora,CLT,2021) - exports(TroutLake,Nipissing,CLT,2021) - exports(TroutLake,Algonquin,CLT,2021) + exports(Abitibi,TroutLake,CLT,2021) + exports(Algoma,TroutLake,CLT,2021) + exports(Kenora,TroutLake,CLT,2021) + exports(Nipissing,TroutLake,CLT,2021) + exports(Algonquin,TroutLake,CLT,2021) =E= 0 ; (LHS = 0)
     
cltBalance(TroutLake,2022)..  production(TroutLake,CLT,2022) - sales(TroutLake,CLT,2022) - exports(TroutLake,Abitibi,CLT,2022) - exports(TroutLake,Algoma,CLT,2022) - exports(TroutLake,Kenora,CLT,2022) - exports(TroutLake,Nipissing,CLT,2022) - exports(TroutLake,Algonquin,CLT,2022) + exports(Abitibi,TroutLake,CLT,2022) + exports(Algoma,TroutLake,CLT,2022) + exports(Kenora,TroutLake,CLT,2022) + exports(Nipissing,TroutLake,CLT,2022) + exports(Algonquin,TroutLake,CLT,2022) =E= 0 ; (LHS = 0)
     
REMAINING 63 ENTRIES SKIPPED


---- glulamBalance  =E=  

glulamBalance(TroutLake,2020)..  production(TroutLake,Glulam,2020) - sales(TroutLake,Glulam,2020) - exports(TroutLake,Abitibi,Glulam,2020) - exports(TroutLake,Algoma,Glulam,2020) - exports(TroutLake,Kenora,Glulam,2020) - exports(TroutLake,Nipissing,Glulam,2020) - exports(TroutLake,Algonquin,Glulam,2020) + exports(Abitibi,TroutLake,Glulam,2020) + exports(Algoma,TroutLake,Glulam,2020) + exports(Kenora,TroutLake,Glulam,2020) + exports(Nipissing,TroutLake,Glulam,2020) + exports(Algonquin,TroutLake,Glulam,2020) =E= 0 ; (LHS = 0)
     
glulamBalance(TroutLake,2021)..  production(TroutLake,Glulam,2021) - sales(TroutLake,Glulam,2021) - exports(TroutLake,Abitibi,Glulam,2021) - exports(TroutLake,Algoma,Glulam,2021) - exports(TroutLake,Kenora,Glulam,2021) - exports(TroutLake,Nipissing,Glulam,2021) - exports(TroutLake,Algonquin,Glulam,2021) + exports(Abitibi,TroutLake,Glulam,2021) + exports(Algoma,TroutLake,Glulam,2021) + exports(Kenora,TroutLake,Glulam,2021) + exports(Nipissing,TroutLake,Glulam,2021) + exports(Algonquin,TroutLake,Glulam,2021) =E= 0 ; (LHS = 0)
     
glulamBalance(TroutLake,2022)..  production(TroutLake,Glulam,2022) - sales(TroutLake,Glulam,2022) - exports(TroutLake,Abitibi,Glulam,2022) - exports(TroutLake,Algoma,Glulam,2022) - exports(TroutLake,Kenora,Glulam,2022) - exports(TroutLake,Nipissing,Glulam,2022) - exports(TroutLake,Algonquin,Glulam,2022) + exports(Abitibi,TroutLake,Glulam,2022) + exports(Algoma,TroutLake,Glulam,2022) + exports(Kenora,TroutLake,Glulam,2022) + exports(Nipissing,TroutLake,Glulam,2022) + exports(Algonquin,TroutLake,Glulam,2022) =E= 0 ; (LHS = 0)
     
REMAINING 63 ENTRIES SKIPPED


---- carbonStoreEq  =E=  

carbonStoreEq(TroutLake,CLT,2020)..  - 0.7*production(TroutLake,CLT,2020) + carbonStorage(TroutLake,CLT,2020) =E= 0 ; (LHS = -0.03035783657522, INFES = 0.03035783657522 ****)
     
carbonStoreEq(TroutLake,CLT,2021)..  - 0.7*production(TroutLake,CLT,2021) + carbonStorage(TroutLake,CLT,2021) =E= 0 ; (LHS = -0.03061558208576, INFES = 0.03061558208576 ****)
     
carbonStoreEq(TroutLake,CLT,2022)..  - 0.7*production(TroutLake,CLT,2022) + carbonStorage(TroutLake,CLT,2022) =E= 0 ; (LHS = -0.028960043966, INFES = 0.028960043966 ****)
     
REMAINING 261 ENTRIES SKIPPED


---- carbonEmitEq  =E=  

carbonEmitEq(TroutLake,CLT,2020)..  - 0.15*production(TroutLake,CLT,2020) - 0.018*exports(TroutLake,Abitibi,CLT,2020) - 0.018*exports(TroutLake,Algoma,CLT,2020) - 0.018*exports(TroutLake,Kenora,CLT,2020) - 0.018*exports(TroutLake,Nipissing,CLT,2020) - 0.018*exports(TroutLake,Algonquin,CLT,2020) + carbonEmission(TroutLake,CLT,2020) =E= 0 ; (LHS = -0.00650525069469, INFES = 0.00650525069469 ****)
     
carbonEmitEq(TroutLake,CLT,2021)..  - 0.15*production(TroutLake,CLT,2021) - 0.018*exports(TroutLake,Abitibi,CLT,2021) - 0.018*exports(TroutLake,Algoma,CLT,2021) - 0.018*exports(TroutLake,Kenora,CLT,2021) - 0.018*exports(TroutLake,Nipissing,CLT,2021) - 0.018*exports(TroutLake,Algonquin,CLT,2021) + carbonEmission(TroutLake,CLT,2021) =E= 0 ; (LHS = -0.00656048187552, INFES = 0.00656048187552 ****)
     
carbonEmitEq(TroutLake,CLT,2022)..  - 0.15*production(TroutLake,CLT,2022) - 0.018*exports(TroutLake,Abitibi,CLT,2022) - 0.018*exports(TroutLake,Algoma,CLT,2022) - 0.018*exports(TroutLake,Kenora,CLT,2022) - 0.018*exports(TroutLake,Nipissing,CLT,2022) - 0.018*exports(TroutLake,Algonquin,CLT,2022) + carbonEmission(TroutLake,CLT,2022) =E= 0 ; (LHS = -0.006205723707, INFES = 0.006205723707 ****)
     
REMAINING 261 ENTRIES SKIPPED


---- emissionEq  =E=  

emissionEq..  - carbonEmission(TroutLake,CLT,2020) - carbonEmission(TroutLake,CLT,2021) - carbonEmission(TroutLake,CLT,2022) - carbonEmission(TroutLake,CLT,2023) - carbonEmission(TroutLake,CLT,2024) - carbonEmission(TroutLake,CLT,2025) - carbonEmission(TroutLake,CLT,2026) - carbonEmission(TroutLake,CLT,2027) - carbonEmission(TroutLake,CLT,2028) - carbonEmission(TroutLake,CLT,2029) - carbonEmission(TroutLake,CLT,2030) - carbonEmission(TroutLake,Glulam,2020) - carbonEmission(TroutLake,Glulam,2021) - carbonEmission(TroutLake,Glulam,2022) - carbonEmission(TroutLake,Glulam,2023) - carbonEmission(TroutLake,Glulam,2024) - carbonEmission(TroutLake,Glulam,2025) - carbonEmission(TroutLake,Glulam,2026) - carbonEmission(TroutLake,Glulam,2027) - carbonEmission(TroutLake,Glulam,2028) - carbonEmission(TroutLake,Glulam,2029) - carbonEmission(TroutLake,Glulam,2030) - carbonEmission(TroutLake,Lumber,2020) - carbonEmission(TroutLake,Lumber,2021) - carbonEmission(TroutLake,Lumber,2022) - carbonEmission(TroutLake,Lumber,2023) - carbonEmission(TroutLake,Lumber,2024) - carbonEmission(TroutLake,Lumber,2025) - carbonEmission(TroutLake,Lumber,2026) - carbonEmission(TroutLake,Lumber,2027) - carbonEmission(TroutLake,Lumber,2028) - carbonEmission(TroutLake,Lumber,2029) - carbonEmission(TroutLake,Lumber,2030) - carbonEmission(TroutLake,Pulpwood,2020) - carbonEmission(TroutLake,Pulpwood,2021) - carbonEmission(TroutLake,Pulpwood,2022) - carbonEmission(TroutLake,Pulpwood,2023) - carbonEmission(TroutLake,Pulpwood,2024) - carbonEmission(TroutLake,Pulpwood,2025) - carbonEmission(TroutLake,Pulpwood,2026) - carbonEmission(TroutLake,Pulpwood,2027) - carbonEmission(TroutLake,Pulpwood,2028) - carbonEmission(TroutLake,Pulpwood,2029) - carbonEmission(TroutLake,Pulpwood,2030) - carbonEmission(Abitibi,CLT,2020) - carbonEmission(Abitibi,CLT,2021) - carbonEmission(Abitibi,CLT,2022) - carbonEmission(Abitibi,CLT,2023) - carbonEmission(Abitibi,CLT,2024) - carbonEmission(Abitibi,CLT,2025) - carbonEmission(Abitibi,CLT,2026) - carbonEmission(Abitibi,CLT,2027) - carbonEmission(Abitibi,CLT,2028) - carbonEmission(Abitibi,CLT,2029) - carbonEmission(Abitibi,CLT,2030) - carbonEmission(Abitibi,Glulam,2020) - carbonEmission(Abitibi,Glulam,2021) - carbonEmission(Abitibi,Glulam,2022) - carbonEmission(Abitibi,Glulam,2023) - carbonEmission(Abitibi,Glulam,2024) - carbonEmission(Abitibi,Glulam,2025) - carbonEmission(Abitibi,Glulam,2026) - carbonEmission(Abitibi,Glulam,2027) - carbonEmission(Abitibi,Glulam,2028) - carbonEmission(Abitibi,Glulam,2029) - carbonEmission(Abitibi,Glulam,2030) - carbonEmission(Abitibi,Lumber,2020) - carbonEmission(Abitibi,Lumber,2021) - carbonEmission(Abitibi,Lumber,2022) - carbonEmission(Abitibi,Lumber,2023) - carbonEmission(Abitibi,Lumber,2024) - carbonEmission(Abitibi,Lumber,2025) - carbonEmission(Abitibi,Lumber,2026) - carbonEmission(Abitibi,Lumber,2027) - carbonEmission(Abitibi,Lumber,2028) - carbonEmission(Abitibi,Lumber,2029) - carbonEmission(Abitibi,Lumber,2030) - carbonEmission(Abitibi,Pulpwood,2020) - carbonEmission(Abitibi,Pulpwood,2021) - carbonEmission(Abitibi,Pulpwood,2022) - carbonEmission(Abitibi,Pulpwood,2023) - carbonEmission(Abitibi,Pulpwood,2024) - carbonEmission(Abitibi,Pulpwood,2025) - carbonEmission(Abitibi,Pulpwood,2026) - carbonEmission(Abitibi,Pulpwood,2027) - carbonEmission(Abitibi,Pulpwood,2028) - carbonEmission(Abitibi,Pulpwood,2029) - carbonEmission(Abitibi,Pulpwood,2030) - carbonEmission(Algoma,CLT,2020) - carbonEmission(Algoma,CLT,2021) - carbonEmission(Algoma,CLT,2022) - carbonEmission(Algoma,CLT,2023) - carbonEmission(Algoma,CLT,2024) - carbonEmission(Algoma,CLT,2025) - carbonEmission(Algoma,CLT,2026) - carbonEmission(Algoma,CLT,2027) - carbonEmission(Algoma,CLT,2028) - carbonEmission(Algoma,CLT,2029) - carbonEmission(Algoma,CLT,2030) - carbonEmission(Algoma,Glulam,2020) - carbonEmission(Algoma,Glulam,2021) - carbonEmission(Algoma,Glulam,2022) - carbonEmission(Algoma,Glulam,2023) - carbonEmission(Algoma,Glulam,2024) - carbonEmission(Algoma,Glulam,2025) - carbonEmission(Algoma,Glulam,2026) - carbonEmission(Algoma,Glulam,2027) - carbonEmission(Algoma,Glulam,2028) - carbonEmission(Algoma,Glulam,2029) - carbonEmission(Algoma,Glulam,2030) - carbonEmission(Algoma,Lumber,2020) - carbonEmission(Algoma,Lumber,2021) - carbonEmission(Algoma,Lumber,2022) - carbonEmission(Algoma,Lumber,2023) - carbonEmission(Algoma,Lumber,2024) - carbonEmission(Algoma,Lumber,2025) - carbonEmission(Algoma,Lumber,2026) - carbonEmission(Algoma,Lumber,2027) - carbonEmission(Algoma,Lumber,2028) - carbonEmission(Algoma,Lumber,2029) - carbonEmission(Algoma,Lumber,2030) - carbonEmission(Algoma,Pulpwood,2020) - carbonEmission(Algoma,Pulpwood,2021) - carbonEmission(Algoma,Pulpwood,2022) - carbonEmission(Algoma,Pulpwood,2023) - carbonEmission(Algoma,Pulpwood,2024) - carbonEmission(Algoma,Pulpwood,2025) - carbonEmission(Algoma,Pulpwood,2026) - carbonEmission(Algoma,Pulpwood,2027) - carbonEmission(Algoma,Pulpwood,2028) - carbonEmission(Algoma,Pulpwood,2029) - carbonEmission(Algoma,Pulpwood,2030) - carbonEmission(Kenora,CLT,2020) - carbonEmission(Kenora,CLT,2021) - carbonEmission(Kenora,CLT,2022) - carbonEmission(Kenora,CLT,2023) - carbonEmission(Kenora,CLT,2024) - carbonEmission(Kenora,CLT,2025) - carbonEmission(Kenora,CLT,2026) - carbonEmission(Kenora,CLT,2027) - carbonEmission(Kenora,CLT,2028) - carbonEmission(Kenora,CLT,2029) - carbonEmission(Kenora,CLT,2030) - carbonEmission(Kenora,Glulam,2020) - carbonEmission(Kenora,Glulam,2021) - carbonEmission(Kenora,Glulam,2022) - carbonEmission(Kenora,Glulam,2023) - carbonEmission(Kenora,Glulam,2024) - carbonEmission(Kenora,Glulam,2025) - carbonEmission(Kenora,Glulam,2026) - carbonEmission(Kenora,Glulam,2027) - carbonEmission(Kenora,Glulam,2028) - carbonEmission(Kenora,Glulam,2029) - carbonEmission(Kenora,Glulam,2030) - carbonEmission(Kenora,Lumber,2020) - carbonEmission(Kenora,Lumber,2021) - carbonEmission(Kenora,Lumber,2022) - carbonEmission(Kenora,Lumber,2023) - carbonEmission(Kenora,Lumber,2024) - carbonEmission(Kenora,Lumber,2025) - carbonEmission(Kenora,Lumber,2026) - carbonEmission(Kenora,Lumber,2027) - carbonEmission(Kenora,Lumber,2028) - carbonEmission(Kenora,Lumber,2029) - carbonEmission(Kenora,Lumber,2030) - carbonEmission(Kenora,Pulpwood,2020) - carbonEmission(Kenora,Pulpwood,2021) - carbonEmission(Kenora,Pulpwood,2022) - carbonEmission(Kenora,Pulpwood,2023) - carbonEmission(Kenora,Pulpwood,2024) - carbonEmission(Kenora,Pulpwood,2025) - carbonEmission(Kenora,Pulpwood,2026) - carbonEmission(Kenora,Pulpwood,2027) - carbonEmission(Kenora,Pulpwood,2028) - carbonEmission(Kenora,Pulpwood,2029) - carbonEmission(Kenora,Pulpwood,2030) - carbonEmission(Nipissing,CLT,2020) - carbonEmission(Nipissing,CLT,2021) - carbonEmission(Nipissing,CLT,2022) - carbonEmission(Nipissing,CLT,2023) - carbonEmission(Nipissing,CLT,2024) - carbonEmission(Nipissing,CLT,2025) - carbonEmission(Nipissing,CLT,2026) - carbonEmission(Nipissing,CLT,2027) - carbonEmission(Nipissing,CLT,2028) - carbonEmission(Nipissing,CLT,2029) - carbonEmission(Nipissing,CLT,2030) - carbonEmission(Nipissing,Glulam,2020) - carbonEmission(Nipissing,Glulam,2021) - carbonEmission(Nipissing,Glulam,2022) - carbonEmission(Nipissing,Glulam,2023) - carbonEmission(Nipissing,Glulam,2024) - carbonEmission(Nipissing,Glulam,2025) - carbonEmission(Nipissing,Glulam,2026) - carbonEmission(Nipissing,Glulam,2027) - carbonEmission(Nipissing,Glulam,2028) - carbonEmission(Nipissing,Glulam,2029) - carbonEmission(Nipissing,Glulam,2030) - carbonEmission(Nipissing,Lumber,2020) - carbonEmission(Nipissing,Lumber,2021) - carbonEmission(Nipissing,Lumber,2022) - carbonEmission(Nipissing,Lumber,2023) - carbonEmission(Nipissing,Lumber,2024) - carbonEmission(Nipissing,Lumber,2025) - carbonEmission(Nipissing,Lumber,2026) - carbonEmission(Nipissing,Lumber,2027) - carbonEmission(Nipissing,Lumber,2028) - carbonEmission(Nipissing,Lumber,2029) - carbonEmission(Nipissing,Lumber,2030) - carbonEmission(Nipissing,Pulpwood,2020) - carbonEmission(Nipissing,Pulpwood,2021) - carbonEmission(Nipissing,Pulpwood,2022) - carbonEmission(Nipissing,Pulpwood,2023) - carbonEmission(Nipissing,Pulpwood,2024) - carbonEmission(Nipissing,Pulpwood,2025) - carbonEmission(Nipissing,Pulpwood,2026) - carbonEmission(Nipissing,Pulpwood,2027) - carbonEmission(Nipissing,Pulpwood,2028) - carbonEmission(Nipissing,Pulpwood,2029) - carbonEmission(Nipissing,Pulpwood,2030) - carbonEmission(Algonquin,CLT,2020) - carbonEmission(Algonquin,CLT,2021) - carbonEmission(Algonquin,CLT,2022) - carbonEmission(Algonquin,CLT,2023) - carbonEmission(Algonquin,CLT,2024) - carbonEmission(Algonquin,CLT,2025) - carbonEmission(Algonquin,CLT,2026) - carbonEmission(Algonquin,CLT,2027) - carbonEmission(Algonquin,CLT,2028) - carbonEmission(Algonquin,CLT,2029) - carbonEmission(Algonquin,CLT,2030) - carbonEmission(Algonquin,Glulam,2020) - carbonEmission(Algonquin,Glulam,2021) - carbonEmission(Algonquin,Glulam,2022) - carbonEmission(Algonquin,Glulam,2023) - carbonEmission(Algonquin,Glulam,2024) - carbonEmission(Algonquin,Glulam,2025) - carbonEmission(Algonquin,Glulam,2026) - carbonEmission(Algonquin,Glulam,2027) - carbonEmission(Algonquin,Glulam,2028) - carbonEmission(Algonquin,Glulam,2029) - carbonEmission(Algonquin,Glulam,2030) - carbonEmission(Algonquin,Lumber,2020) - carbonEmission(Algonquin,Lumber,2021) - carbonEmission(Algonquin,Lumber,2022) - carbonEmission(Algonquin,Lumber,2023) - carbonEmission(Algonquin,Lumber,2024) - carbonEmission(Algonquin,Lumber,2025) - carbonEmission(Algonquin,Lumber,2026) - carbonEmission(Algonquin,Lumber,2027) - carbonEmission(Algonquin,Lumber,2028) - carbonEmission(Algonquin,Lumber,2029) - carbonEmission(Algonquin,Lumber,2030) - carbonEmission(Algonquin,Pulpwood,2020) - carbonEmission(Algonquin,Pulpwood,2021) - carbonEmission(Algonquin,Pulpwood,2022) - carbonEmission(Algonquin,Pulpwood,2023) - carbonEmission(Algonquin,Pulpwood,2024) - carbonEmission(Algonquin,Pulpwood,2025) - carbonEmission(Algonquin,Pulpwood,2026) - carbonEmission(Algonquin,Pulpwood,2027) - carbonEmission(Algonquin,Pulpwood,2028) - carbonEmission(Algonquin,Pulpwood,2029) - carbonEmission(Algonquin,Pulpwood,2030) + Zemission =E= 0 ; (LHS = 0)
     

---- storageEq  =E=  

storageEq..  - carbonStorage(TroutLake,CLT,2020) - carbonStorage(TroutLake,CLT,2021) - carbonStorage(TroutLake,CLT,2022) - carbonStorage(TroutLake,CLT,2023) - carbonStorage(TroutLake,CLT,2024) - carbonStorage(TroutLake,CLT,2025) - carbonStorage(TroutLake,CLT,2026) - carbonStorage(TroutLake,CLT,2027) - carbonStorage(TroutLake,CLT,2028) - carbonStorage(TroutLake,CLT,2029) - carbonStorage(TroutLake,CLT,2030) - carbonStorage(TroutLake,Glulam,2020) - carbonStorage(TroutLake,Glulam,2021) - carbonStorage(TroutLake,Glulam,2022) - carbonStorage(TroutLake,Glulam,2023) - carbonStorage(TroutLake,Glulam,2024) - carbonStorage(TroutLake,Glulam,2025) - carbonStorage(TroutLake,Glulam,2026) - carbonStorage(TroutLake,Glulam,2027) - carbonStorage(TroutLake,Glulam,2028) - carbonStorage(TroutLake,Glulam,2029) - carbonStorage(TroutLake,Glulam,2030) - carbonStorage(TroutLake,Lumber,2020) - carbonStorage(TroutLake,Lumber,2021) - carbonStorage(TroutLake,Lumber,2022) - carbonStorage(TroutLake,Lumber,2023) - carbonStorage(TroutLake,Lumber,2024) - carbonStorage(TroutLake,Lumber,2025) - carbonStorage(TroutLake,Lumber,2026) - carbonStorage(TroutLake,Lumber,2027) - carbonStorage(TroutLake,Lumber,2028) - carbonStorage(TroutLake,Lumber,2029) - carbonStorage(TroutLake,Lumber,2030) - carbonStorage(TroutLake,Pulpwood,2020) - carbonStorage(TroutLake,Pulpwood,2021) - carbonStorage(TroutLake,Pulpwood,2022) - carbonStorage(TroutLake,Pulpwood,2023) - carbonStorage(TroutLake,Pulpwood,2024) - carbonStorage(TroutLake,Pulpwood,2025) - carbonStorage(TroutLake,Pulpwood,2026) - carbonStorage(TroutLake,Pulpwood,2027) - carbonStorage(TroutLake,Pulpwood,2028) - carbonStorage(TroutLake,Pulpwood,2029) - carbonStorage(TroutLake,Pulpwood,2030) - carbonStorage(Abitibi,CLT,2020) - carbonStorage(Abitibi,CLT,2021) - carbonStorage(Abitibi,CLT,2022) - carbonStorage(Abitibi,CLT,2023) - carbonStorage(Abitibi,CLT,2024) - carbonStorage(Abitibi,CLT,2025) - carbonStorage(Abitibi,CLT,2026) - carbonStorage(Abitibi,CLT,2027) - carbonStorage(Abitibi,CLT,2028) - carbonStorage(Abitibi,CLT,2029) - carbonStorage(Abitibi,CLT,2030) - carbonStorage(Abitibi,Glulam,2020) - carbonStorage(Abitibi,Glulam,2021) - carbonStorage(Abitibi,Glulam,2022) - carbonStorage(Abitibi,Glulam,2023) - carbonStorage(Abitibi,Glulam,2024) - carbonStorage(Abitibi,Glulam,2025) - carbonStorage(Abitibi,Glulam,2026) - carbonStorage(Abitibi,Glulam,2027) - carbonStorage(Abitibi,Glulam,2028) - carbonStorage(Abitibi,Glulam,2029) - carbonStorage(Abitibi,Glulam,2030) - carbonStorage(Abitibi,Lumber,2020) - carbonStorage(Abitibi,Lumber,2021) - carbonStorage(Abitibi,Lumber,2022) - carbonStorage(Abitibi,Lumber,2023) - carbonStorage(Abitibi,Lumber,2024) - carbonStorage(Abitibi,Lumber,2025) - carbonStorage(Abitibi,Lumber,2026) - carbonStorage(Abitibi,Lumber,2027) - carbonStorage(Abitibi,Lumber,2028) - carbonStorage(Abitibi,Lumber,2029) - carbonStorage(Abitibi,Lumber,2030) - carbonStorage(Abitibi,Pulpwood,2020) - carbonStorage(Abitibi,Pulpwood,2021) - carbonStorage(Abitibi,Pulpwood,2022) - carbonStorage(Abitibi,Pulpwood,2023) - carbonStorage(Abitibi,Pulpwood,2024) - carbonStorage(Abitibi,Pulpwood,2025) - carbonStorage(Abitibi,Pulpwood,2026) - carbonStorage(Abitibi,Pulpwood,2027) - carbonStorage(Abitibi,Pulpwood,2028) - carbonStorage(Abitibi,Pulpwood,2029) - carbonStorage(Abitibi,Pulpwood,2030) - carbonStorage(Algoma,CLT,2020) - carbonStorage(Algoma,CLT,2021) - carbonStorage(Algoma,CLT,2022) - carbonStorage(Algoma,CLT,2023) - carbonStorage(Algoma,CLT,2024) - carbonStorage(Algoma,CLT,2025) - carbonStorage(Algoma,CLT,2026) - carbonStorage(Algoma,CLT,2027) - carbonStorage(Algoma,CLT,2028) - carbonStorage(Algoma,CLT,2029) - carbonStorage(Algoma,CLT,2030) - carbonStorage(Algoma,Glulam,2020) - carbonStorage(Algoma,Glulam,2021) - carbonStorage(Algoma,Glulam,2022) - carbonStorage(Algoma,Glulam,2023) - carbonStorage(Algoma,Glulam,2024) - carbonStorage(Algoma,Glulam,2025) - carbonStorage(Algoma,Glulam,2026) - carbonStorage(Algoma,Glulam,2027) - carbonStorage(Algoma,Glulam,2028) - carbonStorage(Algoma,Glulam,2029) - carbonStorage(Algoma,Glulam,2030) - carbonStorage(Algoma,Lumber,2020) - carbonStorage(Algoma,Lumber,2021) - carbonStorage(Algoma,Lumber,2022) - carbonStorage(Algoma,Lumber,2023) - carbonStorage(Algoma,Lumber,2024) - carbonStorage(Algoma,Lumber,2025) - carbonStorage(Algoma,Lumber,2026) - carbonStorage(Algoma,Lumber,2027) - carbonStorage(Algoma,Lumber,2028) - carbonStorage(Algoma,Lumber,2029) - carbonStorage(Algoma,Lumber,2030) - carbonStorage(Algoma,Pulpwood,2020) - carbonStorage(Algoma,Pulpwood,2021) - carbonStorage(Algoma,Pulpwood,2022) - carbonStorage(Algoma,Pulpwood,2023) - carbonStorage(Algoma,Pulpwood,2024) - carbonStorage(Algoma,Pulpwood,2025) - carbonStorage(Algoma,Pulpwood,2026) - carbonStorage(Algoma,Pulpwood,2027) - carbonStorage(Algoma,Pulpwood,2028) - carbonStorage(Algoma,Pulpwood,2029) - carbonStorage(Algoma,Pulpwood,2030) - carbonStorage(Kenora,CLT,2020) - carbonStorage(Kenora,CLT,2021) - carbonStorage(Kenora,CLT,2022) - carbonStorage(Kenora,CLT,2023) - carbonStorage(Kenora,CLT,2024) - carbonStorage(Kenora,CLT,2025) - carbonStorage(Kenora,CLT,2026) - carbonStorage(Kenora,CLT,2027) - carbonStorage(Kenora,CLT,2028) - carbonStorage(Kenora,CLT,2029) - carbonStorage(Kenora,CLT,2030) - carbonStorage(Kenora,Glulam,2020) - carbonStorage(Kenora,Glulam,2021) - carbonStorage(Kenora,Glulam,2022) - carbonStorage(Kenora,Glulam,2023) - carbonStorage(Kenora,Glulam,2024) - carbonStorage(Kenora,Glulam,2025) - carbonStorage(Kenora,Glulam,2026) - carbonStorage(Kenora,Glulam,2027) - carbonStorage(Kenora,Glulam,2028) - carbonStorage(Kenora,Glulam,2029) - carbonStorage(Kenora,Glulam,2030) - carbonStorage(Kenora,Lumber,2020) - carbonStorage(Kenora,Lumber,2021) - carbonStorage(Kenora,Lumber,2022) - carbonStorage(Kenora,Lumber,2023) - carbonStorage(Kenora,Lumber,2024) - carbonStorage(Kenora,Lumber,2025) - carbonStorage(Kenora,Lumber,2026) - carbonStorage(Kenora,Lumber,2027) - carbonStorage(Kenora,Lumber,2028) - carbonStorage(Kenora,Lumber,2029) - carbonStorage(Kenora,Lumber,2030) - carbonStorage(Kenora,Pulpwood,2020) - carbonStorage(Kenora,Pulpwood,2021) - carbonStorage(Kenora,Pulpwood,2022) - carbonStorage(Kenora,Pulpwood,2023) - carbonStorage(Kenora,Pulpwood,2024) - carbonStorage(Kenora,Pulpwood,2025) - carbonStorage(Kenora,Pulpwood,2026) - carbonStorage(Kenora,Pulpwood,2027) - carbonStorage(Kenora,Pulpwood,2028) - carbonStorage(Kenora,Pulpwood,2029) - carbonStorage(Kenora,Pulpwood,2030) - carbonStorage(Nipissing,CLT,2020) - carbonStorage(Nipissing,CLT,2021) - carbonStorage(Nipissing,CLT,2022) - carbonStorage(Nipissing,CLT,2023) - carbonStorage(Nipissing,CLT,2024) - carbonStorage(Nipissing,CLT,2025) - carbonStorage(Nipissing,CLT,2026) - carbonStorage(Nipissing,CLT,2027) - carbonStorage(Nipissing,CLT,2028) - carbonStorage(Nipissing,CLT,2029) - carbonStorage(Nipissing,CLT,2030) - carbonStorage(Nipissing,Glulam,2020) - carbonStorage(Nipissing,Glulam,2021) - carbonStorage(Nipissing,Glulam,2022) - carbonStorage(Nipissing,Glulam,2023) - carbonStorage(Nipissing,Glulam,2024) - carbonStorage(Nipissing,Glulam,2025) - carbonStorage(Nipissing,Glulam,2026) - carbonStorage(Nipissing,Glulam,2027) - carbonStorage(Nipissing,Glulam,2028) - carbonStorage(Nipissing,Glulam,2029) - carbonStorage(Nipissing,Glulam,2030) - carbonStorage(Nipissing,Lumber,2020) - carbonStorage(Nipissing,Lumber,2021) - carbonStorage(Nipissing,Lumber,2022) - carbonStorage(Nipissing,Lumber,2023) - carbonStorage(Nipissing,Lumber,2024) - carbonStorage(Nipissing,Lumber,2025) - carbonStorage(Nipissing,Lumber,2026) - carbonStorage(Nipissing,Lumber,2027) - carbonStorage(Nipissing,Lumber,2028) - carbonStorage(Nipissing,Lumber,2029) - carbonStorage(Nipissing,Lumber,2030) - carbonStorage(Nipissing,Pulpwood,2020) - carbonStorage(Nipissing,Pulpwood,2021) - carbonStorage(Nipissing,Pulpwood,2022) - carbonStorage(Nipissing,Pulpwood,2023) - carbonStorage(Nipissing,Pulpwood,2024) - carbonStorage(Nipissing,Pulpwood,2025) - carbonStorage(Nipissing,Pulpwood,2026) - carbonStorage(Nipissing,Pulpwood,2027) - carbonStorage(Nipissing,Pulpwood,2028) - carbonStorage(Nipissing,Pulpwood,2029) - carbonStorage(Nipissing,Pulpwood,2030) - carbonStorage(Algonquin,CLT,2020) - carbonStorage(Algonquin,CLT,2021) - carbonStorage(Algonquin,CLT,2022) - carbonStorage(Algonquin,CLT,2023) - carbonStorage(Algonquin,CLT,2024) - carbonStorage(Algonquin,CLT,2025) - carbonStorage(Algonquin,CLT,2026) - carbonStorage(Algonquin,CLT,2027) - carbonStorage(Algonquin,CLT,2028) - carbonStorage(Algonquin,CLT,2029) - carbonStorage(Algonquin,CLT,2030) - carbonStorage(Algonquin,Glulam,2020) - carbonStorage(Algonquin,Glulam,2021) - carbonStorage(Algonquin,Glulam,2022) - carbonStorage(Algonquin,Glulam,2023) - carbonStorage(Algonquin,Glulam,2024) - carbonStorage(Algonquin,Glulam,2025) - carbonStorage(Algonquin,Glulam,2026) - carbonStorage(Algonquin,Glulam,2027) - carbonStorage(Algonquin,Glulam,2028) - carbonStorage(Algonquin,Glulam,2029) - carbonStorage(Algonquin,Glulam,2030) - carbonStorage(Algonquin,Lumber,2020) - carbonStorage(Algonquin,Lumber,2021) - carbonStorage(Algonquin,Lumber,2022) - carbonStorage(Algonquin,Lumber,2023) - carbonStorage(Algonquin,Lumber,2024) - carbonStorage(Algonquin,Lumber,2025) - carbonStorage(Algonquin,Lumber,2026) - carbonStorage(Algonquin,Lumber,2027) - carbonStorage(Algonquin,Lumber,2028) - carbonStorage(Algonquin,Lumber,2029) - carbonStorage(Algonquin,Lumber,2030) - carbonStorage(Algonquin,Pulpwood,2020) - carbonStorage(Algonquin,Pulpwood,2021) - carbonStorage(Algonquin,Pulpwood,2022) - carbonStorage(Algonquin,Pulpwood,2023) - carbonStorage(Algonquin,Pulpwood,2024) - carbonStorage(Algonquin,Pulpwood,2025) - carbonStorage(Algonquin,Pulpwood,2026) - carbonStorage(Algonquin,Pulpwood,2027) - carbonStorage(Algonquin,Pulpwood,2028) - carbonStorage(Algonquin,Pulpwood,2029) - carbonStorage(Algonquin,Pulpwood,2030) + Zstorage =E= 0 ; (LHS = 0)
     

---- netCarbonEq  =E=  

netCarbonEq..  - Zemission + Zstorage + ZnetCarbon =E= 0 ; (LHS = 0)
     

---- eCarbonCost  =E=  

eCarbonCost..  - 170*Zemission + carbonCost =E= 0 ; (LHS = 0)
     

---- revenueEq  =E=  

revenueEq..  - (700)*sales(TroutLake,CLT,2020) - (721)*sales(TroutLake,CLT,2021) - (742.63)*sales(TroutLake,CLT,2022) - (764.9089)*sales(TroutLake,CLT,2023) - (787.856167)*sales(TroutLake,CLT,2024) - (811.49185201)*sales(TroutLake,CLT,2025) - (835.8366075703)*sales(TroutLake,CLT,2026) - (860.911705797409)*sales(TroutLake,CLT,2027) - (886.739056971331)*sales(TroutLake,CLT,2028) - (913.341228680471)*sales(TroutLake,CLT,2029) - (940.741465540885)*sales(TroutLake,CLT,2030) - (575)*sales(TroutLake,Glulam,2020) - (592.25)*sales(TroutLake,Glulam,2021) - (610.0175)*sales(TroutLake,Glulam,2022) - (628.318025)*sales(TroutLake,Glulam,2023) - (647.16756575)*sales(TroutLake,Glulam,2024) - (666.5825927225)*sales(TroutLake,Glulam,2025) - (686.580070504175)*sales(TroutLake,Glulam,2026) - (707.1774726193)*sales(TroutLake,Glulam,2027) - (728.392796797879)*sales(TroutLake,Glulam,2028) - (750.244580701816)*sales(TroutLake,Glulam,2029) - (772.75191812287)*sales(TroutLake,Glulam,2030) - (375)*sales(TroutLake,Lumber,2020) - (386.25)*sales(TroutLake,Lumber,2021) - (397.8375)*sales(TroutLake,Lumber,2022) - (409.772625)*sales(TroutLake,Lumber,2023) - (422.06580375)*sales(TroutLake,Lumber,2024) - (434.7277778625)*sales(TroutLake,Lumber,2025) - (447.769611198375)*sales(TroutLake,Lumber,2026) - (461.202699534326)*sales(TroutLake,Lumber,2027) - (475.038780520356)*sales(TroutLake,Lumber,2028) - (489.289943935967)*sales(TroutLake,Lumber,2029) - (503.968642254046)*sales(TroutLake,Lumber,2030) - (75)*sales(TroutLake,Pulpwood,2020) - (77.25)*sales(TroutLake,Pulpwood,2021) - (79.5675)*sales(TroutLake,Pulpwood,2022) - (81.954525)*sales(TroutLake,Pulpwood,2023) - (84.41316075)*sales(TroutLake,Pulpwood,2024) - (86.9455555725)*sales(TroutLake,Pulpwood,2025) - (89.553922239675)*sales(TroutLake,Pulpwood,2026) - (92.2405399068653)*sales(TroutLake,Pulpwood,2027) - (95.0077561040712)*sales(TroutLake,Pulpwood,2028) - (97.8579887871933)*sales(TroutLake,Pulpwood,2029) - (100.793728450809)*sales(TroutLake,Pulpwood,2030) - (700)*sales(Abitibi,CLT,2020) - (721)*sales(Abitibi,CLT,2021) - (742.63)*sales(Abitibi,CLT,2022) - (764.9089)*sales(Abitibi,CLT,2023) - (787.856167)*sales(Abitibi,CLT,2024) - (811.49185201)*sales(Abitibi,CLT,2025) - (835.8366075703)*sales(Abitibi,CLT,2026) - (860.911705797409)*sales(Abitibi,CLT,2027) - (886.739056971331)*sales(Abitibi,CLT,2028) - (913.341228680471)*sales(Abitibi,CLT,2029) - (940.741465540885)*sales(Abitibi,CLT,2030) - (575)*sales(Abitibi,Glulam,2020) - (592.25)*sales(Abitibi,Glulam,2021) - (610.0175)*sales(Abitibi,Glulam,2022) - (628.318025)*sales(Abitibi,Glulam,2023) - (647.16756575)*sales(Abitibi,Glulam,2024) - (666.5825927225)*sales(Abitibi,Glulam,2025) - (686.580070504175)*sales(Abitibi,Glulam,2026) - (707.1774726193)*sales(Abitibi,Glulam,2027) - (728.392796797879)*sales(Abitibi,Glulam,2028) - (750.244580701816)*sales(Abitibi,Glulam,2029) - (772.75191812287)*sales(Abitibi,Glulam,2030) - (375)*sales(Abitibi,Lumber,2020) - (386.25)*sales(Abitibi,Lumber,2021) - (397.8375)*sales(Abitibi,Lumber,2022) - (409.772625)*sales(Abitibi,Lumber,2023) - (422.06580375)*sales(Abitibi,Lumber,2024) - (434.7277778625)*sales(Abitibi,Lumber,2025) - (447.769611198375)*sales(Abitibi,Lumber,2026) - (461.202699534326)*sales(Abitibi,Lumber,2027) - (475.038780520356)*sales(Abitibi,Lumber,2028) - (489.289943935967)*sales(Abitibi,Lumber,2029) - (503.968642254046)*sales(Abitibi,Lumber,2030) - (75)*sales(Abitibi,Pulpwood,2020) - (77.25)*sales(Abitibi,Pulpwood,2021) - (79.5675)*sales(Abitibi,Pulpwood,2022) - (81.954525)*sales(Abitibi,Pulpwood,2023) - (84.41316075)*sales(Abitibi,Pulpwood,2024) - (86.9455555725)*sales(Abitibi,Pulpwood,2025) - (89.553922239675)*sales(Abitibi,Pulpwood,2026) - (92.2405399068653)*sales(Abitibi,Pulpwood,2027) - (95.0077561040712)*sales(Abitibi,Pulpwood,2028) - (97.8579887871933)*sales(Abitibi,Pulpwood,2029) - (100.793728450809)*sales(Abitibi,Pulpwood,2030) - (700)*sales(Algoma,CLT,2020) - (721)*sales(Algoma,CLT,2021) - (742.63)*sales(Algoma,CLT,2022) - (764.9089)*sales(Algoma,CLT,2023) - (787.856167)*sales(Algoma,CLT,2024) - (811.49185201)*sales(Algoma,CLT,2025) - (835.8366075703)*sales(Algoma,CLT,2026) - (860.911705797409)*sales(Algoma,CLT,2027) - (886.739056971331)*sales(Algoma,CLT,2028) - (913.341228680471)*sales(Algoma,CLT,2029) - (940.741465540885)*sales(Algoma,CLT,2030) - (575)*sales(Algoma,Glulam,2020) - (592.25)*sales(Algoma,Glulam,2021) - (610.0175)*sales(Algoma,Glulam,2022) - (628.318025)*sales(Algoma,Glulam,2023) - (647.16756575)*sales(Algoma,Glulam,2024) - (666.5825927225)*sales(Algoma,Glulam,2025) - (686.580070504175)*sales(Algoma,Glulam,2026) - (707.1774726193)*sales(Algoma,Glulam,2027) - (728.392796797879)*sales(Algoma,Glulam,2028) - (750.244580701816)*sales(Algoma,Glulam,2029) - (772.75191812287)*sales(Algoma,Glulam,2030) - (375)*sales(Algoma,Lumber,2020) - (386.25)*sales(Algoma,Lumber,2021) - (397.8375)*sales(Algoma,Lumber,2022) - (409.772625)*sales(Algoma,Lumber,2023) - (422.06580375)*sales(Algoma,Lumber,2024) - (434.7277778625)*sales(Algoma,Lumber,2025) - (447.769611198375)*sales(Algoma,Lumber,2026) - (461.202699534326)*sales(Algoma,Lumber,2027) - (475.038780520356)*sales(Algoma,Lumber,2028) - (489.289943935967)*sales(Algoma,Lumber,2029) - (503.968642254046)*sales(Algoma,Lumber,2030) - (75)*sales(Algoma,Pulpwood,2020) - (77.25)*sales(Algoma,Pulpwood,2021) - (79.5675)*sales(Algoma,Pulpwood,2022) - (81.954525)*sales(Algoma,Pulpwood,2023) - (84.41316075)*sales(Algoma,Pulpwood,2024) - (86.9455555725)*sales(Algoma,Pulpwood,2025) - (89.553922239675)*sales(Algoma,Pulpwood,2026) - (92.2405399068653)*sales(Algoma,Pulpwood,2027) - (95.0077561040712)*sales(Algoma,Pulpwood,2028) - (97.8579887871933)*sales(Algoma,Pulpwood,2029) - (100.793728450809)*sales(Algoma,Pulpwood,2030) - (700)*sales(Kenora,CLT,2020) - (721)*sales(Kenora,CLT,2021) - (742.63)*sales(Kenora,CLT,2022) - (764.9089)*sales(Kenora,CLT,2023) - (787.856167)*sales(Kenora,CLT,2024) - (811.49185201)*sales(Kenora,CLT,2025) - (835.8366075703)*sales(Kenora,CLT,2026) - (860.911705797409)*sales(Kenora,CLT,2027) - (886.739056971331)*sales(Kenora,CLT,2028) - (913.341228680471)*sales(Kenora,CLT,2029) - (940.741465540885)*sales(Kenora,CLT,2030) - (575)*sales(Kenora,Glulam,2020) - (592.25)*sales(Kenora,Glulam,2021) - (610.0175)*sales(Kenora,Glulam,2022) - (628.318025)*sales(Kenora,Glulam,2023) - (647.16756575)*sales(Kenora,Glulam,2024) - (666.5825927225)*sales(Kenora,Glulam,2025) - (686.580070504175)*sales(Kenora,Glulam,2026) - (707.1774726193)*sales(Kenora,Glulam,2027) - (728.392796797879)*sales(Kenora,Glulam,2028) - (750.244580701816)*sales(Kenora,Glulam,2029) - (772.75191812287)*sales(Kenora,Glulam,2030) - (375)*sales(Kenora,Lumber,2020) - (386.25)*sales(Kenora,Lumber,2021) - (397.8375)*sales(Kenora,Lumber,2022) - (409.772625)*sales(Kenora,Lumber,2023) - (422.06580375)*sales(Kenora,Lumber,2024) - (434.7277778625)*sales(Kenora,Lumber,2025) - (447.769611198375)*sales(Kenora,Lumber,2026) - (461.202699534326)*sales(Kenora,Lumber,2027) - (475.038780520356)*sales(Kenora,Lumber,2028) - (489.289943935967)*sales(Kenora,Lumber,2029) - (503.968642254046)*sales(Kenora,Lumber,2030) - (75)*sales(Kenora,Pulpwood,2020) - (77.25)*sales(Kenora,Pulpwood,2021) - (79.5675)*sales(Kenora,Pulpwood,2022) - (81.954525)*sales(Kenora,Pulpwood,2023) - (84.41316075)*sales(Kenora,Pulpwood,2024) - (86.9455555725)*sales(Kenora,Pulpwood,2025) - (89.553922239675)*sales(Kenora,Pulpwood,2026) - (92.2405399068653)*sales(Kenora,Pulpwood,2027) - (95.0077561040712)*sales(Kenora,Pulpwood,2028) - (97.8579887871933)*sales(Kenora,Pulpwood,2029) - (100.793728450809)*sales(Kenora,Pulpwood,2030) - (700)*sales(Nipissing,CLT,2020) - (721)*sales(Nipissing,CLT,2021) - (742.63)*sales(Nipissing,CLT,2022) - (764.9089)*sales(Nipissing,CLT,2023) - (787.856167)*sales(Nipissing,CLT,2024) - (811.49185201)*sales(Nipissing,CLT,2025) - (835.8366075703)*sales(Nipissing,CLT,2026) - (860.911705797409)*sales(Nipissing,CLT,2027) - (886.739056971331)*sales(Nipissing,CLT,2028) - (913.341228680471)*sales(Nipissing,CLT,2029) - (940.741465540885)*sales(Nipissing,CLT,2030) - (575)*sales(Nipissing,Glulam,2020) - (592.25)*sales(Nipissing,Glulam,2021) - (610.0175)*sales(Nipissing,Glulam,2022) - (628.318025)*sales(Nipissing,Glulam,2023) - (647.16756575)*sales(Nipissing,Glulam,2024) - (666.5825927225)*sales(Nipissing,Glulam,2025) - (686.580070504175)*sales(Nipissing,Glulam,2026) - (707.1774726193)*sales(Nipissing,Glulam,2027) - (728.392796797879)*sales(Nipissing,Glulam,2028) - (750.244580701816)*sales(Nipissing,Glulam,2029) - (772.75191812287)*sales(Nipissing,Glulam,2030) - (375)*sales(Nipissing,Lumber,2020) - (386.25)*sales(Nipissing,Lumber,2021) - (397.8375)*sales(Nipissing,Lumber,2022) - (409.772625)*sales(Nipissing,Lumber,2023) - (422.06580375)*sales(Nipissing,Lumber,2024) - (434.7277778625)*sales(Nipissing,Lumber,2025) - (447.769611198375)*sales(Nipissing,Lumber,2026) - (461.202699534326)*sales(Nipissing,Lumber,2027) - (475.038780520356)*sales(Nipissing,Lumber,2028) - (489.289943935967)*sales(Nipissing,Lumber,2029) - (503.968642254046)*sales(Nipissing,Lumber,2030) - (75)*sales(Nipissing,Pulpwood,2020) - (77.25)*sales(Nipissing,Pulpwood,2021) - (79.5675)*sales(Nipissing,Pulpwood,2022) - (81.954525)*sales(Nipissing,Pulpwood,2023) - (84.41316075)*sales(Nipissing,Pulpwood,2024) - (86.9455555725)*sales(Nipissing,Pulpwood,2025) - (89.553922239675)*sales(Nipissing,Pulpwood,2026) - (92.2405399068653)*sales(Nipissing,Pulpwood,2027) - (95.0077561040712)*sales(Nipissing,Pulpwood,2028) - (97.8579887871933)*sales(Nipissing,Pulpwood,2029) - (100.793728450809)*sales(Nipissing,Pulpwood,2030) - (700)*sales(Algonquin,CLT,2020) - (721)*sales(Algonquin,CLT,2021) - (742.63)*sales(Algonquin,CLT,2022) - (764.9089)*sales(Algonquin,CLT,2023) - (787.856167)*sales(Algonquin,CLT,2024) - (811.49185201)*sales(Algonquin,CLT,2025) - (835.8366075703)*sales(Algonquin,CLT,2026) - (860.911705797409)*sales(Algonquin,CLT,2027) - (886.739056971331)*sales(Algonquin,CLT,2028) - (913.341228680471)*sales(Algonquin,CLT,2029) - (940.741465540885)*sales(Algonquin,CLT,2030) - (575)*sales(Algonquin,Glulam,2020) - (592.25)*sales(Algonquin,Glulam,2021) - (610.0175)*sales(Algonquin,Glulam,2022) - (628.318025)*sales(Algonquin,Glulam,2023) - (647.16756575)*sales(Algonquin,Glulam,2024) - (666.5825927225)*sales(Algonquin,Glulam,2025) - (686.580070504175)*sales(Algonquin,Glulam,2026) - (707.1774726193)*sales(Algonquin,Glulam,2027) - (728.392796797879)*sales(Algonquin,Glulam,2028) - (750.244580701816)*sales(Algonquin,Glulam,2029) - (772.75191812287)*sales(Algonquin,Glulam,2030) - (375)*sales(Algonquin,Lumber,2020) - (386.25)*sales(Algonquin,Lumber,2021) - (397.8375)*sales(Algonquin,Lumber,2022) - (409.772625)*sales(Algonquin,Lumber,2023) - (422.06580375)*sales(Algonquin,Lumber,2024) - (434.7277778625)*sales(Algonquin,Lumber,2025) - (447.769611198375)*sales(Algonquin,Lumber,2026) - (461.202699534326)*sales(Algonquin,Lumber,2027) - (475.038780520356)*sales(Algonquin,Lumber,2028) - (489.289943935967)*sales(Algonquin,Lumber,2029) - (503.968642254046)*sales(Algonquin,Lumber,2030) - (75)*sales(Algonquin,Pulpwood,2020) - (77.25)*sales(Algonquin,Pulpwood,2021) - (79.5675)*sales(Algonquin,Pulpwood,2022) - (81.954525)*sales(Algonquin,Pulpwood,2023) - (84.41316075)*sales(Algonquin,Pulpwood,2024) - (86.9455555725)*sales(Algonquin,Pulpwood,2025) - (89.553922239675)*sales(Algonquin,Pulpwood,2026) - (92.2405399068653)*sales(Algonquin,Pulpwood,2027) - (95.0077561040712)*sales(Algonquin,Pulpwood,2028) - (97.8579887871933)*sales(Algonquin,Pulpwood,2029) - (100.793728450809)*sales(Algonquin,Pulpwood,2030) - (0.0433683379646)*price(TroutLake,CLT,2020) - (0.0437365458368)*price(TroutLake,CLT,2021) - (0.04137149138)*price(TroutLake,CLT,2022) - (0.0410588843606)*price(TroutLake,CLT,2023) - (0.0398789530934)*price(TroutLake,CLT,2024) - (0.0399134996978)*price(TroutLake,CLT,2025) - (0.0387311285906)*price(TroutLake,CLT,2026) - (0.046921187144)*price(TroutLake,CLT,2027) - (0.0412753666412)*price(TroutLake,CLT,2028) - (0.0453906847022)*price(TroutLake,CLT,2029) - (0.0404603494316)*price(TroutLake,CLT,2030) - (0.0386799288644)*price(TroutLake,Glulam,2020) - (0.045038515871)*price(TroutLake,Glulam,2021) - (0.0381061711226)*price(TroutLake,Glulam,2022) - (0.0394605586814)*price(TroutLake,Glulam,2023) - (0.0374516717516)*price(TroutLake,Glulam,2024) - (0.0401500531304)*price(TroutLake,Glulam,2025) - (0.042498485045)*price(TroutLake,Glulam,2026) - (0.0389431158638)*price(TroutLake,Glulam,2027) - (0.039176528441)*price(TroutLake,Glulam,2028) - (0.0407725048868)*price(TroutLake,Glulam,2029) - (0.0406324417508)*price(TroutLake,Glulam,2030) - (0.83763826055)*price(TroutLake,Lumber,2020) - (0.97243509461)*price(TroutLake,Lumber,2021) - (0.97865646305)*price(TroutLake,Lumber,2022) - (0.84767964155)*price(TroutLake,Lumber,2023) - (0.84830659907)*price(TroutLake,Lumber,2024) - (0.9321154493)*price(TroutLake,Lumber,2025) - (0.85330366982)*price(TroutLake,Lumber,2026) - (0.96175022825)*price(TroutLake,Lumber,2027) - (0.7951113233)*price(TroutLake,Lumber,2028) - (0.92445056669)*price(TroutLake,Lumber,2029) - (0.78163787975)*price(TroutLake,Lumber,2030) - (0.7637339649)*price(TroutLake,Pulpwood,2020) - (0.6692532798)*price(TroutLake,Pulpwood,2021) - (0.66108150624)*price(TroutLake,Pulpwood,2022) - (0.73222098294)*price(TroutLake,Pulpwood,2023) - (0.75357861366)*price(TroutLake,Pulpwood,2024) - (0.7731979059)*price(TroutLake,Pulpwood,2025) - (0.7006349784)*price(TroutLake,Pulpwood,2026) - (0.73130185344)*price(TroutLake,Pulpwood,2027) - (0.70968110358)*price(TroutLake,Pulpwood,2028) - (0.68742706944)*price(TroutLake,Pulpwood,2029) - (0.82853811048)*price(TroutLake,Pulpwood,2030) - (0.041711138018)*price(Abitibi,CLT,2020) - (0.0387735639158)*price(Abitibi,CLT,2021) - (0.0413377672628)*price(Abitibi,CLT,2022) - (0.0412212540194)*price(Abitibi,CLT,2023) - (0.040138506608)*price(Abitibi,CLT,2024) - (0.047073379253)*price(Abitibi,CLT,2025) - (0.039327191315)*price(Abitibi,CLT,2026) - (0.0404345973896)*price(Abitibi,CLT,2027) - (0.0381604382132)*price(Abitibi,CLT,2028) - (0.0414937318214)*price(Abitibi,CLT,2029) - (0.0384372298094)*price(Abitibi,CLT,2030) - (0.041315674022)*price(Abitibi,Glulam,2020) - (0.0407057580554)*price(Abitibi,Glulam,2021) - (0.0393597706964)*price(Abitibi,Glulam,2022) - (0.0385461580472)*price(Abitibi,Glulam,2023) - (0.0434848930688)*price(Abitibi,Glulam,2024) - (0.0426167790656)*price(Abitibi,Glulam,2025) - (0.0378596738018)*price(Abitibi,Glulam,2026) - (0.0453876404408)*price(Abitibi,Glulam,2027) - (0.047046644033)*price(Abitibi,Glulam,2028) - (0.0434839180712)*price(Abitibi,Glulam,2029) - (0.0435948812702)*price(Abitibi,Glulam,2030) - (1.2087528413)*price(Abitibi,Lumber,2020) - (1.2782203883)*price(Abitibi,Lumber,2021) - (1.3039562237)*price(Abitibi,Lumber,2022) - (1.2519764066)*price(Abitibi,Lumber,2023) - (1.1477761652)*price(Abitibi,Lumber,2024) - (1.2970676315)*price(Abitibi,Lumber,2025) - (1.2571638806)*price(Abitibi,Lumber,2026) - (1.1373189449)*price(Abitibi,Lumber,2027) - (1.3960162172)*price(Abitibi,Lumber,2028) - (1.1684369195)*price(Abitibi,Lumber,2029) - (1.3026964709)*price(Abitibi,Lumber,2030) - (1.59963988452)*price(Abitibi,Pulpwood,2020) - (1.65568264404)*price(Abitibi,Pulpwood,2021) - (1.39244696268)*price(Abitibi,Pulpwood,2022) - (1.42696898052)*price(Abitibi,Pulpwood,2023) - (1.39100190648)*price(Abitibi,Pulpwood,2024) - (1.40868445812)*price(Abitibi,Pulpwood,2025) - (1.55273153028)*price(Abitibi,Pulpwood,2026) - (1.58459013996)*price(Abitibi,Pulpwood,2027) - (1.35075722784)*price(Abitibi,Pulpwood,2028) - (1.37412517776)*price(Abitibi,Pulpwood,2029) - (1.47630785676)*price(Abitibi,Pulpwood,2030) - (0.039306766631)*price(Algoma,CLT,2020) - (0.0444654681614)*price(Algoma,CLT,2021) - (0.0451823322602)*price(Algoma,CLT,2022) - (0.0389790226688)*price(Algoma,CLT,2023) - (0.0413716595168)*price(Algoma,CLT,2024) - (0.044493360857)*price(Algoma,CLT,2025) - (0.0460272821348)*price(Algoma,CLT,2026) - (0.0436497536594)*price(Algoma,CLT,2027) - (0.0473549131046)*price(Algoma,CLT,2028) - (0.0376742717372)*price(Algoma,CLT,2029) - (0.0393119770562)*price(Algoma,CLT,2030) - (0.0382886121272)*price(Algoma,Glulam,2020) - (0.0429120865076)*price(Algoma,Glulam,2021) - (0.0386940157478)*price(Algoma,Glulam,2022) - (0.0448867901366)*price(Algoma,Glulam,2023) - (0.038554966502)*price(Algoma,Glulam,2024) - (0.0423812102594)*price(Algoma,Glulam,2025) - (0.0455151237842)*price(Algoma,Glulam,2026) - (0.0424188801446)*price(Algoma,Glulam,2027) - (0.0428423221184)*price(Algoma,Glulam,2028) - (0.0375083690228)*price(Algoma,Glulam,2029) - (0.042947475581)*price(Algoma,Glulam,2030) - (1.11180485349)*price(Algoma,Lumber,2020) - (1.25333866395)*price(Algoma,Lumber,2021) - (1.03963874103)*price(Algoma,Lumber,2022) - (1.03415371209)*price(Algoma,Lumber,2023) - (0.99665129799)*price(Algoma,Lumber,2024) - (1.03801209498)*price(Algoma,Lumber,2025) - (1.00655599824)*price(Algoma,Lumber,2026) - (0.99449385246)*price(Algoma,Lumber,2027) - (1.21562680977)*price(Algoma,Lumber,2028) - (1.15244793891)*price(Algoma,Lumber,2029) - (0.9972945306)*price(Algoma,Lumber,2030) - (1.1588281592)*price(Algoma,Pulpwood,2020) - (1.3852132235)*price(Algoma,Pulpwood,2021) - (1.2006625262)*price(Algoma,Pulpwood,2022) - (1.2782787473)*price(Algoma,Pulpwood,2023) - (1.1777573975)*price(Algoma,Pulpwood,2024) - (1.2921901142)*price(Algoma,Pulpwood,2025) - (1.146574709)*price(Algoma,Pulpwood,2026) - (1.2380049704)*price(Algoma,Pulpwood,2027) - (1.2180019862)*price(Algoma,Pulpwood,2028) - (1.3416387425)*price(Algoma,Pulpwood,2029) - (1.2622975322)*price(Algoma,Pulpwood,2030) - (0.0413853627986)*price(Kenora,CLT,2020) - (0.0430897542284)*price(Kenora,CLT,2021) - (0.0469141573346)*price(Kenora,CLT,2022) - (0.0409574085284)*price(Kenora,CLT,2023) - (0.0374845293686)*price(Kenora,CLT,2024) - (0.0470781289238)*price(Kenora,CLT,2025) - (0.0432336218114)*price(Kenora,CLT,2026) - (0.0408029888108)*price(Kenora,CLT,2027) - (0.0474342249794)*price(Kenora,CLT,2028) - (0.0452178726812)*price(Kenora,CLT,2029) - (0.0385229645528)*price(Kenora,CLT,2030) - (0.0475469959346)*price(Kenora,Glulam,2020) - (0.0433193101142)*price(Kenora,Glulam,2021) - (0.0390974391914)*price(Kenora,Glulam,2022) - (0.0439622436032)*price(Kenora,Glulam,2023) - (0.040911985715)*price(Kenora,Glulam,2024) - (0.0467057204162)*price(Kenora,Glulam,2025) - (0.0465806381018)*price(Kenora,Glulam,2026) - (0.0375658355882)*price(Kenora,Glulam,2027) - (0.0411600318344)*price(Kenora,Glulam,2028) - (0.044176675133)*price(Kenora,Glulam,2029) - (0.043452483854)*price(Kenora,Glulam,2030) - (0.55518563425)*price(Kenora,Lumber,2020) - (0.676272967)*price(Kenora,Lumber,2021) - (0.6898121008)*price(Kenora,Lumber,2022) - (0.62619470155)*price(Kenora,Lumber,2023) - (0.5949395158)*price(Kenora,Lumber,2024) - (0.6244935145)*price(Kenora,Lumber,2025) - (0.5567395663)*price(Kenora,Lumber,2026) - (0.6660555151)*price(Kenora,Lumber,2027) - (0.6299454784)*price(Kenora,Lumber,2028) - (0.662015029)*price(Kenora,Lumber,2029) - (0.6580075219)*price(Kenora,Lumber,2030) - (0.51579206888)*price(Kenora,Pulpwood,2020) - (0.4537900148)*price(Kenora,Pulpwood,2021) - (0.55653924404)*price(Kenora,Pulpwood,2022) - (0.52480918052)*price(Kenora,Pulpwood,2023) - (0.55835260664)*price(Kenora,Pulpwood,2024) - (0.54257847608)*price(Kenora,Pulpwood,2025) - (0.5145729344)*price(Kenora,Pulpwood,2026) - (0.52415778548)*price(Kenora,Pulpwood,2027) - (0.52410664064)*price(Kenora,Pulpwood,2028) - (0.53488432388)*price(Kenora,Pulpwood,2029) - (0.51322694312)*price(Kenora,Pulpwood,2030) - (0.0379539894788)*price(Nipissing,CLT,2020) - (0.0423487962506)*price(Nipissing,CLT,2021) - (0.0379359889982)*price(Nipissing,CLT,2022) - (0.0445255247516)*price(Nipissing,CLT,2023) - (0.0393867928934)*price(Nipissing,CLT,2024) - (0.0397055504312)*price(Nipissing,CLT,2025) - (0.0456990794276)*price(Nipissing,CLT,2026) - (0.0475156512734)*price(Nipissing,CLT,2027) - (0.0450568332758)*price(Nipissing,CLT,2028) - (0.0447271051178)*price(Nipissing,CLT,2029) - (0.0374060295872)*price(Nipissing,CLT,2030) - (0.0400913470508)*price(Nipissing,Glulam,2020) - (0.0458029640918)*price(Nipissing,Glulam,2021) - (0.0457591908326)*price(Nipissing,Glulam,2022) - (0.046176198269)*price(Nipissing,Glulam,2023) - (0.0395694055844)*price(Nipissing,Glulam,2024) - (0.0420592487792)*price(Nipissing,Glulam,2025) - (0.037791299693)*price(Nipissing,Glulam,2026) - (0.040694619788)*price(Nipissing,Glulam,2027) - (0.0418867493984)*price(Nipissing,Glulam,2028) - (0.0406163559938)*price(Nipissing,Glulam,2029) - (0.0387746150258)*price(Nipissing,Glulam,2030) - (1.74627297026)*price(Nipissing,Lumber,2020) - (1.59254897906)*price(Nipissing,Lumber,2021) - (1.4852946563)*price(Nipissing,Lumber,2022) - (1.61155851038)*price(Nipissing,Lumber,2023) - (1.54036758707)*price(Nipissing,Lumber,2024) - (1.77931583687)*price(Nipissing,Lumber,2025) - (1.45511900612)*price(Nipissing,Lumber,2026) - (1.59169374962)*price(Nipissing,Lumber,2027) - (1.56322937888)*price(Nipissing,Lumber,2028) - (1.61263155989)*price(Nipissing,Lumber,2029) - (1.68064130975)*price(Nipissing,Lumber,2030) - (1.81030177174)*price(Nipissing,Pulpwood,2020) - (1.68179438392)*price(Nipissing,Pulpwood,2021) - (1.58234275822)*price(Nipissing,Pulpwood,2022) - (1.9204473316)*price(Nipissing,Pulpwood,2023) - (1.631287336)*price(Nipissing,Pulpwood,2024) - (1.9259238334)*price(Nipissing,Pulpwood,2025) - (1.7297368627)*price(Nipissing,Pulpwood,2026) - (1.5777708898)*price(Nipissing,Pulpwood,2027) - (1.69716337)*price(Nipissing,Pulpwood,2028) - (1.71429579076)*price(Nipissing,Pulpwood,2029) - (1.70976182188)*price(Nipissing,Pulpwood,2030) - (0.0385390220966)*price(Algonquin,CLT,2020) - (0.045061511975)*price(Algonquin,CLT,2021) - (0.0455947206674)*price(Algonquin,CLT,2022) - (0.0376413065918)*price(Algonquin,CLT,2023) - (0.0423049644026)*price(Algonquin,CLT,2024) - (0.0402415726508)*price(Algonquin,CLT,2025) - (0.0465964615148)*price(Algonquin,CLT,2026) - (0.0375793816268)*price(Algonquin,CLT,2027) - (0.0443466006866)*price(Algonquin,CLT,2028) - (0.0470992486664)*price(Algonquin,CLT,2029) - (0.0465817895186)*price(Algonquin,CLT,2030) - (0.0465677931092)*price(Algonquin,Glulam,2020) - (0.046319513369)*price(Algonquin,Glulam,2021) - (0.0413881515296)*price(Algonquin,Glulam,2022) - (0.0425429838608)*price(Algonquin,Glulam,2023) - (0.0458788987262)*price(Algonquin,Glulam,2024) - (0.0435418045094)*price(Algonquin,Glulam,2025) - (0.0382389089144)*price(Algonquin,Glulam,2026) - (0.043293123032)*price(Algonquin,Glulam,2027) - (0.0434503952714)*price(Algonquin,Glulam,2028) - (0.0443744819888)*price(Algonquin,Glulam,2029) - (0.0390194678312)*price(Algonquin,Glulam,2030) - (0.95962645168)*price(Algonquin,Lumber,2020) - (0.95580527968)*price(Algonquin,Lumber,2021) - (1.00478361784)*price(Algonquin,Lumber,2022) - (0.9673091596)*price(Algonquin,Lumber,2023) - (0.9202615312)*price(Algonquin,Lumber,2024) - (1.04394055888)*price(Algonquin,Lumber,2025) - (1.00129428616)*price(Algonquin,Lumber,2026) - (1.0182964192)*price(Algonquin,Lumber,2027) - (1.05275853904)*price(Algonquin,Lumber,2028) - (1.0440948268)*price(Algonquin,Lumber,2029) - (0.88476385336)*price(Algonquin,Lumber,2030) - (1.08155103208)*price(Algonquin,Pulpwood,2020) - (1.05041177992)*price(Algonquin,Pulpwood,2021) - (0.91732226752)*price(Algonquin,Pulpwood,2022) - (1.02657136192)*price(Algonquin,Pulpwood,2023) - (1.03877264632)*price(Algonquin,Pulpwood,2024) - (0.92664802096)*price(Algonquin,Pulpwood,2025) - (0.96724456864)*price(Algonquin,Pulpwood,2026) - (1.02973519816)*price(Algonquin,Pulpwood,2027) - (1.05553342384)*price(Algonquin,Pulpwood,2028) - (0.97935360568)*price(Algonquin,Pulpwood,2029) - (0.91779854128)*price(Algonquin,Pulpwood,2030) + revenue =E= 0 ; (LHS = -41446.2249469737, INFES = 41446.2249469737 ****)
     

---- harvestCostEq  =E=  

harvestCostEq..  - 35.5052782032*harvestRW(TroutLake,2020) - 40.6088269808*harvestRW(TroutLake,2021) - 38.3828527056*harvestRW(TroutLake,2022) - 36.4886480704*harvestRW(TroutLake,2023) - 36.4208120892*harvestRW(TroutLake,2024) - 35.9028017892*harvestRW(TroutLake,2025) - 36.8587118304*harvestRW(TroutLake,2026) - 40.7076546372*harvestRW(TroutLake,2027) - 34.7100642948*harvestRW(TroutLake,2028) - 38.0016010844*harvestRW(TroutLake,2029) - 41.7856939652*harvestRW(TroutLake,2030) - 38.5983736728*harvestRW(Abitibi,2020) - 41.7326110964*harvestRW(Abitibi,2021) - 39.9931035492*harvestRW(Abitibi,2022) - 35.1932628708*harvestRW(Abitibi,2023) - 39.0618625684*harvestRW(Abitibi,2024) - 35.4123357664*harvestRW(Abitibi,2025) - 36.1006120508*harvestRW(Abitibi,2026) - 39.2838574284*harvestRW(Abitibi,2027) - 37.5087084956*harvestRW(Abitibi,2028) - 36.9337220216*harvestRW(Abitibi,2029) - 36.8709543968*harvestRW(Abitibi,2030) - 35.199336084*harvestRW(Algoma,2020) - 35.3407735888*harvestRW(Algoma,2021) - 38.67726374*harvestRW(Algoma,2022) - 40.5147853712*harvestRW(Algoma,2023) - 35.9541996088*harvestRW(Algoma,2024) - 39.259581896*harvestRW(Algoma,2025) - 40.0965178056*harvestRW(Algoma,2026) - 36.5078044252*harvestRW(Algoma,2027) - 35.0397414116*harvestRW(Algoma,2028) - 38.0181249816*harvestRW(Algoma,2029) - 35.4173129912*harvestRW(Algoma,2030) - 40.8307135636*harvestRW(Kenora,2020) - 36.214870542*harvestRW(Kenora,2021) - 36.3721888472*harvestRW(Kenora,2022) - 38.7140650072*harvestRW(Kenora,2023) - 39.6926649396*harvestRW(Kenora,2024) - 38.9746899452*harvestRW(Kenora,2025) - 37.724863774*harvestRW(Kenora,2026) - 37.3411331544*harvestRW(Kenora,2027) - 35.0944847132*harvestRW(Kenora,2028) - 36.5880132292*harvestRW(Kenora,2029) - 34.5537915064*harvestRW(Kenora,2030) - 36.7729820672*harvestRW(Nipissing,2020) - 35.5839569068*harvestRW(Nipissing,2021) - 39.1075261652*harvestRW(Nipissing,2022) - 38.4616661572*harvestRW(Nipissing,2023) - 40.051709072*harvestRW(Nipissing,2024) - 36.4633245664*harvestRW(Nipissing,2025) - 39.2244075836*harvestRW(Nipissing,2026) - 39.9442447224*harvestRW(Nipissing,2027) - 38.9686009924*harvestRW(Nipissing,2028) - 36.3573679048*harvestRW(Nipissing,2029) - 34.8568271424*harvestRW(Nipissing,2030) - 34.9791114844*harvestRW(Algonquin,2020) - 39.0735087476*harvestRW(Algonquin,2021) - 38.3443521848*harvestRW(Algonquin,2022) - 34.4395888752*harvestRW(Algonquin,2023) - 40.2219408792*harvestRW(Algonquin,2024) - 34.7530291848*harvestRW(Algonquin,2025) - 35.5350239724*harvestRW(Algonquin,2026) - 38.1948078588*harvestRW(Algonquin,2027) - 39.9015782844*harvestRW(Algonquin,2028) - 35.5537402264*harvestRW(Algonquin,2029) - 34.4594714936*harvestRW(Algonquin,2030) + harvestCostTot =E= 0 ; (LHS = -1336690.30380685, INFES = 1336690.30380685 ****)
     

---- procCostEq  =E=  

procCostEq..  - 200*production(TroutLake,CLT,2020) - 196*production(TroutLake,CLT,2021) - 192.08*production(TroutLake,CLT,2022) - 188.2384*production(TroutLake,CLT,2023) - 184.473632*production(TroutLake,CLT,2024) - 180.78415936*production(TroutLake,CLT,2025) - 177.1684761728*production(TroutLake,CLT,2026) - 173.625106649344*production(TroutLake,CLT,2027) - 170.152604516357*production(TroutLake,CLT,2028) - 166.74955242603*production(TroutLake,CLT,2029) - 163.414561377509*production(TroutLake,CLT,2030) - 170*production(TroutLake,Glulam,2020) - 166.6*production(TroutLake,Glulam,2021) - 163.268*production(TroutLake,Glulam,2022) - 160.00264*production(TroutLake,Glulam,2023) - 156.8025872*production(TroutLake,Glulam,2024) - 153.666535456*production(TroutLake,Glulam,2025) - 150.59320474688*production(TroutLake,Glulam,2026) - 147.581340651942*production(TroutLake,Glulam,2027) - 144.629713838904*production(TroutLake,Glulam,2028) - 141.737119562125*production(TroutLake,Glulam,2029) - 138.902377170883*production(TroutLake,Glulam,2030) - 120*production(TroutLake,Lumber,2020) - 117.6*production(TroutLake,Lumber,2021) - 115.248*production(TroutLake,Lumber,2022) - 112.94304*production(TroutLake,Lumber,2023) - 110.6841792*production(TroutLake,Lumber,2024) - 108.470495616*production(TroutLake,Lumber,2025) - 106.30108570368*production(TroutLake,Lumber,2026) - 104.175063989606*production(TroutLake,Lumber,2027) - 102.091562709814*production(TroutLake,Lumber,2028) - 100.049731455618*production(TroutLake,Lumber,2029) - 98.0487368265056*production(TroutLake,Lumber,2030) - 20*production(TroutLake,Pulpwood,2020) - 19.6*production(TroutLake,Pulpwood,2021) - 19.208*production(TroutLake,Pulpwood,2022) - 18.82384*production(TroutLake,Pulpwood,2023) - 18.4473632*production(TroutLake,Pulpwood,2024) - 18.078415936*production(TroutLake,Pulpwood,2025) - 17.71684761728*production(TroutLake,Pulpwood,2026) - 17.3625106649344*production(TroutLake,Pulpwood,2027) - 17.0152604516357*production(TroutLake,Pulpwood,2028) - 16.674955242603*production(TroutLake,Pulpwood,2029) - 16.3414561377509*production(TroutLake,Pulpwood,2030) - 200*production(Abitibi,CLT,2020) - 196*production(Abitibi,CLT,2021) - 192.08*production(Abitibi,CLT,2022) - 188.2384*production(Abitibi,CLT,2023) - 184.473632*production(Abitibi,CLT,2024) - 180.78415936*production(Abitibi,CLT,2025) - 177.1684761728*production(Abitibi,CLT,2026) - 173.625106649344*production(Abitibi,CLT,2027) - 170.152604516357*production(Abitibi,CLT,2028) - 166.74955242603*production(Abitibi,CLT,2029) - 163.414561377509*production(Abitibi,CLT,2030) - 170*production(Abitibi,Glulam,2020) - 166.6*production(Abitibi,Glulam,2021) - 163.268*production(Abitibi,Glulam,2022) - 160.00264*production(Abitibi,Glulam,2023) - 156.8025872*production(Abitibi,Glulam,2024) - 153.666535456*production(Abitibi,Glulam,2025) - 150.59320474688*production(Abitibi,Glulam,2026) - 147.581340651942*production(Abitibi,Glulam,2027) - 144.629713838904*production(Abitibi,Glulam,2028) - 141.737119562125*production(Abitibi,Glulam,2029) - 138.902377170883*production(Abitibi,Glulam,2030) - 120*production(Abitibi,Lumber,2020) - 117.6*production(Abitibi,Lumber,2021) - 115.248*production(Abitibi,Lumber,2022) - 112.94304*production(Abitibi,Lumber,2023) - 110.6841792*production(Abitibi,Lumber,2024) - 108.470495616*production(Abitibi,Lumber,2025) - 106.30108570368*production(Abitibi,Lumber,2026) - 104.175063989606*production(Abitibi,Lumber,2027) - 102.091562709814*production(Abitibi,Lumber,2028) - 100.049731455618*production(Abitibi,Lumber,2029) - 98.0487368265056*production(Abitibi,Lumber,2030) - 20*production(Abitibi,Pulpwood,2020) - 19.6*production(Abitibi,Pulpwood,2021) - 19.208*production(Abitibi,Pulpwood,2022) - 18.82384*production(Abitibi,Pulpwood,2023) - 18.4473632*production(Abitibi,Pulpwood,2024) - 18.078415936*production(Abitibi,Pulpwood,2025) - 17.71684761728*production(Abitibi,Pulpwood,2026) - 17.3625106649344*production(Abitibi,Pulpwood,2027) - 17.0152604516357*production(Abitibi,Pulpwood,2028) - 16.674955242603*production(Abitibi,Pulpwood,2029) - 16.3414561377509*production(Abitibi,Pulpwood,2030) - 200*production(Algoma,CLT,2020) - 196*production(Algoma,CLT,2021) - 192.08*production(Algoma,CLT,2022) - 188.2384*production(Algoma,CLT,2023) - 184.473632*production(Algoma,CLT,2024) - 180.78415936*production(Algoma,CLT,2025) - 177.1684761728*production(Algoma,CLT,2026) - 173.625106649344*production(Algoma,CLT,2027) - 170.152604516357*production(Algoma,CLT,2028) - 166.74955242603*production(Algoma,CLT,2029) - 163.414561377509*production(Algoma,CLT,2030) - 170*production(Algoma,Glulam,2020) - 166.6*production(Algoma,Glulam,2021) - 163.268*production(Algoma,Glulam,2022) - 160.00264*production(Algoma,Glulam,2023) - 156.8025872*production(Algoma,Glulam,2024) - 153.666535456*production(Algoma,Glulam,2025) - 150.59320474688*production(Algoma,Glulam,2026) - 147.581340651942*production(Algoma,Glulam,2027) - 144.629713838904*production(Algoma,Glulam,2028) - 141.737119562125*production(Algoma,Glulam,2029) - 138.902377170883*production(Algoma,Glulam,2030) - 120*production(Algoma,Lumber,2020) - 117.6*production(Algoma,Lumber,2021) - 115.248*production(Algoma,Lumber,2022) - 112.94304*production(Algoma,Lumber,2023) - 110.6841792*production(Algoma,Lumber,2024) - 108.470495616*production(Algoma,Lumber,2025) - 106.30108570368*production(Algoma,Lumber,2026) - 104.175063989606*production(Algoma,Lumber,2027) - 102.091562709814*production(Algoma,Lumber,2028) - 100.049731455618*production(Algoma,Lumber,2029) - 98.0487368265056*production(Algoma,Lumber,2030) - 20*production(Algoma,Pulpwood,2020) - 19.6*production(Algoma,Pulpwood,2021) - 19.208*production(Algoma,Pulpwood,2022) - 18.82384*production(Algoma,Pulpwood,2023) - 18.4473632*production(Algoma,Pulpwood,2024) - 18.078415936*production(Algoma,Pulpwood,2025) - 17.71684761728*production(Algoma,Pulpwood,2026) - 17.3625106649344*production(Algoma,Pulpwood,2027) - 17.0152604516357*production(Algoma,Pulpwood,2028) - 16.674955242603*production(Algoma,Pulpwood,2029) - 16.3414561377509*production(Algoma,Pulpwood,2030) - 200*production(Kenora,CLT,2020) - 196*production(Kenora,CLT,2021) - 192.08*production(Kenora,CLT,2022) - 188.2384*production(Kenora,CLT,2023) - 184.473632*production(Kenora,CLT,2024) - 180.78415936*production(Kenora,CLT,2025) - 177.1684761728*production(Kenora,CLT,2026) - 173.625106649344*production(Kenora,CLT,2027) - 170.152604516357*production(Kenora,CLT,2028) - 166.74955242603*production(Kenora,CLT,2029) - 163.414561377509*production(Kenora,CLT,2030) - 170*production(Kenora,Glulam,2020) - 166.6*production(Kenora,Glulam,2021) - 163.268*production(Kenora,Glulam,2022) - 160.00264*production(Kenora,Glulam,2023) - 156.8025872*production(Kenora,Glulam,2024) - 153.666535456*production(Kenora,Glulam,2025) - 150.59320474688*production(Kenora,Glulam,2026) - 147.581340651942*production(Kenora,Glulam,2027) - 144.629713838904*production(Kenora,Glulam,2028) - 141.737119562125*production(Kenora,Glulam,2029) - 138.902377170883*production(Kenora,Glulam,2030) - 120*production(Kenora,Lumber,2020) - 117.6*production(Kenora,Lumber,2021) - 115.248*production(Kenora,Lumber,2022) - 112.94304*production(Kenora,Lumber,2023) - 110.6841792*production(Kenora,Lumber,2024) - 108.470495616*production(Kenora,Lumber,2025) - 106.30108570368*production(Kenora,Lumber,2026) - 104.175063989606*production(Kenora,Lumber,2027) - 102.091562709814*production(Kenora,Lumber,2028) - 100.049731455618*production(Kenora,Lumber,2029) - 98.0487368265056*production(Kenora,Lumber,2030) - 20*production(Kenora,Pulpwood,2020) - 19.6*production(Kenora,Pulpwood,2021) - 19.208*production(Kenora,Pulpwood,2022) - 18.82384*production(Kenora,Pulpwood,2023) - 18.4473632*production(Kenora,Pulpwood,2024) - 18.078415936*production(Kenora,Pulpwood,2025) - 17.71684761728*production(Kenora,Pulpwood,2026) - 17.3625106649344*production(Kenora,Pulpwood,2027) - 17.0152604516357*production(Kenora,Pulpwood,2028) - 16.674955242603*production(Kenora,Pulpwood,2029) - 16.3414561377509*production(Kenora,Pulpwood,2030) - 200*production(Nipissing,CLT,2020) - 196*production(Nipissing,CLT,2021) - 192.08*production(Nipissing,CLT,2022) - 188.2384*production(Nipissing,CLT,2023) - 184.473632*production(Nipissing,CLT,2024) - 180.78415936*production(Nipissing,CLT,2025) - 177.1684761728*production(Nipissing,CLT,2026) - 173.625106649344*production(Nipissing,CLT,2027) - 170.152604516357*production(Nipissing,CLT,2028) - 166.74955242603*production(Nipissing,CLT,2029) - 163.414561377509*production(Nipissing,CLT,2030) - 170*production(Nipissing,Glulam,2020) - 166.6*production(Nipissing,Glulam,2021) - 163.268*production(Nipissing,Glulam,2022) - 160.00264*production(Nipissing,Glulam,2023) - 156.8025872*production(Nipissing,Glulam,2024) - 153.666535456*production(Nipissing,Glulam,2025) - 150.59320474688*production(Nipissing,Glulam,2026) - 147.581340651942*production(Nipissing,Glulam,2027) - 144.629713838904*production(Nipissing,Glulam,2028) - 141.737119562125*production(Nipissing,Glulam,2029) - 138.902377170883*production(Nipissing,Glulam,2030) - 120*production(Nipissing,Lumber,2020) - 117.6*production(Nipissing,Lumber,2021) - 115.248*production(Nipissing,Lumber,2022) - 112.94304*production(Nipissing,Lumber,2023) - 110.6841792*production(Nipissing,Lumber,2024) - 108.470495616*production(Nipissing,Lumber,2025) - 106.30108570368*production(Nipissing,Lumber,2026) - 104.175063989606*production(Nipissing,Lumber,2027) - 102.091562709814*production(Nipissing,Lumber,2028) - 100.049731455618*production(Nipissing,Lumber,2029) - 98.0487368265056*production(Nipissing,Lumber,2030) - 20*production(Nipissing,Pulpwood,2020) - 19.6*production(Nipissing,Pulpwood,2021) - 19.208*production(Nipissing,Pulpwood,2022) - 18.82384*production(Nipissing,Pulpwood,2023) - 18.4473632*production(Nipissing,Pulpwood,2024) - 18.078415936*production(Nipissing,Pulpwood,2025) - 17.71684761728*production(Nipissing,Pulpwood,2026) - 17.3625106649344*production(Nipissing,Pulpwood,2027) - 17.0152604516357*production(Nipissing,Pulpwood,2028) - 16.674955242603*production(Nipissing,Pulpwood,2029) - 16.3414561377509*production(Nipissing,Pulpwood,2030) - 200*production(Algonquin,CLT,2020) - 196*production(Algonquin,CLT,2021) - 192.08*production(Algonquin,CLT,2022) - 188.2384*production(Algonquin,CLT,2023) - 184.473632*production(Algonquin,CLT,2024) - 180.78415936*production(Algonquin,CLT,2025) - 177.1684761728*production(Algonquin,CLT,2026) - 173.625106649344*production(Algonquin,CLT,2027) - 170.152604516357*production(Algonquin,CLT,2028) - 166.74955242603*production(Algonquin,CLT,2029) - 163.414561377509*production(Algonquin,CLT,2030) - 170*production(Algonquin,Glulam,2020) - 166.6*production(Algonquin,Glulam,2021) - 163.268*production(Algonquin,Glulam,2022) - 160.00264*production(Algonquin,Glulam,2023) - 156.8025872*production(Algonquin,Glulam,2024) - 153.666535456*production(Algonquin,Glulam,2025) - 150.59320474688*production(Algonquin,Glulam,2026) - 147.581340651942*production(Algonquin,Glulam,2027) - 144.629713838904*production(Algonquin,Glulam,2028) - 141.737119562125*production(Algonquin,Glulam,2029) - 138.902377170883*production(Algonquin,Glulam,2030) - 120*production(Algonquin,Lumber,2020) - 117.6*production(Algonquin,Lumber,2021) - 115.248*production(Algonquin,Lumber,2022) - 112.94304*production(Algonquin,Lumber,2023) - 110.6841792*production(Algonquin,Lumber,2024) - 108.470495616*production(Algonquin,Lumber,2025) - 106.30108570368*production(Algonquin,Lumber,2026) - 104.175063989606*production(Algonquin,Lumber,2027) - 102.091562709814*production(Algonquin,Lumber,2028) - 100.049731455618*production(Algonquin,Lumber,2029) - 98.0487368265056*production(Algonquin,Lumber,2030) - 20*production(Algonquin,Pulpwood,2020) - 19.6*production(Algonquin,Pulpwood,2021) - 19.208*production(Algonquin,Pulpwood,2022) - 18.82384*production(Algonquin,Pulpwood,2023) - 18.4473632*production(Algonquin,Pulpwood,2024) - 18.078415936*production(Algonquin,Pulpwood,2025) - 17.71684761728*production(Algonquin,Pulpwood,2026) - 17.3625106649344*production(Algonquin,Pulpwood,2027) - 17.0152604516357*production(Algonquin,Pulpwood,2028) - 16.674955242603*production(Algonquin,Pulpwood,2029) - 16.3414561377509*production(Algonquin,Pulpwood,2030) + procCostTot =E= 0 ; (LHS = -9959.71932702313, INFES = 9959.71932702313 ****)
     

---- transCostEq  =E=  

transCostEq..  - 38*exports(TroutLake,Abitibi,CLT,2020) - 38*exports(TroutLake,Abitibi,CLT,2021) - 38*exports(TroutLake,Abitibi,CLT,2022) - 38*exports(TroutLake,Abitibi,CLT,2023) - 38*exports(TroutLake,Abitibi,CLT,2024) - 38*exports(TroutLake,Abitibi,CLT,2025) - 38*exports(TroutLake,Abitibi,CLT,2026) - 38*exports(TroutLake,Abitibi,CLT,2027) - 38*exports(TroutLake,Abitibi,CLT,2028) - 38*exports(TroutLake,Abitibi,CLT,2029) - 38*exports(TroutLake,Abitibi,CLT,2030) - 38*exports(TroutLake,Abitibi,Glulam,2020) - 38*exports(TroutLake,Abitibi,Glulam,2021) - 38*exports(TroutLake,Abitibi,Glulam,2022) - 38*exports(TroutLake,Abitibi,Glulam,2023) - 38*exports(TroutLake,Abitibi,Glulam,2024) - 38*exports(TroutLake,Abitibi,Glulam,2025) - 38*exports(TroutLake,Abitibi,Glulam,2026) - 38*exports(TroutLake,Abitibi,Glulam,2027) - 38*exports(TroutLake,Abitibi,Glulam,2028) - 38*exports(TroutLake,Abitibi,Glulam,2029) - 38*exports(TroutLake,Abitibi,Glulam,2030) - 38*exports(TroutLake,Abitibi,Lumber,2020) - 38*exports(TroutLake,Abitibi,Lumber,2021) - 38*exports(TroutLake,Abitibi,Lumber,2022) - 38*exports(TroutLake,Abitibi,Lumber,2023) - 38*exports(TroutLake,Abitibi,Lumber,2024) - 38*exports(TroutLake,Abitibi,Lumber,2025) - 38*exports(TroutLake,Abitibi,Lumber,2026) - 38*exports(TroutLake,Abitibi,Lumber,2027) - 38*exports(TroutLake,Abitibi,Lumber,2028) - 38*exports(TroutLake,Abitibi,Lumber,2029) - 38*exports(TroutLake,Abitibi,Lumber,2030) - 38*exports(TroutLake,Abitibi,Pulpwood,2020) - 38*exports(TroutLake,Abitibi,Pulpwood,2021) - 38*exports(TroutLake,Abitibi,Pulpwood,2022) - 38*exports(TroutLake,Abitibi,Pulpwood,2023) - 38*exports(TroutLake,Abitibi,Pulpwood,2024) - 38*exports(TroutLake,Abitibi,Pulpwood,2025) - 38*exports(TroutLake,Abitibi,Pulpwood,2026) - 38*exports(TroutLake,Abitibi,Pulpwood,2027) - 38*exports(TroutLake,Abitibi,Pulpwood,2028) - 38*exports(TroutLake,Abitibi,Pulpwood,2029) - 38*exports(TroutLake,Abitibi,Pulpwood,2030) - 42*exports(TroutLake,Algoma,CLT,2020) - 42*exports(TroutLake,Algoma,CLT,2021) - 42*exports(TroutLake,Algoma,CLT,2022) - 42*exports(TroutLake,Algoma,CLT,2023) - 42*exports(TroutLake,Algoma,CLT,2024) - 42*exports(TroutLake,Algoma,CLT,2025) - 42*exports(TroutLake,Algoma,CLT,2026) - 42*exports(TroutLake,Algoma,CLT,2027) - 42*exports(TroutLake,Algoma,CLT,2028) - 42*exports(TroutLake,Algoma,CLT,2029) - 42*exports(TroutLake,Algoma,CLT,2030) - 42*exports(TroutLake,Algoma,Glulam,2020) - 42*exports(TroutLake,Algoma,Glulam,2021) - 42*exports(TroutLake,Algoma,Glulam,2022) - 42*exports(TroutLake,Algoma,Glulam,2023) - 42*exports(TroutLake,Algoma,Glulam,2024) - 42*exports(TroutLake,Algoma,Glulam,2025) - 42*exports(TroutLake,Algoma,Glulam,2026) - 42*exports(TroutLake,Algoma,Glulam,2027) - 42*exports(TroutLake,Algoma,Glulam,2028) - 42*exports(TroutLake,Algoma,Glulam,2029) - 42*exports(TroutLake,Algoma,Glulam,2030) - 42*exports(TroutLake,Algoma,Lumber,2020) - 42*exports(TroutLake,Algoma,Lumber,2021) - 42*exports(TroutLake,Algoma,Lumber,2022) - 42*exports(TroutLake,Algoma,Lumber,2023) - 42*exports(TroutLake,Algoma,Lumber,2024) - 42*exports(TroutLake,Algoma,Lumber,2025) - 42*exports(TroutLake,Algoma,Lumber,2026) - 42*exports(TroutLake,Algoma,Lumber,2027) - 42*exports(TroutLake,Algoma,Lumber,2028) - 42*exports(TroutLake,Algoma,Lumber,2029) - 42*exports(TroutLake,Algoma,Lumber,2030) - 42*exports(TroutLake,Algoma,Pulpwood,2020) - 42*exports(TroutLake,Algoma,Pulpwood,2021) - 42*exports(TroutLake,Algoma,Pulpwood,2022) - 42*exports(TroutLake,Algoma,Pulpwood,2023) - 42*exports(TroutLake,Algoma,Pulpwood,2024) - 42*exports(TroutLake,Algoma,Pulpwood,2025) - 42*exports(TroutLake,Algoma,Pulpwood,2026) - 42*exports(TroutLake,Algoma,Pulpwood,2027) - 42*exports(TroutLake,Algoma,Pulpwood,2028) - 42*exports(TroutLake,Algoma,Pulpwood,2029) - 42*exports(TroutLake,Algoma,Pulpwood,2030) - 100*exports(TroutLake,Kenora,CLT,2020) - 100*exports(TroutLake,Kenora,CLT,2021) - 100*exports(TroutLake,Kenora,CLT,2022) - 100*exports(TroutLake,Kenora,CLT,2023) - 100*exports(TroutLake,Kenora,CLT,2024) - 100*exports(TroutLake,Kenora,CLT,2025) - 100*exports(TroutLake,Kenora,CLT,2026) - 100*exports(TroutLake,Kenora,CLT,2027) - 100*exports(TroutLake,Kenora,CLT,2028) - 100*exports(TroutLake,Kenora,CLT,2029) - 100*exports(TroutLake,Kenora,CLT,2030) - 100*exports(TroutLake,Kenora,Glulam,2020) - 100*exports(TroutLake,Kenora,Glulam,2021) - 100*exports(TroutLake,Kenora,Glulam,2022) - 100*exports(TroutLake,Kenora,Glulam,2023) - 100*exports(TroutLake,Kenora,Glulam,2024) - 100*exports(TroutLake,Kenora,Glulam,2025) - 100*exports(TroutLake,Kenora,Glulam,2026) - 100*exports(TroutLake,Kenora,Glulam,2027) - 100*exports(TroutLake,Kenora,Glulam,2028) - 100*exports(TroutLake,Kenora,Glulam,2029) - 100*exports(TroutLake,Kenora,Glulam,2030) - 100*exports(TroutLake,Kenora,Lumber,2020) - 100*exports(TroutLake,Kenora,Lumber,2021) - 100*exports(TroutLake,Kenora,Lumber,2022) - 100*exports(TroutLake,Kenora,Lumber,2023) - 100*exports(TroutLake,Kenora,Lumber,2024) - 100*exports(TroutLake,Kenora,Lumber,2025) - 100*exports(TroutLake,Kenora,Lumber,2026) - 100*exports(TroutLake,Kenora,Lumber,2027) - 100*exports(TroutLake,Kenora,Lumber,2028) - 100*exports(TroutLake,Kenora,Lumber,2029) - 100*exports(TroutLake,Kenora,Lumber,2030) - 100*exports(TroutLake,Kenora,Pulpwood,2020) - 100*exports(TroutLake,Kenora,Pulpwood,2021) - 100*exports(TroutLake,Kenora,Pulpwood,2022) - 100*exports(TroutLake,Kenora,Pulpwood,2023) - 100*exports(TroutLake,Kenora,Pulpwood,2024) - 100*exports(TroutLake,Kenora,Pulpwood,2025) - 100*exports(TroutLake,Kenora,Pulpwood,2026) - 100*exports(TroutLake,Kenora,Pulpwood,2027) - 100*exports(TroutLake,Kenora,Pulpwood,2028) - 100*exports(TroutLake,Kenora,Pulpwood,2029) - 100*exports(TroutLake,Kenora,Pulpwood,2030) - 14*exports(TroutLake,Nipissing,CLT,2020) - 14*exports(TroutLake,Nipissing,CLT,2021) - 14*exports(TroutLake,Nipissing,CLT,2022) - 14*exports(TroutLake,Nipissing,CLT,2023) - 14*exports(TroutLake,Nipissing,CLT,2024) - 14*exports(TroutLake,Nipissing,CLT,2025) - 14*exports(TroutLake,Nipissing,CLT,2026) - 14*exports(TroutLake,Nipissing,CLT,2027) - 14*exports(TroutLake,Nipissing,CLT,2028) - 14*exports(TroutLake,Nipissing,CLT,2029) - 14*exports(TroutLake,Nipissing,CLT,2030) - 14*exports(TroutLake,Nipissing,Glulam,2020) - 14*exports(TroutLake,Nipissing,Glulam,2021) - 14*exports(TroutLake,Nipissing,Glulam,2022) - 14*exports(TroutLake,Nipissing,Glulam,2023) - 14*exports(TroutLake,Nipissing,Glulam,2024) - 14*exports(TroutLake,Nipissing,Glulam,2025) - 14*exports(TroutLake,Nipissing,Glulam,2026) - 14*exports(TroutLake,Nipissing,Glulam,2027) - 14*exports(TroutLake,Nipissing,Glulam,2028) - 14*exports(TroutLake,Nipissing,Glulam,2029) - 14*exports(TroutLake,Nipissing,Glulam,2030) - 14*exports(TroutLake,Nipissing,Lumber,2020) - 14*exports(TroutLake,Nipissing,Lumber,2021) - 14*exports(TroutLake,Nipissing,Lumber,2022) - 14*exports(TroutLake,Nipissing,Lumber,2023) - 14*exports(TroutLake,Nipissing,Lumber,2024) - 14*exports(TroutLake,Nipissing,Lumber,2025) - 14*exports(TroutLake,Nipissing,Lumber,2026) - 14*exports(TroutLake,Nipissing,Lumber,2027) - 14*exports(TroutLake,Nipissing,Lumber,2028) - 14*exports(TroutLake,Nipissing,Lumber,2029) - 14*exports(TroutLake,Nipissing,Lumber,2030) - 14*exports(TroutLake,Nipissing,Pulpwood,2020) - 14*exports(TroutLake,Nipissing,Pulpwood,2021) - 14*exports(TroutLake,Nipissing,Pulpwood,2022) - 14*exports(TroutLake,Nipissing,Pulpwood,2023) - 14*exports(TroutLake,Nipissing,Pulpwood,2024) - 14*exports(TroutLake,Nipissing,Pulpwood,2025) - 14*exports(TroutLake,Nipissing,Pulpwood,2026) - 14*exports(TroutLake,Nipissing,Pulpwood,2027) - 14*exports(TroutLake,Nipissing,Pulpwood,2028) - 14*exports(TroutLake,Nipissing,Pulpwood,2029) - 14*exports(TroutLake,Nipissing,Pulpwood,2030) - 9*exports(TroutLake,Algonquin,CLT,2020) - 9*exports(TroutLake,Algonquin,CLT,2021) - 9*exports(TroutLake,Algonquin,CLT,2022) - 9*exports(TroutLake,Algonquin,CLT,2023) - 9*exports(TroutLake,Algonquin,CLT,2024) - 9*exports(TroutLake,Algonquin,CLT,2025) - 9*exports(TroutLake,Algonquin,CLT,2026) - 9*exports(TroutLake,Algonquin,CLT,2027) - 9*exports(TroutLake,Algonquin,CLT,2028) - 9*exports(TroutLake,Algonquin,CLT,2029) - 9*exports(TroutLake,Algonquin,CLT,2030) - 9*exports(TroutLake,Algonquin,Glulam,2020) - 9*exports(TroutLake,Algonquin,Glulam,2021) - 9*exports(TroutLake,Algonquin,Glulam,2022) - 9*exports(TroutLake,Algonquin,Glulam,2023) - 9*exports(TroutLake,Algonquin,Glulam,2024) - 9*exports(TroutLake,Algonquin,Glulam,2025) - 9*exports(TroutLake,Algonquin,Glulam,2026) - 9*exports(TroutLake,Algonquin,Glulam,2027) - 9*exports(TroutLake,Algonquin,Glulam,2028) - 9*exports(TroutLake,Algonquin,Glulam,2029) - 9*exports(TroutLake,Algonquin,Glulam,2030) - 9*exports(TroutLake,Algonquin,Lumber,2020) - 9*exports(TroutLake,Algonquin,Lumber,2021) - 9*exports(TroutLake,Algonquin,Lumber,2022) - 9*exports(TroutLake,Algonquin,Lumber,2023) - 9*exports(TroutLake,Algonquin,Lumber,2024) - 9*exports(TroutLake,Algonquin,Lumber,2025) - 9*exports(TroutLake,Algonquin,Lumber,2026) - 9*exports(TroutLake,Algonquin,Lumber,2027) - 9*exports(TroutLake,Algonquin,Lumber,2028) - 9*exports(TroutLake,Algonquin,Lumber,2029) - 9*exports(TroutLake,Algonquin,Lumber,2030) - 9*exports(TroutLake,Algonquin,Pulpwood,2020) - 9*exports(TroutLake,Algonquin,Pulpwood,2021) - 9*exports(TroutLake,Algonquin,Pulpwood,2022) - 9*exports(TroutLake,Algonquin,Pulpwood,2023) - 9*exports(TroutLake,Algonquin,Pulpwood,2024) - 9*exports(TroutLake,Algonquin,Pulpwood,2025) - 9*exports(TroutLake,Algonquin,Pulpwood,2026) - 9*exports(TroutLake,Algonquin,Pulpwood,2027) - 9*exports(TroutLake,Algonquin,Pulpwood,2028) - 9*exports(TroutLake,Algonquin,Pulpwood,2029) - 9*exports(TroutLake,Algonquin,Pulpwood,2030) - 26*exports(Abitibi,TroutLake,CLT,2020) - 26*exports(Abitibi,TroutLake,CLT,2021) - 26*exports(Abitibi,TroutLake,CLT,2022) - 26*exports(Abitibi,TroutLake,CLT,2023) - 26*exports(Abitibi,TroutLake,CLT,2024) - 26*exports(Abitibi,TroutLake,CLT,2025) - 26*exports(Abitibi,TroutLake,CLT,2026) - 26*exports(Abitibi,TroutLake,CLT,2027) - 26*exports(Abitibi,TroutLake,CLT,2028) - 26*exports(Abitibi,TroutLake,CLT,2029) - 26*exports(Abitibi,TroutLake,CLT,2030) - 26*exports(Abitibi,TroutLake,Glulam,2020) - 26*exports(Abitibi,TroutLake,Glulam,2021) - 26*exports(Abitibi,TroutLake,Glulam,2022) - 26*exports(Abitibi,TroutLake,Glulam,2023) - 26*exports(Abitibi,TroutLake,Glulam,2024) - 26*exports(Abitibi,TroutLake,Glulam,2025) - 26*exports(Abitibi,TroutLake,Glulam,2026) - 26*exports(Abitibi,TroutLake,Glulam,2027) - 26*exports(Abitibi,TroutLake,Glulam,2028) - 26*exports(Abitibi,TroutLake,Glulam,2029) - 26*exports(Abitibi,TroutLake,Glulam,2030) - 26*exports(Abitibi,TroutLake,Lumber,2020) - 26*exports(Abitibi,TroutLake,Lumber,2021) - 26*exports(Abitibi,TroutLake,Lumber,2022) - 26*exports(Abitibi,TroutLake,Lumber,2023) - 26*exports(Abitibi,TroutLake,Lumber,2024) - 26*exports(Abitibi,TroutLake,Lumber,2025) - 26*exports(Abitibi,TroutLake,Lumber,2026) - 26*exports(Abitibi,TroutLake,Lumber,2027) - 26*exports(Abitibi,TroutLake,Lumber,2028) - 26*exports(Abitibi,TroutLake,Lumber,2029) - 26*exports(Abitibi,TroutLake,Lumber,2030) - 26*exports(Abitibi,TroutLake,Pulpwood,2020) - 26*exports(Abitibi,TroutLake,Pulpwood,2021) - 26*exports(Abitibi,TroutLake,Pulpwood,2022) - 26*exports(Abitibi,TroutLake,Pulpwood,2023) - 26*exports(Abitibi,TroutLake,Pulpwood,2024) - 26*exports(Abitibi,TroutLake,Pulpwood,2025) - 26*exports(Abitibi,TroutLake,Pulpwood,2026) - 26*exports(Abitibi,TroutLake,Pulpwood,2027) - 26*exports(Abitibi,TroutLake,Pulpwood,2028) - 26*exports(Abitibi,TroutLake,Pulpwood,2029) - 26*exports(Abitibi,TroutLake,Pulpwood,2030) - 35*exports(Abitibi,Algoma,CLT,2020) - 35*exports(Abitibi,Algoma,CLT,2021) - 35*exports(Abitibi,Algoma,CLT,2022) - 35*exports(Abitibi,Algoma,CLT,2023) - 35*exports(Abitibi,Algoma,CLT,2024) - 35*exports(Abitibi,Algoma,CLT,2025) - 35*exports(Abitibi,Algoma,CLT,2026) - 35*exports(Abitibi,Algoma,CLT,2027) - 35*exports(Abitibi,Algoma,CLT,2028) - 35*exports(Abitibi,Algoma,CLT,2029) - 35*exports(Abitibi,Algoma,CLT,2030) - 35*exports(Abitibi,Algoma,Glulam,2020) - 35*exports(Abitibi,Algoma,Glulam,2021) - 35*exports(Abitibi,Algoma,Glulam,2022) - 35*exports(Abitibi,Algoma,Glulam,2023) - 35*exports(Abitibi,Algoma,Glulam,2024) - 35*exports(Abitibi,Algoma,Glulam,2025) - 35*exports(Abitibi,Algoma,Glulam,2026) - 35*exports(Abitibi,Algoma,Glulam,2027) - 35*exports(Abitibi,Algoma,Glulam,2028) - 35*exports(Abitibi,Algoma,Glulam,2029) - 35*exports(Abitibi,Algoma,Glulam,2030) - 35*exports(Abitibi,Algoma,Lumber,2020) - 35*exports(Abitibi,Algoma,Lumber,2021) - 35*exports(Abitibi,Algoma,Lumber,2022) - 35*exports(Abitibi,Algoma,Lumber,2023) - 35*exports(Abitibi,Algoma,Lumber,2024) - 35*exports(Abitibi,Algoma,Lumber,2025) - 35*exports(Abitibi,Algoma,Lumber,2026) - 35*exports(Abitibi,Algoma,Lumber,2027) - 35*exports(Abitibi,Algoma,Lumber,2028) - 35*exports(Abitibi,Algoma,Lumber,2029) - 35*exports(Abitibi,Algoma,Lumber,2030) - 35*exports(Abitibi,Algoma,Pulpwood,2020) - 35*exports(Abitibi,Algoma,Pulpwood,2021) - 35*exports(Abitibi,Algoma,Pulpwood,2022) - 35*exports(Abitibi,Algoma,Pulpwood,2023) - 35*exports(Abitibi,Algoma,Pulpwood,2024) - 35*exports(Abitibi,Algoma,Pulpwood,2025) - 35*exports(Abitibi,Algoma,Pulpwood,2026) - 35*exports(Abitibi,Algoma,Pulpwood,2027) - 35*exports(Abitibi,Algoma,Pulpwood,2028) - 35*exports(Abitibi,Algoma,Pulpwood,2029) - 35*exports(Abitibi,Algoma,Pulpwood,2030) - 75*exports(Abitibi,Kenora,CLT,2020) - 75*exports(Abitibi,Kenora,CLT,2021) - 75*exports(Abitibi,Kenora,CLT,2022) - 75*exports(Abitibi,Kenora,CLT,2023) - 75*exports(Abitibi,Kenora,CLT,2024) - 75*exports(Abitibi,Kenora,CLT,2025) - 75*exports(Abitibi,Kenora,CLT,2026) - 75*exports(Abitibi,Kenora,CLT,2027) - 75*exports(Abitibi,Kenora,CLT,2028) - 75*exports(Abitibi,Kenora,CLT,2029) - 75*exports(Abitibi,Kenora,CLT,2030) - 75*exports(Abitibi,Kenora,Glulam,2020) - 75*exports(Abitibi,Kenora,Glulam,2021) - 75*exports(Abitibi,Kenora,Glulam,2022) - 75*exports(Abitibi,Kenora,Glulam,2023) - 75*exports(Abitibi,Kenora,Glulam,2024) - 75*exports(Abitibi,Kenora,Glulam,2025) - 75*exports(Abitibi,Kenora,Glulam,2026) - 75*exports(Abitibi,Kenora,Glulam,2027) - 75*exports(Abitibi,Kenora,Glulam,2028) - 75*exports(Abitibi,Kenora,Glulam,2029) - 75*exports(Abitibi,Kenora,Glulam,2030) - 75*exports(Abitibi,Kenora,Lumber,2020) - 75*exports(Abitibi,Kenora,Lumber,2021) - 75*exports(Abitibi,Kenora,Lumber,2022) - 75*exports(Abitibi,Kenora,Lumber,2023) - 75*exports(Abitibi,Kenora,Lumber,2024) - 75*exports(Abitibi,Kenora,Lumber,2025) - 75*exports(Abitibi,Kenora,Lumber,2026) - 75*exports(Abitibi,Kenora,Lumber,2027) - 75*exports(Abitibi,Kenora,Lumber,2028) - 75*exports(Abitibi,Kenora,Lumber,2029) - 75*exports(Abitibi,Kenora,Lumber,2030) - 75*exports(Abitibi,Kenora,Pulpwood,2020) - 75*exports(Abitibi,Kenora,Pulpwood,2021) - 75*exports(Abitibi,Kenora,Pulpwood,2022) - 75*exports(Abitibi,Kenora,Pulpwood,2023) - 75*exports(Abitibi,Kenora,Pulpwood,2024) - 75*exports(Abitibi,Kenora,Pulpwood,2025) - 75*exports(Abitibi,Kenora,Pulpwood,2026) - 75*exports(Abitibi,Kenora,Pulpwood,2027) - 75*exports(Abitibi,Kenora,Pulpwood,2028) - 75*exports(Abitibi,Kenora,Pulpwood,2029) - 75*exports(Abitibi,Kenora,Pulpwood,2030) - 25*exports(Abitibi,Nipissing,CLT,2020) - 25*exports(Abitibi,Nipissing,CLT,2021) - 25*exports(Abitibi,Nipissing,CLT,2022) - 25*exports(Abitibi,Nipissing,CLT,2023) - 25*exports(Abitibi,Nipissing,CLT,2024) - 25*exports(Abitibi,Nipissing,CLT,2025) - 25*exports(Abitibi,Nipissing,CLT,2026) - 25*exports(Abitibi,Nipissing,CLT,2027) - 25*exports(Abitibi,Nipissing,CLT,2028) - 25*exports(Abitibi,Nipissing,CLT,2029) - 25*exports(Abitibi,Nipissing,CLT,2030) - 25*exports(Abitibi,Nipissing,Glulam,2020) - 25*exports(Abitibi,Nipissing,Glulam,2021) - 25*exports(Abitibi,Nipissing,Glulam,2022) - 25*exports(Abitibi,Nipissing,Glulam,2023) - 25*exports(Abitibi,Nipissing,Glulam,2024) - 25*exports(Abitibi,Nipissing,Glulam,2025) - 25*exports(Abitibi,Nipissing,Glulam,2026) - 25*exports(Abitibi,Nipissing,Glulam,2027) - 25*exports(Abitibi,Nipissing,Glulam,2028) - 25*exports(Abitibi,Nipissing,Glulam,2029) - 25*exports(Abitibi,Nipissing,Glulam,2030) - 25*exports(Abitibi,Nipissing,Lumber,2020) - 25*exports(Abitibi,Nipissing,Lumber,2021) - 25*exports(Abitibi,Nipissing,Lumber,2022) - 25*exports(Abitibi,Nipissing,Lumber,2023) - 25*exports(Abitibi,Nipissing,Lumber,2024) - 25*exports(Abitibi,Nipissing,Lumber,2025) - 25*exports(Abitibi,Nipissing,Lumber,2026) - 25*exports(Abitibi,Nipissing,Lumber,2027) - 25*exports(Abitibi,Nipissing,Lumber,2028) - 25*exports(Abitibi,Nipissing,Lumber,2029) - 25*exports(Abitibi,Nipissing,Lumber,2030) - 25*exports(Abitibi,Nipissing,Pulpwood,2020) - 25*exports(Abitibi,Nipissing,Pulpwood,2021) - 25*exports(Abitibi,Nipissing,Pulpwood,2022) - 25*exports(Abitibi,Nipissing,Pulpwood,2023) - 25*exports(Abitibi,Nipissing,Pulpwood,2024) - 25*exports(Abitibi,Nipissing,Pulpwood,2025) - 25*exports(Abitibi,Nipissing,Pulpwood,2026) - 25*exports(Abitibi,Nipissing,Pulpwood,2027) - 25*exports(Abitibi,Nipissing,Pulpwood,2028) - 25*exports(Abitibi,Nipissing,Pulpwood,2029) - 25*exports(Abitibi,Nipissing,Pulpwood,2030) - 32*exports(Abitibi,Algonquin,CLT,2020) - 32*exports(Abitibi,Algonquin,CLT,2021) - 32*exports(Abitibi,Algonquin,CLT,2022) - 32*exports(Abitibi,Algonquin,CLT,2023) - 32*exports(Abitibi,Algonquin,CLT,2024) - 32*exports(Abitibi,Algonquin,CLT,2025) - 32*exports(Abitibi,Algonquin,CLT,2026) - 32*exports(Abitibi,Algonquin,CLT,2027) - 32*exports(Abitibi,Algonquin,CLT,2028) - 32*exports(Abitibi,Algonquin,CLT,2029) - 32*exports(Abitibi,Algonquin,CLT,2030) - 32*exports(Abitibi,Algonquin,Glulam,2020) - 32*exports(Abitibi,Algonquin,Glulam,2021) - 32*exports(Abitibi,Algonquin,Glulam,2022) - 32*exports(Abitibi,Algonquin,Glulam,2023) - 32*exports(Abitibi,Algonquin,Glulam,2024) - 32*exports(Abitibi,Algonquin,Glulam,2025) - 32*exports(Abitibi,Algonquin,Glulam,2026) - 32*exports(Abitibi,Algonquin,Glulam,2027) - 32*exports(Abitibi,Algonquin,Glulam,2028) - 32*exports(Abitibi,Algonquin,Glulam,2029) - 32*exports(Abitibi,Algonquin,Glulam,2030) - 32*exports(Abitibi,Algonquin,Lumber,2020) - 32*exports(Abitibi,Algonquin,Lumber,2021) - 32*exports(Abitibi,Algonquin,Lumber,2022) - 32*exports(Abitibi,Algonquin,Lumber,2023) - 32*exports(Abitibi,Algonquin,Lumber,2024) - 32*exports(Abitibi,Algonquin,Lumber,2025) - 32*exports(Abitibi,Algonquin,Lumber,2026) - 32*exports(Abitibi,Algonquin,Lumber,2027) - 32*exports(Abitibi,Algonquin,Lumber,2028) - 32*exports(Abitibi,Algonquin,Lumber,2029) - 32*exports(Abitibi,Algonquin,Lumber,2030) - 32*exports(Abitibi,Algonquin,Pulpwood,2020) - 32*exports(Abitibi,Algonquin,Pulpwood,2021) - 32*exports(Abitibi,Algonquin,Pulpwood,2022) - 32*exports(Abitibi,Algonquin,Pulpwood,2023) - 32*exports(Abitibi,Algonquin,Pulpwood,2024) - 32*exports(Abitibi,Algonquin,Pulpwood,2025) - 32*exports(Abitibi,Algonquin,Pulpwood,2026) - 32*exports(Abitibi,Algonquin,Pulpwood,2027) - 32*exports(Abitibi,Algonquin,Pulpwood,2028) - 32*exports(Abitibi,Algonquin,Pulpwood,2029) - 32*exports(Abitibi,Algonquin,Pulpwood,2030) - 31*exports(Algoma,TroutLake,CLT,2020) - 31*exports(Algoma,TroutLake,CLT,2021) - 31*exports(Algoma,TroutLake,CLT,2022) - 31*exports(Algoma,TroutLake,CLT,2023) - 31*exports(Algoma,TroutLake,CLT,2024) - 31*exports(Algoma,TroutLake,CLT,2025) - 31*exports(Algoma,TroutLake,CLT,2026) - 31*exports(Algoma,TroutLake,CLT,2027) - 31*exports(Algoma,TroutLake,CLT,2028) - 31*exports(Algoma,TroutLake,CLT,2029) - 31*exports(Algoma,TroutLake,CLT,2030) - 31*exports(Algoma,TroutLake,Glulam,2020) - 31*exports(Algoma,TroutLake,Glulam,2021) - 31*exports(Algoma,TroutLake,Glulam,2022) - 31*exports(Algoma,TroutLake,Glulam,2023) - 31*exports(Algoma,TroutLake,Glulam,2024) - 31*exports(Algoma,TroutLake,Glulam,2025) - 31*exports(Algoma,TroutLake,Glulam,2026) - 31*exports(Algoma,TroutLake,Glulam,2027) - 31*exports(Algoma,TroutLake,Glulam,2028) - 31*exports(Algoma,TroutLake,Glulam,2029) - 31*exports(Algoma,TroutLake,Glulam,2030) - 31*exports(Algoma,TroutLake,Lumber,2020) - 31*exports(Algoma,TroutLake,Lumber,2021) - 31*exports(Algoma,TroutLake,Lumber,2022) - 31*exports(Algoma,TroutLake,Lumber,2023) - 31*exports(Algoma,TroutLake,Lumber,2024) - 31*exports(Algoma,TroutLake,Lumber,2025) - 31*exports(Algoma,TroutLake,Lumber,2026) - 31*exports(Algoma,TroutLake,Lumber,2027) - 31*exports(Algoma,TroutLake,Lumber,2028) - 31*exports(Algoma,TroutLake,Lumber,2029) - 31*exports(Algoma,TroutLake,Lumber,2030) - 31*exports(Algoma,TroutLake,Pulpwood,2020) - 31*exports(Algoma,TroutLake,Pulpwood,2021) - 31*exports(Algoma,TroutLake,Pulpwood,2022) - 31*exports(Algoma,TroutLake,Pulpwood,2023) - 31*exports(Algoma,TroutLake,Pulpwood,2024) - 31*exports(Algoma,TroutLake,Pulpwood,2025) - 31*exports(Algoma,TroutLake,Pulpwood,2026) - 31*exports(Algoma,TroutLake,Pulpwood,2027) - 31*exports(Algoma,TroutLake,Pulpwood,2028) - 31*exports(Algoma,TroutLake,Pulpwood,2029) - 31*exports(Algoma,TroutLake,Pulpwood,2030) - 28*exports(Algoma,Abitibi,CLT,2020) - 28*exports(Algoma,Abitibi,CLT,2021) - 28*exports(Algoma,Abitibi,CLT,2022) - 28*exports(Algoma,Abitibi,CLT,2023) - 28*exports(Algoma,Abitibi,CLT,2024) - 28*exports(Algoma,Abitibi,CLT,2025) - 28*exports(Algoma,Abitibi,CLT,2026) - 28*exports(Algoma,Abitibi,CLT,2027) - 28*exports(Algoma,Abitibi,CLT,2028) - 28*exports(Algoma,Abitibi,CLT,2029) - 28*exports(Algoma,Abitibi,CLT,2030) - 28*exports(Algoma,Abitibi,Glulam,2020) - 28*exports(Algoma,Abitibi,Glulam,2021) - 28*exports(Algoma,Abitibi,Glulam,2022) - 28*exports(Algoma,Abitibi,Glulam,2023) - 28*exports(Algoma,Abitibi,Glulam,2024) - 28*exports(Algoma,Abitibi,Glulam,2025) - 28*exports(Algoma,Abitibi,Glulam,2026) - 28*exports(Algoma,Abitibi,Glulam,2027) - 28*exports(Algoma,Abitibi,Glulam,2028) - 28*exports(Algoma,Abitibi,Glulam,2029) - 28*exports(Algoma,Abitibi,Glulam,2030) - 28*exports(Algoma,Abitibi,Lumber,2020) - 28*exports(Algoma,Abitibi,Lumber,2021) - 28*exports(Algoma,Abitibi,Lumber,2022) - 28*exports(Algoma,Abitibi,Lumber,2023) - 28*exports(Algoma,Abitibi,Lumber,2024) - 28*exports(Algoma,Abitibi,Lumber,2025) - 28*exports(Algoma,Abitibi,Lumber,2026) - 28*exports(Algoma,Abitibi,Lumber,2027) - 28*exports(Algoma,Abitibi,Lumber,2028) - 28*exports(Algoma,Abitibi,Lumber,2029) - 28*exports(Algoma,Abitibi,Lumber,2030) - 28*exports(Algoma,Abitibi,Pulpwood,2020) - 28*exports(Algoma,Abitibi,Pulpwood,2021) - 28*exports(Algoma,Abitibi,Pulpwood,2022) - 28*exports(Algoma,Abitibi,Pulpwood,2023) - 28*exports(Algoma,Abitibi,Pulpwood,2024) - 28*exports(Algoma,Abitibi,Pulpwood,2025) - 28*exports(Algoma,Abitibi,Pulpwood,2026) - 28*exports(Algoma,Abitibi,Pulpwood,2027) - 28*exports(Algoma,Abitibi,Pulpwood,2028) - 28*exports(Algoma,Abitibi,Pulpwood,2029) - 28*exports(Algoma,Abitibi,Pulpwood,2030) - 60*exports(Algoma,Kenora,CLT,2020) - 60*exports(Algoma,Kenora,CLT,2021) - 60*exports(Algoma,Kenora,CLT,2022) - 60*exports(Algoma,Kenora,CLT,2023) - 60*exports(Algoma,Kenora,CLT,2024) - 60*exports(Algoma,Kenora,CLT,2025) - 60*exports(Algoma,Kenora,CLT,2026) - 60*exports(Algoma,Kenora,CLT,2027) - 60*exports(Algoma,Kenora,CLT,2028) - 60*exports(Algoma,Kenora,CLT,2029) - 60*exports(Algoma,Kenora,CLT,2030) - 60*exports(Algoma,Kenora,Glulam,2020) - 60*exports(Algoma,Kenora,Glulam,2021) - 60*exports(Algoma,Kenora,Glulam,2022) - 60*exports(Algoma,Kenora,Glulam,2023) - 60*exports(Algoma,Kenora,Glulam,2024) - 60*exports(Algoma,Kenora,Glulam,2025) - 60*exports(Algoma,Kenora,Glulam,2026) - 60*exports(Algoma,Kenora,Glulam,2027) - 60*exports(Algoma,Kenora,Glulam,2028) - 60*exports(Algoma,Kenora,Glulam,2029) - 60*exports(Algoma,Kenora,Glulam,2030) - 60*exports(Algoma,Kenora,Lumber,2020) - 60*exports(Algoma,Kenora,Lumber,2021) - 60*exports(Algoma,Kenora,Lumber,2022) - 60*exports(Algoma,Kenora,Lumber,2023) - 60*exports(Algoma,Kenora,Lumber,2024) - 60*exports(Algoma,Kenora,Lumber,2025) - 60*exports(Algoma,Kenora,Lumber,2026) - 60*exports(Algoma,Kenora,Lumber,2027) - 60*exports(Algoma,Kenora,Lumber,2028) - 60*exports(Algoma,Kenora,Lumber,2029) - 60*exports(Algoma,Kenora,Lumber,2030) - 60*exports(Algoma,Kenora,Pulpwood,2020) - 60*exports(Algoma,Kenora,Pulpwood,2021) - 60*exports(Algoma,Kenora,Pulpwood,2022) - 60*exports(Algoma,Kenora,Pulpwood,2023) - 60*exports(Algoma,Kenora,Pulpwood,2024) - 60*exports(Algoma,Kenora,Pulpwood,2025) - 60*exports(Algoma,Kenora,Pulpwood,2026) - 60*exports(Algoma,Kenora,Pulpwood,2027) - 60*exports(Algoma,Kenora,Pulpwood,2028) - 60*exports(Algoma,Kenora,Pulpwood,2029) - 60*exports(Algoma,Kenora,Pulpwood,2030) - 31*exports(Algoma,Nipissing,CLT,2020) - 31*exports(Algoma,Nipissing,CLT,2021) - 31*exports(Algoma,Nipissing,CLT,2022) - 31*exports(Algoma,Nipissing,CLT,2023) - 31*exports(Algoma,Nipissing,CLT,2024) - 31*exports(Algoma,Nipissing,CLT,2025) - 31*exports(Algoma,Nipissing,CLT,2026) - 31*exports(Algoma,Nipissing,CLT,2027) - 31*exports(Algoma,Nipissing,CLT,2028) - 31*exports(Algoma,Nipissing,CLT,2029) - 31*exports(Algoma,Nipissing,CLT,2030) - 31*exports(Algoma,Nipissing,Glulam,2020) - 31*exports(Algoma,Nipissing,Glulam,2021) - 31*exports(Algoma,Nipissing,Glulam,2022) - 31*exports(Algoma,Nipissing,Glulam,2023) - 31*exports(Algoma,Nipissing,Glulam,2024) - 31*exports(Algoma,Nipissing,Glulam,2025) - 31*exports(Algoma,Nipissing,Glulam,2026) - 31*exports(Algoma,Nipissing,Glulam,2027) - 31*exports(Algoma,Nipissing,Glulam,2028) - 31*exports(Algoma,Nipissing,Glulam,2029) - 31*exports(Algoma,Nipissing,Glulam,2030) - 31*exports(Algoma,Nipissing,Lumber,2020) - 31*exports(Algoma,Nipissing,Lumber,2021) - 31*exports(Algoma,Nipissing,Lumber,2022) - 31*exports(Algoma,Nipissing,Lumber,2023) - 31*exports(Algoma,Nipissing,Lumber,2024) - 31*exports(Algoma,Nipissing,Lumber,2025) - 31*exports(Algoma,Nipissing,Lumber,2026) - 31*exports(Algoma,Nipissing,Lumber,2027) - 31*exports(Algoma,Nipissing,Lumber,2028) - 31*exports(Algoma,Nipissing,Lumber,2029) - 31*exports(Algoma,Nipissing,Lumber,2030) - 31*exports(Algoma,Nipissing,Pulpwood,2020) - 31*exports(Algoma,Nipissing,Pulpwood,2021) - 31*exports(Algoma,Nipissing,Pulpwood,2022) - 31*exports(Algoma,Nipissing,Pulpwood,2023) - 31*exports(Algoma,Nipissing,Pulpwood,2024) - 31*exports(Algoma,Nipissing,Pulpwood,2025) - 31*exports(Algoma,Nipissing,Pulpwood,2026) - 31*exports(Algoma,Nipissing,Pulpwood,2027) - 31*exports(Algoma,Nipissing,Pulpwood,2028) - 31*exports(Algoma,Nipissing,Pulpwood,2029) - 31*exports(Algoma,Nipissing,Pulpwood,2030) - 38*exports(Algoma,Algonquin,CLT,2020) - 38*exports(Algoma,Algonquin,CLT,2021) - 38*exports(Algoma,Algonquin,CLT,2022) - 38*exports(Algoma,Algonquin,CLT,2023) - 38*exports(Algoma,Algonquin,CLT,2024) - 38*exports(Algoma,Algonquin,CLT,2025) - 38*exports(Algoma,Algonquin,CLT,2026) - 38*exports(Algoma,Algonquin,CLT,2027) - 38*exports(Algoma,Algonquin,CLT,2028) - 38*exports(Algoma,Algonquin,CLT,2029) - 38*exports(Algoma,Algonquin,CLT,2030) - 38*exports(Algoma,Algonquin,Glulam,2020) - 38*exports(Algoma,Algonquin,Glulam,2021) - 38*exports(Algoma,Algonquin,Glulam,2022) - 38*exports(Algoma,Algonquin,Glulam,2023) - 38*exports(Algoma,Algonquin,Glulam,2024) - 38*exports(Algoma,Algonquin,Glulam,2025) - 38*exports(Algoma,Algonquin,Glulam,2026) - 38*exports(Algoma,Algonquin,Glulam,2027) - 38*exports(Algoma,Algonquin,Glulam,2028) - 38*exports(Algoma,Algonquin,Glulam,2029) - 38*exports(Algoma,Algonquin,Glulam,2030) - 38*exports(Algoma,Algonquin,Lumber,2020) - 38*exports(Algoma,Algonquin,Lumber,2021) - 38*exports(Algoma,Algonquin,Lumber,2022) - 38*exports(Algoma,Algonquin,Lumber,2023) - 38*exports(Algoma,Algonquin,Lumber,2024) - 38*exports(Algoma,Algonquin,Lumber,2025) - 38*exports(Algoma,Algonquin,Lumber,2026) - 38*exports(Algoma,Algonquin,Lumber,2027) - 38*exports(Algoma,Algonquin,Lumber,2028) - 38*exports(Algoma,Algonquin,Lumber,2029) - 38*exports(Algoma,Algonquin,Lumber,2030) - 38*exports(Algoma,Algonquin,Pulpwood,2020) - 38*exports(Algoma,Algonquin,Pulpwood,2021) - 38*exports(Algoma,Algonquin,Pulpwood,2022) - 38*exports(Algoma,Algonquin,Pulpwood,2023) - 38*exports(Algoma,Algonquin,Pulpwood,2024) - 38*exports(Algoma,Algonquin,Pulpwood,2025) - 38*exports(Algoma,Algonquin,Pulpwood,2026) - 38*exports(Algoma,Algonquin,Pulpwood,2027) - 38*exports(Algoma,Algonquin,Pulpwood,2028) - 38*exports(Algoma,Algonquin,Pulpwood,2029) - 38*exports(Algoma,Algonquin,Pulpwood,2030) - 79*exports(Kenora,TroutLake,CLT,2020) - 79*exports(Kenora,TroutLake,CLT,2021) - 79*exports(Kenora,TroutLake,CLT,2022) - 79*exports(Kenora,TroutLake,CLT,2023) - 79*exports(Kenora,TroutLake,CLT,2024) - 79*exports(Kenora,TroutLake,CLT,2025) - 79*exports(Kenora,TroutLake,CLT,2026) - 79*exports(Kenora,TroutLake,CLT,2027) - 79*exports(Kenora,TroutLake,CLT,2028) - 79*exports(Kenora,TroutLake,CLT,2029) - 79*exports(Kenora,TroutLake,CLT,2030) - 79*exports(Kenora,TroutLake,Glulam,2020) - 79*exports(Kenora,TroutLake,Glulam,2021) - 79*exports(Kenora,TroutLake,Glulam,2022) - 79*exports(Kenora,TroutLake,Glulam,2023) - 79*exports(Kenora,TroutLake,Glulam,2024) - 79*exports(Kenora,TroutLake,Glulam,2025) - 79*exports(Kenora,TroutLake,Glulam,2026) - 79*exports(Kenora,TroutLake,Glulam,2027) - 79*exports(Kenora,TroutLake,Glulam,2028) - 79*exports(Kenora,TroutLake,Glulam,2029) - 79*exports(Kenora,TroutLake,Glulam,2030) - 79*exports(Kenora,TroutLake,Lumber,2020) - 79*exports(Kenora,TroutLake,Lumber,2021) - 79*exports(Kenora,TroutLake,Lumber,2022) - 79*exports(Kenora,TroutLake,Lumber,2023) - 79*exports(Kenora,TroutLake,Lumber,2024) - 79*exports(Kenora,TroutLake,Lumber,2025) - 79*exports(Kenora,TroutLake,Lumber,2026) - 79*exports(Kenora,TroutLake,Lumber,2027) - 79*exports(Kenora,TroutLake,Lumber,2028) - 79*exports(Kenora,TroutLake,Lumber,2029) - 79*exports(Kenora,TroutLake,Lumber,2030) - 79*exports(Kenora,TroutLake,Pulpwood,2020) - 79*exports(Kenora,TroutLake,Pulpwood,2021) - 79*exports(Kenora,TroutLake,Pulpwood,2022) - 79*exports(Kenora,TroutLake,Pulpwood,2023) - 79*exports(Kenora,TroutLake,Pulpwood,2024) - 79*exports(Kenora,TroutLake,Pulpwood,2025) - 79*exports(Kenora,TroutLake,Pulpwood,2026) - 79*exports(Kenora,TroutLake,Pulpwood,2027) - 79*exports(Kenora,TroutLake,Pulpwood,2028) - 79*exports(Kenora,TroutLake,Pulpwood,2029) - 79*exports(Kenora,TroutLake,Pulpwood,2030) - 61*exports(Kenora,Abitibi,CLT,2020) - 61*exports(Kenora,Abitibi,CLT,2021) - 61*exports(Kenora,Abitibi,CLT,2022) - 61*exports(Kenora,Abitibi,CLT,2023) - 61*exports(Kenora,Abitibi,CLT,2024) - 61*exports(Kenora,Abitibi,CLT,2025) - 61*exports(Kenora,Abitibi,CLT,2026) - 61*exports(Kenora,Abitibi,CLT,2027) - 61*exports(Kenora,Abitibi,CLT,2028) - 61*exports(Kenora,Abitibi,CLT,2029) - 61*exports(Kenora,Abitibi,CLT,2030) - 61*exports(Kenora,Abitibi,Glulam,2020) - 61*exports(Kenora,Abitibi,Glulam,2021) - 61*exports(Kenora,Abitibi,Glulam,2022) - 61*exports(Kenora,Abitibi,Glulam,2023) - 61*exports(Kenora,Abitibi,Glulam,2024) - 61*exports(Kenora,Abitibi,Glulam,2025) - 61*exports(Kenora,Abitibi,Glulam,2026) - 61*exports(Kenora,Abitibi,Glulam,2027) - 61*exports(Kenora,Abitibi,Glulam,2028) - 61*exports(Kenora,Abitibi,Glulam,2029) - 61*exports(Kenora,Abitibi,Glulam,2030) - 61*exports(Kenora,Abitibi,Lumber,2020) - 61*exports(Kenora,Abitibi,Lumber,2021) - 61*exports(Kenora,Abitibi,Lumber,2022) - 61*exports(Kenora,Abitibi,Lumber,2023) - 61*exports(Kenora,Abitibi,Lumber,2024) - 61*exports(Kenora,Abitibi,Lumber,2025) - 61*exports(Kenora,Abitibi,Lumber,2026) - 61*exports(Kenora,Abitibi,Lumber,2027) - 61*exports(Kenora,Abitibi,Lumber,2028) - 61*exports(Kenora,Abitibi,Lumber,2029) - 61*exports(Kenora,Abitibi,Lumber,2030) - 61*exports(Kenora,Abitibi,Pulpwood,2020) - 61*exports(Kenora,Abitibi,Pulpwood,2021) - 61*exports(Kenora,Abitibi,Pulpwood,2022) - 61*exports(Kenora,Abitibi,Pulpwood,2023) - 61*exports(Kenora,Abitibi,Pulpwood,2024) - 61*exports(Kenora,Abitibi,Pulpwood,2025) - 61*exports(Kenora,Abitibi,Pulpwood,2026) - 61*exports(Kenora,Abitibi,Pulpwood,2027) - 61*exports(Kenora,Abitibi,Pulpwood,2028) - 61*exports(Kenora,Abitibi,Pulpwood,2029) - 61*exports(Kenora,Abitibi,Pulpwood,2030) - 49*exports(Kenora,Algoma,CLT,2020) - 49*exports(Kenora,Algoma,CLT,2021) - 49*exports(Kenora,Algoma,CLT,2022) - 49*exports(Kenora,Algoma,CLT,2023) - 49*exports(Kenora,Algoma,CLT,2024) - 49*exports(Kenora,Algoma,CLT,2025) - 49*exports(Kenora,Algoma,CLT,2026) - 49*exports(Kenora,Algoma,CLT,2027) - 49*exports(Kenora,Algoma,CLT,2028) - 49*exports(Kenora,Algoma,CLT,2029) - 49*exports(Kenora,Algoma,CLT,2030) - 49*exports(Kenora,Algoma,Glulam,2020) - 49*exports(Kenora,Algoma,Glulam,2021) - 49*exports(Kenora,Algoma,Glulam,2022) - 49*exports(Kenora,Algoma,Glulam,2023) - 49*exports(Kenora,Algoma,Glulam,2024) - 49*exports(Kenora,Algoma,Glulam,2025) - 49*exports(Kenora,Algoma,Glulam,2026) - 49*exports(Kenora,Algoma,Glulam,2027) - 49*exports(Kenora,Algoma,Glulam,2028) - 49*exports(Kenora,Algoma,Glulam,2029)
     
      - 49*exports(Kenora,Algoma,Glulam,2030) - 49*exports(Kenora,Algoma,Lumber,2020) - 49*exports(Kenora,Algoma,Lumber,2021) - 49*exports(Kenora,Algoma,Lumber,2022) - 49*exports(Kenora,Algoma,Lumber,2023) - 49*exports(Kenora,Algoma,Lumber,2024) - 49*exports(Kenora,Algoma,Lumber,2025) - 49*exports(Kenora,Algoma,Lumber,2026) - 49*exports(Kenora,Algoma,Lumber,2027) - 49*exports(Kenora,Algoma,Lumber,2028) - 49*exports(Kenora,Algoma,Lumber,2029) - 49*exports(Kenora,Algoma,Lumber,2030) - 49*exports(Kenora,Algoma,Pulpwood,2020) - 49*exports(Kenora,Algoma,Pulpwood,2021) - 49*exports(Kenora,Algoma,Pulpwood,2022) - 49*exports(Kenora,Algoma,Pulpwood,2023) - 49*exports(Kenora,Algoma,Pulpwood,2024) - 49*exports(Kenora,Algoma,Pulpwood,2025) - 49*exports(Kenora,Algoma,Pulpwood,2026) - 49*exports(Kenora,Algoma,Pulpwood,2027) - 49*exports(Kenora,Algoma,Pulpwood,2028) - 49*exports(Kenora,Algoma,Pulpwood,2029) - 49*exports(Kenora,Algoma,Pulpwood,2030) - 79*exports(Kenora,Nipissing,CLT,2020) - 79*exports(Kenora,Nipissing,CLT,2021) - 79*exports(Kenora,Nipissing,CLT,2022) - 79*exports(Kenora,Nipissing,CLT,2023) - 79*exports(Kenora,Nipissing,CLT,2024) - 79*exports(Kenora,Nipissing,CLT,2025) - 79*exports(Kenora,Nipissing,CLT,2026) - 79*exports(Kenora,Nipissing,CLT,2027) - 79*exports(Kenora,Nipissing,CLT,2028) - 79*exports(Kenora,Nipissing,CLT,2029) - 79*exports(Kenora,Nipissing,CLT,2030) - 79*exports(Kenora,Nipissing,Glulam,2020) - 79*exports(Kenora,Nipissing,Glulam,2021) - 79*exports(Kenora,Nipissing,Glulam,2022) - 79*exports(Kenora,Nipissing,Glulam,2023) - 79*exports(Kenora,Nipissing,Glulam,2024) - 79*exports(Kenora,Nipissing,Glulam,2025) - 79*exports(Kenora,Nipissing,Glulam,2026) - 79*exports(Kenora,Nipissing,Glulam,2027) - 79*exports(Kenora,Nipissing,Glulam,2028) - 79*exports(Kenora,Nipissing,Glulam,2029) - 79*exports(Kenora,Nipissing,Glulam,2030) - 79*exports(Kenora,Nipissing,Lumber,2020) - 79*exports(Kenora,Nipissing,Lumber,2021) - 79*exports(Kenora,Nipissing,Lumber,2022) - 79*exports(Kenora,Nipissing,Lumber,2023) - 79*exports(Kenora,Nipissing,Lumber,2024) - 79*exports(Kenora,Nipissing,Lumber,2025) - 79*exports(Kenora,Nipissing,Lumber,2026) - 79*exports(Kenora,Nipissing,Lumber,2027) - 79*exports(Kenora,Nipissing,Lumber,2028) - 79*exports(Kenora,Nipissing,Lumber,2029) - 79*exports(Kenora,Nipissing,Lumber,2030) - 79*exports(Kenora,Nipissing,Pulpwood,2020) - 79*exports(Kenora,Nipissing,Pulpwood,2021) - 79*exports(Kenora,Nipissing,Pulpwood,2022) - 79*exports(Kenora,Nipissing,Pulpwood,2023) - 79*exports(Kenora,Nipissing,Pulpwood,2024) - 79*exports(Kenora,Nipissing,Pulpwood,2025) - 79*exports(Kenora,Nipissing,Pulpwood,2026) - 79*exports(Kenora,Nipissing,Pulpwood,2027) - 79*exports(Kenora,Nipissing,Pulpwood,2028) - 79*exports(Kenora,Nipissing,Pulpwood,2029) - 79*exports(Kenora,Nipissing,Pulpwood,2030) - 87*exports(Kenora,Algonquin,CLT,2020) - 87*exports(Kenora,Algonquin,CLT,2021) - 87*exports(Kenora,Algonquin,CLT,2022) - 87*exports(Kenora,Algonquin,CLT,2023) - 87*exports(Kenora,Algonquin,CLT,2024) - 87*exports(Kenora,Algonquin,CLT,2025) - 87*exports(Kenora,Algonquin,CLT,2026) - 87*exports(Kenora,Algonquin,CLT,2027) - 87*exports(Kenora,Algonquin,CLT,2028) - 87*exports(Kenora,Algonquin,CLT,2029) - 87*exports(Kenora,Algonquin,CLT,2030) - 87*exports(Kenora,Algonquin,Glulam,2020) - 87*exports(Kenora,Algonquin,Glulam,2021) - 87*exports(Kenora,Algonquin,Glulam,2022) - 87*exports(Kenora,Algonquin,Glulam,2023) - 87*exports(Kenora,Algonquin,Glulam,2024) - 87*exports(Kenora,Algonquin,Glulam,2025) - 87*exports(Kenora,Algonquin,Glulam,2026) - 87*exports(Kenora,Algonquin,Glulam,2027) - 87*exports(Kenora,Algonquin,Glulam,2028) - 87*exports(Kenora,Algonquin,Glulam,2029) - 87*exports(Kenora,Algonquin,Glulam,2030) - 87*exports(Kenora,Algonquin,Lumber,2020) - 87*exports(Kenora,Algonquin,Lumber,2021) - 87*exports(Kenora,Algonquin,Lumber,2022) - 87*exports(Kenora,Algonquin,Lumber,2023) - 87*exports(Kenora,Algonquin,Lumber,2024) - 87*exports(Kenora,Algonquin,Lumber,2025) - 87*exports(Kenora,Algonquin,Lumber,2026) - 87*exports(Kenora,Algonquin,Lumber,2027) - 87*exports(Kenora,Algonquin,Lumber,2028) - 87*exports(Kenora,Algonquin,Lumber,2029) - 87*exports(Kenora,Algonquin,Lumber,2030) - 87*exports(Kenora,Algonquin,Pulpwood,2020) - 87*exports(Kenora,Algonquin,Pulpwood,2021) - 87*exports(Kenora,Algonquin,Pulpwood,2022) - 87*exports(Kenora,Algonquin,Pulpwood,2023) - 87*exports(Kenora,Algonquin,Pulpwood,2024) - 87*exports(Kenora,Algonquin,Pulpwood,2025) - 87*exports(Kenora,Algonquin,Pulpwood,2026) - 87*exports(Kenora,Algonquin,Pulpwood,2027) - 87*exports(Kenora,Algonquin,Pulpwood,2028) - 87*exports(Kenora,Algonquin,Pulpwood,2029) - 87*exports(Kenora,Algonquin,Pulpwood,2030) - 14*exports(Nipissing,TroutLake,CLT,2020) - 14*exports(Nipissing,TroutLake,CLT,2021) - 14*exports(Nipissing,TroutLake,CLT,2022) - 14*exports(Nipissing,TroutLake,CLT,2023) - 14*exports(Nipissing,TroutLake,CLT,2024) - 14*exports(Nipissing,TroutLake,CLT,2025) - 14*exports(Nipissing,TroutLake,CLT,2026) - 14*exports(Nipissing,TroutLake,CLT,2027) - 14*exports(Nipissing,TroutLake,CLT,2028) - 14*exports(Nipissing,TroutLake,CLT,2029) - 14*exports(Nipissing,TroutLake,CLT,2030) - 14*exports(Nipissing,TroutLake,Glulam,2020) - 14*exports(Nipissing,TroutLake,Glulam,2021) - 14*exports(Nipissing,TroutLake,Glulam,2022) - 14*exports(Nipissing,TroutLake,Glulam,2023) - 14*exports(Nipissing,TroutLake,Glulam,2024) - 14*exports(Nipissing,TroutLake,Glulam,2025) - 14*exports(Nipissing,TroutLake,Glulam,2026) - 14*exports(Nipissing,TroutLake,Glulam,2027) - 14*exports(Nipissing,TroutLake,Glulam,2028) - 14*exports(Nipissing,TroutLake,Glulam,2029) - 14*exports(Nipissing,TroutLake,Glulam,2030) - 14*exports(Nipissing,TroutLake,Lumber,2020) - 14*exports(Nipissing,TroutLake,Lumber,2021) - 14*exports(Nipissing,TroutLake,Lumber,2022) - 14*exports(Nipissing,TroutLake,Lumber,2023) - 14*exports(Nipissing,TroutLake,Lumber,2024) - 14*exports(Nipissing,TroutLake,Lumber,2025) - 14*exports(Nipissing,TroutLake,Lumber,2026) - 14*exports(Nipissing,TroutLake,Lumber,2027) - 14*exports(Nipissing,TroutLake,Lumber,2028) - 14*exports(Nipissing,TroutLake,Lumber,2029) - 14*exports(Nipissing,TroutLake,Lumber,2030) - 14*exports(Nipissing,TroutLake,Pulpwood,2020) - 14*exports(Nipissing,TroutLake,Pulpwood,2021) - 14*exports(Nipissing,TroutLake,Pulpwood,2022) - 14*exports(Nipissing,TroutLake,Pulpwood,2023) - 14*exports(Nipissing,TroutLake,Pulpwood,2024) - 14*exports(Nipissing,TroutLake,Pulpwood,2025) - 14*exports(Nipissing,TroutLake,Pulpwood,2026) - 14*exports(Nipissing,TroutLake,Pulpwood,2027) - 14*exports(Nipissing,TroutLake,Pulpwood,2028) - 14*exports(Nipissing,TroutLake,Pulpwood,2029) - 14*exports(Nipissing,TroutLake,Pulpwood,2030) - 27*exports(Nipissing,Abitibi,CLT,2020) - 27*exports(Nipissing,Abitibi,CLT,2021) - 27*exports(Nipissing,Abitibi,CLT,2022) - 27*exports(Nipissing,Abitibi,CLT,2023) - 27*exports(Nipissing,Abitibi,CLT,2024) - 27*exports(Nipissing,Abitibi,CLT,2025) - 27*exports(Nipissing,Abitibi,CLT,2026) - 27*exports(Nipissing,Abitibi,CLT,2027) - 27*exports(Nipissing,Abitibi,CLT,2028) - 27*exports(Nipissing,Abitibi,CLT,2029) - 27*exports(Nipissing,Abitibi,CLT,2030) - 27*exports(Nipissing,Abitibi,Glulam,2020) - 27*exports(Nipissing,Abitibi,Glulam,2021) - 27*exports(Nipissing,Abitibi,Glulam,2022) - 27*exports(Nipissing,Abitibi,Glulam,2023) - 27*exports(Nipissing,Abitibi,Glulam,2024) - 27*exports(Nipissing,Abitibi,Glulam,2025) - 27*exports(Nipissing,Abitibi,Glulam,2026) - 27*exports(Nipissing,Abitibi,Glulam,2027) - 27*exports(Nipissing,Abitibi,Glulam,2028) - 27*exports(Nipissing,Abitibi,Glulam,2029) - 27*exports(Nipissing,Abitibi,Glulam,2030) - 27*exports(Nipissing,Abitibi,Lumber,2020) - 27*exports(Nipissing,Abitibi,Lumber,2021) - 27*exports(Nipissing,Abitibi,Lumber,2022) - 27*exports(Nipissing,Abitibi,Lumber,2023) - 27*exports(Nipissing,Abitibi,Lumber,2024) - 27*exports(Nipissing,Abitibi,Lumber,2025) - 27*exports(Nipissing,Abitibi,Lumber,2026) - 27*exports(Nipissing,Abitibi,Lumber,2027) - 27*exports(Nipissing,Abitibi,Lumber,2028) - 27*exports(Nipissing,Abitibi,Lumber,2029) - 27*exports(Nipissing,Abitibi,Lumber,2030) - 27*exports(Nipissing,Abitibi,Pulpwood,2020) - 27*exports(Nipissing,Abitibi,Pulpwood,2021) - 27*exports(Nipissing,Abitibi,Pulpwood,2022) - 27*exports(Nipissing,Abitibi,Pulpwood,2023) - 27*exports(Nipissing,Abitibi,Pulpwood,2024) - 27*exports(Nipissing,Abitibi,Pulpwood,2025) - 27*exports(Nipissing,Abitibi,Pulpwood,2026) - 27*exports(Nipissing,Abitibi,Pulpwood,2027) - 27*exports(Nipissing,Abitibi,Pulpwood,2028) - 27*exports(Nipissing,Abitibi,Pulpwood,2029) - 27*exports(Nipissing,Abitibi,Pulpwood,2030) - 31*exports(Nipissing,Algoma,CLT,2020) - 31*exports(Nipissing,Algoma,CLT,2021) - 31*exports(Nipissing,Algoma,CLT,2022) - 31*exports(Nipissing,Algoma,CLT,2023) - 31*exports(Nipissing,Algoma,CLT,2024) - 31*exports(Nipissing,Algoma,CLT,2025) - 31*exports(Nipissing,Algoma,CLT,2026) - 31*exports(Nipissing,Algoma,CLT,2027) - 31*exports(Nipissing,Algoma,CLT,2028) - 31*exports(Nipissing,Algoma,CLT,2029) - 31*exports(Nipissing,Algoma,CLT,2030) - 31*exports(Nipissing,Algoma,Glulam,2020) - 31*exports(Nipissing,Algoma,Glulam,2021) - 31*exports(Nipissing,Algoma,Glulam,2022) - 31*exports(Nipissing,Algoma,Glulam,2023) - 31*exports(Nipissing,Algoma,Glulam,2024) - 31*exports(Nipissing,Algoma,Glulam,2025) - 31*exports(Nipissing,Algoma,Glulam,2026) - 31*exports(Nipissing,Algoma,Glulam,2027) - 31*exports(Nipissing,Algoma,Glulam,2028) - 31*exports(Nipissing,Algoma,Glulam,2029) - 31*exports(Nipissing,Algoma,Glulam,2030) - 31*exports(Nipissing,Algoma,Lumber,2020) - 31*exports(Nipissing,Algoma,Lumber,2021) - 31*exports(Nipissing,Algoma,Lumber,2022) - 31*exports(Nipissing,Algoma,Lumber,2023) - 31*exports(Nipissing,Algoma,Lumber,2024) - 31*exports(Nipissing,Algoma,Lumber,2025) - 31*exports(Nipissing,Algoma,Lumber,2026) - 31*exports(Nipissing,Algoma,Lumber,2027) - 31*exports(Nipissing,Algoma,Lumber,2028) - 31*exports(Nipissing,Algoma,Lumber,2029) - 31*exports(Nipissing,Algoma,Lumber,2030) - 31*exports(Nipissing,Algoma,Pulpwood,2020) - 31*exports(Nipissing,Algoma,Pulpwood,2021) - 31*exports(Nipissing,Algoma,Pulpwood,2022) - 31*exports(Nipissing,Algoma,Pulpwood,2023) - 31*exports(Nipissing,Algoma,Pulpwood,2024) - 31*exports(Nipissing,Algoma,Pulpwood,2025) - 31*exports(Nipissing,Algoma,Pulpwood,2026) - 31*exports(Nipissing,Algoma,Pulpwood,2027) - 31*exports(Nipissing,Algoma,Pulpwood,2028) - 31*exports(Nipissing,Algoma,Pulpwood,2029) - 31*exports(Nipissing,Algoma,Pulpwood,2030) - 79*exports(Nipissing,Kenora,CLT,2020) - 79*exports(Nipissing,Kenora,CLT,2021) - 79*exports(Nipissing,Kenora,CLT,2022) - 79*exports(Nipissing,Kenora,CLT,2023) - 79*exports(Nipissing,Kenora,CLT,2024) - 79*exports(Nipissing,Kenora,CLT,2025) - 79*exports(Nipissing,Kenora,CLT,2026) - 79*exports(Nipissing,Kenora,CLT,2027) - 79*exports(Nipissing,Kenora,CLT,2028) - 79*exports(Nipissing,Kenora,CLT,2029) - 79*exports(Nipissing,Kenora,CLT,2030) - 79*exports(Nipissing,Kenora,Glulam,2020) - 79*exports(Nipissing,Kenora,Glulam,2021) - 79*exports(Nipissing,Kenora,Glulam,2022) - 79*exports(Nipissing,Kenora,Glulam,2023) - 79*exports(Nipissing,Kenora,Glulam,2024) - 79*exports(Nipissing,Kenora,Glulam,2025) - 79*exports(Nipissing,Kenora,Glulam,2026) - 79*exports(Nipissing,Kenora,Glulam,2027) - 79*exports(Nipissing,Kenora,Glulam,2028) - 79*exports(Nipissing,Kenora,Glulam,2029) - 79*exports(Nipissing,Kenora,Glulam,2030) - 79*exports(Nipissing,Kenora,Lumber,2020) - 79*exports(Nipissing,Kenora,Lumber,2021) - 79*exports(Nipissing,Kenora,Lumber,2022) - 79*exports(Nipissing,Kenora,Lumber,2023) - 79*exports(Nipissing,Kenora,Lumber,2024) - 79*exports(Nipissing,Kenora,Lumber,2025) - 79*exports(Nipissing,Kenora,Lumber,2026) - 79*exports(Nipissing,Kenora,Lumber,2027) - 79*exports(Nipissing,Kenora,Lumber,2028) - 79*exports(Nipissing,Kenora,Lumber,2029) - 79*exports(Nipissing,Kenora,Lumber,2030) - 79*exports(Nipissing,Kenora,Pulpwood,2020) - 79*exports(Nipissing,Kenora,Pulpwood,2021) - 79*exports(Nipissing,Kenora,Pulpwood,2022) - 79*exports(Nipissing,Kenora,Pulpwood,2023) - 79*exports(Nipissing,Kenora,Pulpwood,2024) - 79*exports(Nipissing,Kenora,Pulpwood,2025) - 79*exports(Nipissing,Kenora,Pulpwood,2026) - 79*exports(Nipissing,Kenora,Pulpwood,2027) - 79*exports(Nipissing,Kenora,Pulpwood,2028) - 79*exports(Nipissing,Kenora,Pulpwood,2029) - 79*exports(Nipissing,Kenora,Pulpwood,2030) - 8*exports(Nipissing,Algonquin,CLT,2020) - 8*exports(Nipissing,Algonquin,CLT,2021) - 8*exports(Nipissing,Algonquin,CLT,2022) - 8*exports(Nipissing,Algonquin,CLT,2023) - 8*exports(Nipissing,Algonquin,CLT,2024) - 8*exports(Nipissing,Algonquin,CLT,2025) - 8*exports(Nipissing,Algonquin,CLT,2026) - 8*exports(Nipissing,Algonquin,CLT,2027) - 8*exports(Nipissing,Algonquin,CLT,2028) - 8*exports(Nipissing,Algonquin,CLT,2029) - 8*exports(Nipissing,Algonquin,CLT,2030) - 8*exports(Nipissing,Algonquin,Glulam,2020) - 8*exports(Nipissing,Algonquin,Glulam,2021) - 8*exports(Nipissing,Algonquin,Glulam,2022) - 8*exports(Nipissing,Algonquin,Glulam,2023) - 8*exports(Nipissing,Algonquin,Glulam,2024) - 8*exports(Nipissing,Algonquin,Glulam,2025) - 8*exports(Nipissing,Algonquin,Glulam,2026) - 8*exports(Nipissing,Algonquin,Glulam,2027) - 8*exports(Nipissing,Algonquin,Glulam,2028) - 8*exports(Nipissing,Algonquin,Glulam,2029) - 8*exports(Nipissing,Algonquin,Glulam,2030) - 8*exports(Nipissing,Algonquin,Lumber,2020) - 8*exports(Nipissing,Algonquin,Lumber,2021) - 8*exports(Nipissing,Algonquin,Lumber,2022) - 8*exports(Nipissing,Algonquin,Lumber,2023) - 8*exports(Nipissing,Algonquin,Lumber,2024) - 8*exports(Nipissing,Algonquin,Lumber,2025) - 8*exports(Nipissing,Algonquin,Lumber,2026) - 8*exports(Nipissing,Algonquin,Lumber,2027) - 8*exports(Nipissing,Algonquin,Lumber,2028) - 8*exports(Nipissing,Algonquin,Lumber,2029) - 8*exports(Nipissing,Algonquin,Lumber,2030) - 8*exports(Nipissing,Algonquin,Pulpwood,2020) - 8*exports(Nipissing,Algonquin,Pulpwood,2021) - 8*exports(Nipissing,Algonquin,Pulpwood,2022) - 8*exports(Nipissing,Algonquin,Pulpwood,2023) - 8*exports(Nipissing,Algonquin,Pulpwood,2024) - 8*exports(Nipissing,Algonquin,Pulpwood,2025) - 8*exports(Nipissing,Algonquin,Pulpwood,2026) - 8*exports(Nipissing,Algonquin,Pulpwood,2027) - 8*exports(Nipissing,Algonquin,Pulpwood,2028) - 8*exports(Nipissing,Algonquin,Pulpwood,2029) - 8*exports(Nipissing,Algonquin,Pulpwood,2030) - 9*exports(Algonquin,TroutLake,CLT,2020) - 9*exports(Algonquin,TroutLake,CLT,2021) - 9*exports(Algonquin,TroutLake,CLT,2022) - 9*exports(Algonquin,TroutLake,CLT,2023) - 9*exports(Algonquin,TroutLake,CLT,2024) - 9*exports(Algonquin,TroutLake,CLT,2025) - 9*exports(Algonquin,TroutLake,CLT,2026) - 9*exports(Algonquin,TroutLake,CLT,2027) - 9*exports(Algonquin,TroutLake,CLT,2028) - 9*exports(Algonquin,TroutLake,CLT,2029) - 9*exports(Algonquin,TroutLake,CLT,2030) - 9*exports(Algonquin,TroutLake,Glulam,2020) - 9*exports(Algonquin,TroutLake,Glulam,2021) - 9*exports(Algonquin,TroutLake,Glulam,2022) - 9*exports(Algonquin,TroutLake,Glulam,2023) - 9*exports(Algonquin,TroutLake,Glulam,2024) - 9*exports(Algonquin,TroutLake,Glulam,2025) - 9*exports(Algonquin,TroutLake,Glulam,2026) - 9*exports(Algonquin,TroutLake,Glulam,2027) - 9*exports(Algonquin,TroutLake,Glulam,2028) - 9*exports(Algonquin,TroutLake,Glulam,2029) - 9*exports(Algonquin,TroutLake,Glulam,2030) - 9*exports(Algonquin,TroutLake,Lumber,2020) - 9*exports(Algonquin,TroutLake,Lumber,2021) - 9*exports(Algonquin,TroutLake,Lumber,2022) - 9*exports(Algonquin,TroutLake,Lumber,2023) - 9*exports(Algonquin,TroutLake,Lumber,2024) - 9*exports(Algonquin,TroutLake,Lumber,2025) - 9*exports(Algonquin,TroutLake,Lumber,2026) - 9*exports(Algonquin,TroutLake,Lumber,2027) - 9*exports(Algonquin,TroutLake,Lumber,2028) - 9*exports(Algonquin,TroutLake,Lumber,2029) - 9*exports(Algonquin,TroutLake,Lumber,2030) - 9*exports(Algonquin,TroutLake,Pulpwood,2020) - 9*exports(Algonquin,TroutLake,Pulpwood,2021) - 9*exports(Algonquin,TroutLake,Pulpwood,2022) - 9*exports(Algonquin,TroutLake,Pulpwood,2023) - 9*exports(Algonquin,TroutLake,Pulpwood,2024) - 9*exports(Algonquin,TroutLake,Pulpwood,2025) - 9*exports(Algonquin,TroutLake,Pulpwood,2026) - 9*exports(Algonquin,TroutLake,Pulpwood,2027) - 9*exports(Algonquin,TroutLake,Pulpwood,2028) - 9*exports(Algonquin,TroutLake,Pulpwood,2029) - 9*exports(Algonquin,TroutLake,Pulpwood,2030) - 34*exports(Algonquin,Abitibi,CLT,2020) - 34*exports(Algonquin,Abitibi,CLT,2021) - 34*exports(Algonquin,Abitibi,CLT,2022) - 34*exports(Algonquin,Abitibi,CLT,2023) - 34*exports(Algonquin,Abitibi,CLT,2024) - 34*exports(Algonquin,Abitibi,CLT,2025) - 34*exports(Algonquin,Abitibi,CLT,2026) - 34*exports(Algonquin,Abitibi,CLT,2027) - 34*exports(Algonquin,Abitibi,CLT,2028) - 34*exports(Algonquin,Abitibi,CLT,2029) - 34*exports(Algonquin,Abitibi,CLT,2030) - 34*exports(Algonquin,Abitibi,Glulam,2020) - 34*exports(Algonquin,Abitibi,Glulam,2021) - 34*exports(Algonquin,Abitibi,Glulam,2022) - 34*exports(Algonquin,Abitibi,Glulam,2023) - 34*exports(Algonquin,Abitibi,Glulam,2024) - 34*exports(Algonquin,Abitibi,Glulam,2025) - 34*exports(Algonquin,Abitibi,Glulam,2026) - 34*exports(Algonquin,Abitibi,Glulam,2027) - 34*exports(Algonquin,Abitibi,Glulam,2028) - 34*exports(Algonquin,Abitibi,Glulam,2029) - 34*exports(Algonquin,Abitibi,Glulam,2030) - 34*exports(Algonquin,Abitibi,Lumber,2020) - 34*exports(Algonquin,Abitibi,Lumber,2021) - 34*exports(Algonquin,Abitibi,Lumber,2022) - 34*exports(Algonquin,Abitibi,Lumber,2023) - 34*exports(Algonquin,Abitibi,Lumber,2024) - 34*exports(Algonquin,Abitibi,Lumber,2025) - 34*exports(Algonquin,Abitibi,Lumber,2026) - 34*exports(Algonquin,Abitibi,Lumber,2027) - 34*exports(Algonquin,Abitibi,Lumber,2028) - 34*exports(Algonquin,Abitibi,Lumber,2029) - 34*exports(Algonquin,Abitibi,Lumber,2030) - 34*exports(Algonquin,Abitibi,Pulpwood,2020) - 34*exports(Algonquin,Abitibi,Pulpwood,2021) - 34*exports(Algonquin,Abitibi,Pulpwood,2022) - 34*exports(Algonquin,Abitibi,Pulpwood,2023) - 34*exports(Algonquin,Abitibi,Pulpwood,2024) - 34*exports(Algonquin,Abitibi,Pulpwood,2025) - 34*exports(Algonquin,Abitibi,Pulpwood,2026) - 34*exports(Algonquin,Abitibi,Pulpwood,2027) - 34*exports(Algonquin,Abitibi,Pulpwood,2028) - 34*exports(Algonquin,Abitibi,Pulpwood,2029) - 34*exports(Algonquin,Abitibi,Pulpwood,2030) - 38*exports(Algonquin,Algoma,CLT,2020) - 38*exports(Algonquin,Algoma,CLT,2021) - 38*exports(Algonquin,Algoma,CLT,2022) - 38*exports(Algonquin,Algoma,CLT,2023) - 38*exports(Algonquin,Algoma,CLT,2024) - 38*exports(Algonquin,Algoma,CLT,2025) - 38*exports(Algonquin,Algoma,CLT,2026) - 38*exports(Algonquin,Algoma,CLT,2027) - 38*exports(Algonquin,Algoma,CLT,2028) - 38*exports(Algonquin,Algoma,CLT,2029) - 38*exports(Algonquin,Algoma,CLT,2030) - 38*exports(Algonquin,Algoma,Glulam,2020) - 38*exports(Algonquin,Algoma,Glulam,2021) - 38*exports(Algonquin,Algoma,Glulam,2022) - 38*exports(Algonquin,Algoma,Glulam,2023) - 38*exports(Algonquin,Algoma,Glulam,2024) - 38*exports(Algonquin,Algoma,Glulam,2025) - 38*exports(Algonquin,Algoma,Glulam,2026) - 38*exports(Algonquin,Algoma,Glulam,2027) - 38*exports(Algonquin,Algoma,Glulam,2028) - 38*exports(Algonquin,Algoma,Glulam,2029) - 38*exports(Algonquin,Algoma,Glulam,2030) - 38*exports(Algonquin,Algoma,Lumber,2020) - 38*exports(Algonquin,Algoma,Lumber,2021) - 38*exports(Algonquin,Algoma,Lumber,2022) - 38*exports(Algonquin,Algoma,Lumber,2023) - 38*exports(Algonquin,Algoma,Lumber,2024) - 38*exports(Algonquin,Algoma,Lumber,2025) - 38*exports(Algonquin,Algoma,Lumber,2026) - 38*exports(Algonquin,Algoma,Lumber,2027) - 38*exports(Algonquin,Algoma,Lumber,2028) - 38*exports(Algonquin,Algoma,Lumber,2029) - 38*exports(Algonquin,Algoma,Lumber,2030) - 38*exports(Algonquin,Algoma,Pulpwood,2020) - 38*exports(Algonquin,Algoma,Pulpwood,2021) - 38*exports(Algonquin,Algoma,Pulpwood,2022) - 38*exports(Algonquin,Algoma,Pulpwood,2023) - 38*exports(Algonquin,Algoma,Pulpwood,2024) - 38*exports(Algonquin,Algoma,Pulpwood,2025) - 38*exports(Algonquin,Algoma,Pulpwood,2026) - 38*exports(Algonquin,Algoma,Pulpwood,2027) - 38*exports(Algonquin,Algoma,Pulpwood,2028) - 38*exports(Algonquin,Algoma,Pulpwood,2029) - 38*exports(Algonquin,Algoma,Pulpwood,2030) - 87*exports(Algonquin,Kenora,CLT,2020) - 87*exports(Algonquin,Kenora,CLT,2021) - 87*exports(Algonquin,Kenora,CLT,2022) - 87*exports(Algonquin,Kenora,CLT,2023) - 87*exports(Algonquin,Kenora,CLT,2024) - 87*exports(Algonquin,Kenora,CLT,2025) - 87*exports(Algonquin,Kenora,CLT,2026) - 87*exports(Algonquin,Kenora,CLT,2027) - 87*exports(Algonquin,Kenora,CLT,2028) - 87*exports(Algonquin,Kenora,CLT,2029) - 87*exports(Algonquin,Kenora,CLT,2030) - 87*exports(Algonquin,Kenora,Glulam,2020) - 87*exports(Algonquin,Kenora,Glulam,2021) - 87*exports(Algonquin,Kenora,Glulam,2022) - 87*exports(Algonquin,Kenora,Glulam,2023) - 87*exports(Algonquin,Kenora,Glulam,2024) - 87*exports(Algonquin,Kenora,Glulam,2025) - 87*exports(Algonquin,Kenora,Glulam,2026) - 87*exports(Algonquin,Kenora,Glulam,2027) - 87*exports(Algonquin,Kenora,Glulam,2028) - 87*exports(Algonquin,Kenora,Glulam,2029) - 87*exports(Algonquin,Kenora,Glulam,2030) - 87*exports(Algonquin,Kenora,Lumber,2020) - 87*exports(Algonquin,Kenora,Lumber,2021) - 87*exports(Algonquin,Kenora,Lumber,2022) - 87*exports(Algonquin,Kenora,Lumber,2023) - 87*exports(Algonquin,Kenora,Lumber,2024) - 87*exports(Algonquin,Kenora,Lumber,2025) - 87*exports(Algonquin,Kenora,Lumber,2026) - 87*exports(Algonquin,Kenora,Lumber,2027) - 87*exports(Algonquin,Kenora,Lumber,2028) - 87*exports(Algonquin,Kenora,Lumber,2029) - 87*exports(Algonquin,Kenora,Lumber,2030) - 87*exports(Algonquin,Kenora,Pulpwood,2020) - 87*exports(Algonquin,Kenora,Pulpwood,2021) - 87*exports(Algonquin,Kenora,Pulpwood,2022) - 87*exports(Algonquin,Kenora,Pulpwood,2023) - 87*exports(Algonquin,Kenora,Pulpwood,2024) - 87*exports(Algonquin,Kenora,Pulpwood,2025) - 87*exports(Algonquin,Kenora,Pulpwood,2026) - 87*exports(Algonquin,Kenora,Pulpwood,2027) - 87*exports(Algonquin,Kenora,Pulpwood,2028) - 87*exports(Algonquin,Kenora,Pulpwood,2029) - 87*exports(Algonquin,Kenora,Pulpwood,2030) - 8*exports(Algonquin,Nipissing,CLT,2020) - 8*exports(Algonquin,Nipissing,CLT,2021) - 8*exports(Algonquin,Nipissing,CLT,2022) - 8*exports(Algonquin,Nipissing,CLT,2023) - 8*exports(Algonquin,Nipissing,CLT,2024) - 8*exports(Algonquin,Nipissing,CLT,2025) - 8*exports(Algonquin,Nipissing,CLT,2026) - 8*exports(Algonquin,Nipissing,CLT,2027) - 8*exports(Algonquin,Nipissing,CLT,2028) - 8*exports(Algonquin,Nipissing,CLT,2029) - 8*exports(Algonquin,Nipissing,CLT,2030) - 8*exports(Algonquin,Nipissing,Glulam,2020) - 8*exports(Algonquin,Nipissing,Glulam,2021) - 8*exports(Algonquin,Nipissing,Glulam,2022) - 8*exports(Algonquin,Nipissing,Glulam,2023) - 8*exports(Algonquin,Nipissing,Glulam,2024) - 8*exports(Algonquin,Nipissing,Glulam,2025) - 8*exports(Algonquin,Nipissing,Glulam,2026) - 8*exports(Algonquin,Nipissing,Glulam,2027) - 8*exports(Algonquin,Nipissing,Glulam,2028) - 8*exports(Algonquin,Nipissing,Glulam,2029) - 8*exports(Algonquin,Nipissing,Glulam,2030) - 8*exports(Algonquin,Nipissing,Lumber,2020) - 8*exports(Algonquin,Nipissing,Lumber,2021) - 8*exports(Algonquin,Nipissing,Lumber,2022) - 8*exports(Algonquin,Nipissing,Lumber,2023) - 8*exports(Algonquin,Nipissing,Lumber,2024) - 8*exports(Algonquin,Nipissing,Lumber,2025) - 8*exports(Algonquin,Nipissing,Lumber,2026) - 8*exports(Algonquin,Nipissing,Lumber,2027) - 8*exports(Algonquin,Nipissing,Lumber,2028) - 8*exports(Algonquin,Nipissing,Lumber,2029) - 8*exports(Algonquin,Nipissing,Lumber,2030) - 8*exports(Algonquin,Nipissing,Pulpwood,2020) - 8*exports(Algonquin,Nipissing,Pulpwood,2021) - 8*exports(Algonquin,Nipissing,Pulpwood,2022) - 8*exports(Algonquin,Nipissing,Pulpwood,2023) - 8*exports(Algonquin,Nipissing,Pulpwood,2024) - 8*exports(Algonquin,Nipissing,Pulpwood,2025) - 8*exports(Algonquin,Nipissing,Pulpwood,2026) - 8*exports(Algonquin,Nipissing,Pulpwood,2027) - 8*exports(Algonquin,Nipissing,Pulpwood,2028) - 8*exports(Algonquin,Nipissing,Pulpwood,2029) - 8*exports(Algonquin,Nipissing,Pulpwood,2030) + transCostTot =E= 0 ; (LHS = 0)
     

---- profitEq  =E=  

profitEq..  Zprofit - revenue + harvestCostTot + procCostTot + transCostTot =E= 0 ; (LHS = 0)
     

---- scalarObjective  =E=  

scalarObjective..  - Zprofit + carbonCost + obj =E= 0 ; (LHS = 0)
     
GAMS 48.3.0  71b5641f Nov 12, 2024          WEX-WEI x86 64bit/MS Windows - 03/23/26 05:08:33 Page 3
G e n e r a l   A l g e b r a i c   M o d e l i n g   S y s t e m
Column Listing      SOLVE ForestCP Using NLP From line 497


---- stockRW  Roundwood stock (MILLION m3)

stockRW(TroutLake,2020)
                (.LO, .L, .UP, .M = 0, 28999.48, +INF, 0)
        1       stockBalanceRW(TroutLake,2020)
       -1       stockBalanceRW(TroutLake,2021)
       -0.01    sustainabilityRW(TroutLake,2021)

stockRW(TroutLake,2021)
                (.LO, .L, .UP, .M = 0, 28999.48, +INF, 0)
        1       stockBalanceRW(TroutLake,2021)
       -1       stockBalanceRW(TroutLake,2022)
       -0.01    sustainabilityRW(TroutLake,2022)

stockRW(TroutLake,2022)
                (.LO, .L, .UP, .M = 0, 28999.48, +INF, 0)
        1       stockBalanceRW(TroutLake,2022)
       -1       stockBalanceRW(TroutLake,2023)
       -0.01    sustainabilityRW(TroutLake,2023)

REMAINING 63 ENTRIES SKIPPED

---- harvestRW  Roundwood harvest (MILLION m3)

harvestRW(TroutLake,2020)
                (.LO, .L, .UP, .M = 0, 289.9948, +INF, 0)
        1       stockBalanceRW(TroutLake,2020)
        1       sustainabilityRW(TroutLake,2020)
       -1       roundwoodUseEq(TroutLake,2020)
      -35.5053  harvestCostEq

harvestRW(TroutLake,2021)
                (.LO, .L, .UP, .M = 0, 289.9948, +INF, 0)
        1       stockBalanceRW(TroutLake,2021)
        1       sustainabilityRW(TroutLake,2021)
       -1       roundwoodUseEq(TroutLake,2021)
      -40.6088  harvestCostEq

harvestRW(TroutLake,2022)
                (.LO, .L, .UP, .M = 0, 289.9948, +INF, 0)
        1       stockBalanceRW(TroutLake,2022)
        1       sustainabilityRW(TroutLake,2022)
       -1       roundwoodUseEq(TroutLake,2022)
      -38.3829  harvestCostEq

REMAINING 63 ENTRIES SKIPPED

---- production  Output production (MILLION m3)

production(TroutLake,CLT,2020)
                (.LO, .L, .UP, .M = 0, 0.0433683379646, +INF, 0)
        1       millCapacityEq(TroutLake,CLT,2020)
       -1.2     lumberBalance(TroutLake,2020)
        1       cltBalance(TroutLake,2020)
       -0.7     carbonStoreEq(TroutLake,CLT,2020)
       -0.15    carbonEmitEq(TroutLake,CLT,2020)
     -200       procCostEq

production(TroutLake,CLT,2021)
                (.LO, .L, .UP, .M = 0, 0.0437365458368, +INF, 0)
        1       millCapacityEq(TroutLake,CLT,2021)
       -1.2     lumberBalance(TroutLake,2021)
        1       cltBalance(TroutLake,2021)
       -0.7     carbonStoreEq(TroutLake,CLT,2021)
       -0.15    carbonEmitEq(TroutLake,CLT,2021)
     -196       procCostEq

production(TroutLake,CLT,2022)
                (.LO, .L, .UP, .M = 0, 0.04137149138, +INF, 0)
        1       millCapacityEq(TroutLake,CLT,2022)
       -1.2     lumberBalance(TroutLake,2022)
        1       cltBalance(TroutLake,2022)
       -0.7     carbonStoreEq(TroutLake,CLT,2022)
       -0.15    carbonEmitEq(TroutLake,CLT,2022)
     -192.08    procCostEq

REMAINING 261 ENTRIES SKIPPED

---- sales  Final sales / served demand (MILLION m3)

sales(TroutLake,CLT,2020)
                (.LO, .L, .UP, .M = 0, 0.0433683379646, +INF, 0)
        1       demandCapEq(TroutLake,CLT,2020)
       -1       cltBalance(TroutLake,2020)
    (-700)      revenueEq

sales(TroutLake,CLT,2021)
                (.LO, .L, .UP, .M = 0, 0.0437365458368, +INF, 0)
        1       demandCapEq(TroutLake,CLT,2021)
       -1       cltBalance(TroutLake,2021)
    (-721)      revenueEq

sales(TroutLake,CLT,2022)
                (.LO, .L, .UP, .M = 0, 0.04137149138, +INF, 0)
        1       demandCapEq(TroutLake,CLT,2022)
       -1       cltBalance(TroutLake,2022)
    (-742.63)   revenueEq

REMAINING 261 ENTRIES SKIPPED

---- exports  Interregional shipments (MILLION m3)

exports(TroutLake,Abitibi,CLT,2020)
                (.LO, .L, .UP, .M = 0, 0, +INF, 0)
        1       arcCapEq(TroutLake,Abitibi,CLT,2020)
       -1       cltBalance(TroutLake,2020)
        1       cltBalance(Abitibi,2020)
       -0.018   carbonEmitEq(TroutLake,CLT,2020)
      -38       transCostEq

exports(TroutLake,Abitibi,CLT,2021)
                (.LO, .L, .UP, .M = 0, 0, +INF, 0)
        1       arcCapEq(TroutLake,Abitibi,CLT,2021)
       -1       cltBalance(TroutLake,2021)
        1       cltBalance(Abitibi,2021)
       -0.018   carbonEmitEq(TroutLake,CLT,2021)
      -38       transCostEq

exports(TroutLake,Abitibi,CLT,2022)
                (.LO, .L, .UP, .M = 0, 0, +INF, 0)
        1       arcCapEq(TroutLake,Abitibi,CLT,2022)
       -1       cltBalance(TroutLake,2022)
        1       cltBalance(Abitibi,2022)
       -0.018   carbonEmitEq(TroutLake,CLT,2022)
      -38       transCostEq

REMAINING 1317 ENTRIES SKIPPED

---- price  Price variable fixed to exogenous path ($/m3)

price(TroutLake,CLT,2020)
                (.LO, .L, .UP, .M = 700, 700, 700, 0)
      (-0.0434) revenueEq

price(TroutLake,CLT,2021)
                (.LO, .L, .UP, .M = 721, 721, 721, 0)
      (-0.0437) revenueEq

price(TroutLake,CLT,2022)
                (.LO, .L, .UP, .M = 742.63, 742.63, 742.63, 0)
      (-0.0414) revenueEq

REMAINING 261 ENTRIES SKIPPED

---- carbonStorage  Stored carbon (MtCO2 eq if factors are tCO2/m3 and quantities in million m3)

carbonStorage(TroutLake,CLT,2020)
                (.LO, .L, .UP, .M = 0, 0, +INF, 0)
        1       carbonStoreEq(TroutLake,CLT,2020)
       -1       storageEq

carbonStorage(TroutLake,CLT,2021)
                (.LO, .L, .UP, .M = 0, 0, +INF, 0)
        1       carbonStoreEq(TroutLake,CLT,2021)
       -1       storageEq

carbonStorage(TroutLake,CLT,2022)
                (.LO, .L, .UP, .M = 0, 0, +INF, 0)
        1       carbonStoreEq(TroutLake,CLT,2022)
       -1       storageEq

REMAINING 261 ENTRIES SKIPPED

---- carbonEmission  Emissions (MtCO2 eq)

carbonEmission(TroutLake,CLT,2020)
                (.LO, .L, .UP, .M = 0, 0, +INF, 0)
        1       carbonEmitEq(TroutLake,CLT,2020)
       -1       emissionEq

carbonEmission(TroutLake,CLT,2021)
                (.LO, .L, .UP, .M = 0, 0, +INF, 0)
        1       carbonEmitEq(TroutLake,CLT,2021)
       -1       emissionEq

carbonEmission(TroutLake,CLT,2022)
                (.LO, .L, .UP, .M = 0, 0, +INF, 0)
        1       carbonEmitEq(TroutLake,CLT,2022)
       -1       emissionEq

REMAINING 261 ENTRIES SKIPPED

---- Zprofit  Net economic value before carbon cost (MILLION $)

Zprofit
                (.LO, .L, .UP, .M = -INF, 0, +INF, 0)
        1       profitEq
       -1       scalarObjective


---- Zemission  Total carbon emissions (MtCO2 eq)

Zemission
                (.LO, .L, .UP, .M = -INF, 0, +INF, 0)
        1       emissionEq
       -1       netCarbonEq
     -170       eCarbonCost


---- Zstorage  Total stored carbon (MtCO2 eq)

Zstorage
                (.LO, .L, .UP, .M = -INF, 0, +INF, 0)
        1       storageEq
        1       netCarbonEq


---- ZnetCarbon  Net carbon = emissions - storage (MtCO2 eq)

ZnetCarbon
                (.LO, .L, .UP, .M = -INF, 0, +INF, 0)
        1       netCarbonEq


---- carbonCost  Carbon cost (MILLION $)

carbonCost
                (.LO, .L, .UP, .M = -INF, 0, +INF, 0)
        1       eCarbonCost
        1       scalarObjective


---- obj  Objective = Zprofit - carbonCost (MILLION $)

obj
                (.LO, .L, .UP, .M = -INF, 0, +INF, 0)
        1       scalarObjective


---- revenue  Revenue (MILLION $)

revenue
                (.LO, .L, .UP, .M = -INF, 0, +INF, 0)
        1       revenueEq
       -1       profitEq


---- harvestCostTot  Harvest cost (MILLION $)

harvestCostTot
                (.LO, .L, .UP, .M = -INF, 0, +INF, 0)
        1       harvestCostEq
        1       profitEq


---- procCostTot  Processing cost (MILLION $)

procCostTot
                (.LO, .L, .UP, .M = -INF, 0, +INF, 0)
        1       procCostEq
        1       profitEq


---- transCostTot  Transport cost (MILLION $)

transCostTot
                (.LO, .L, .UP, .M = -INF, 0, +INF, 0)
        1       transCostEq
        1       profitEq

GAMS 48.3.0  71b5641f Nov 12, 2024          WEX-WEI x86 64bit/MS Windows - 03/23/26 05:08:33 Page 4
G e n e r a l   A l g e b r a i c   M o d e l i n g   S y s t e m
Range Statistics    SOLVE ForestCP Using NLP From line 497


RANGE STATISTICS (ABSOLUTE NON-ZERO FINITE VALUES)

RHS       [min, max] : [ 1.496E-01, 1.078E+05] - Zero values observed as well
Bound     [min, max] : [ 7.500E+01, 5.389E+04] - Zero values observed as well
Matrix    [min, max] : [ 1.000E-02, 9.407E+02]

GAMS 48.3.0  71b5641f Nov 12, 2024          WEX-WEI x86 64bit/MS Windows - 03/23/26 05:08:33 Page 5
G e n e r a l   A l g e b r a i c   M o d e l i n g   S y s t e m
Model Statistics    SOLVE ForestCP Using NLP From line 497


MODEL STATISTICS

BLOCKS OF EQUATIONS          22     SINGLE EQUATIONS        2,848
BLOCKS OF VARIABLES          18     SINGLE VARIABLES        2,782
NON ZERO ELEMENTS        10,765     NON LINEAR N-Z            528
CODE LENGTH                 794     CONSTANT POOL              16


GENERATION TIME      =        0.031 SECONDS      5 MB  48.3.0 71b5641f WEX-WEI
GAMS 48.3.0  71b5641f Nov 12, 2024          WEX-WEI x86 64bit/MS Windows - 03/23/26 05:08:33 Page 6
G e n e r a l   A l g e b r a i c   M o d e l i n g   S y s t e m
Solution Report     SOLVE ForestCP Using NLP From line 497


               S O L V E      S U M M A R Y

     MODEL   ForestCP            OBJECTIVE  obj
     TYPE    NLP                 DIRECTION  MAXIMIZE
     SOLVER  CONOPT              FROM LINE  497

**** SOLVER STATUS     1 Normal Completion
**** MODEL STATUS      2 Locally Optimal
**** OBJECTIVE VALUE            94496.0301

 RESOURCE USAGE, LIMIT          0.141 10000000000.000
 ITERATION COUNT, LIMIT        11    2147483647
 EVALUATION ERRORS              0             0
 
 
    C O N O P T   version 4.35
    Copyright (C) GAMS Software GmbH
                  GAMS Development Corporation
 
 
    The user model has 2848 constraints and 2782 variables
    with 10765 Jacobian elements, 528 of which are nonlinear.
    The Hessian of the Lagrangian has 0 elements on the diagonal,
    264 elements below the diagonal, and 528 nonlinear variables.
 
    The pre-triangular part of the model has 1854 constraints and 264 variables.
    The post-triangular part of the model has 538 constraints and variables.
 
    Preprocessed model has 456 constraints and 1980 variables
    with 3810 Jacobian elements, 0 of which are nonlinear.
 
 ** Optimal solution. There are no superbasic variables.
 
 
 CONOPT time Total                            0.031 seconds
   of which: Function evaluations             0.000 =  0.0%
             1st Derivative evaluations       0.000 =  0.0%
 

---- EQU stockBalanceRW  

                      LOWER          LEVEL          UPPER         MARGINAL

TroutLake.2020     28999.4800     28999.4800     28999.4800         EPS         
TroutLake.2021      2275.5640      2275.5640      2275.5640         EPS         
TroutLake.2022      2366.0190      2366.0190      2366.0190         EPS         
TroutLake.2023      1940.3484      1940.3484      1940.3484         EPS         
TroutLake.2024      2030.8034      2030.8034      2030.8034         EPS         
TroutLake.2025      2121.2584      2121.2584      2121.2584         EPS         
TroutLake.2026      2211.7134      2211.7134      2211.7134         EPS         
TroutLake.2027      2302.1684      2302.1684      2302.1684         EPS         
TroutLake.2028      2392.6234      2392.6234      2392.6234         EPS         
TroutLake.2029      1966.9528      1966.9528      1966.9528         EPS         
TroutLake.2030      2057.4078      2057.4078      2057.4078         EPS         
Abitibi  .2020    107775.2200    107775.2200    107775.2200         EPS         
Abitibi  .2021      7151.8902      7151.8902      7151.8902         EPS         
Abitibi  .2022      7488.0620      7488.0620      7488.0620         EPS         
Abitibi  .2023      7824.2338      7824.2338      7824.2338         EPS         
Abitibi  .2024      8160.4056      8160.4056      8160.4056         EPS         
Abitibi  .2025      8496.5774      8496.5774      8496.5774         EPS         
Abitibi  .2026      8832.7492      8832.7492      8832.7492         EPS         
Abitibi  .2027      7250.7643      7250.7643      7250.7643         EPS         
Abitibi  .2028      7586.9360      7586.9360      7586.9360         EPS         
Abitibi  .2029      7923.1078      7923.1078      7923.1078         EPS         
Abitibi  .2030      8259.2796      8259.2796      8259.2796         EPS         
Algoma   .2020     54884.8900     54884.8900     54884.8900         EPS         
Algoma   .2021      4886.4435      4886.4435      4886.4435         EPS         
Algoma   .2022      5097.9958      5097.9958      5097.9958         EPS         
Algoma   .2023      5309.5481      5309.5481      5309.5481         EPS         
Algoma   .2024      5521.1004      5521.1004      5521.1004         EPS         
Algoma   .2025      4525.5601      4525.5601      4525.5601         EPS         
Algoma   .2026      4737.1124      4737.1124      4737.1124         EPS         
Algoma   .2027      4948.6647      4948.6647      4948.6647         EPS         
Algoma   .2028      5160.2170      5160.2170      5160.2170         EPS         
Algoma   .2029      5371.7694      5371.7694      5371.7694         EPS         
Algoma   .2030      5583.3217      5583.3217      5583.3217         EPS         
Kenora   .2020     49746.1900     49746.1900     49746.1900         EPS         
Kenora   .2021      3941.6257      3941.6257      3941.6257         EPS         
Kenora   .2022      4099.7869      4099.7869      4099.7869         EPS         
Kenora   .2023      3355.4988      3355.4988      3355.4988         EPS         
Kenora   .2024      3513.6600      3513.6600      3513.6600         EPS         
Kenora   .2025      3671.8213      3671.8213      3671.8213         EPS         
Kenora   .2026      3829.9825      3829.9825      3829.9825         EPS         
Kenora   .2027      3988.1437      3988.1437      3988.1437         EPS         
Kenora   .2028      4146.3049      4146.3049      4146.3049         EPS         
Kenora   .2029      3402.0168      3402.0168      3402.0168         EPS         
Kenora   .2030      3560.1781      3560.1781      3560.1781         EPS         
Nipissing.2020     45261.6900     45261.6900     45261.6900         EPS         
Nipissing.2021      3746.0249      3746.0249      3746.0249         EPS         
Nipissing.2022      3924.0745      3924.0745      3924.0745         EPS         
Nipissing.2023      4102.1242      4102.1242      4102.1242         EPS         
Nipissing.2024      4280.1738      4280.1738      4280.1738         EPS         
Nipissing.2025      4458.2235      4458.2235      4458.2235         EPS         
Nipissing.2026      4636.2731      4636.2731      4636.2731         EPS         
Nipissing.2027      3798.3924      3798.3924      3798.3924         EPS         
Nipissing.2028      3976.4421      3976.4421      3976.4421         EPS         
Nipissing.2029      4154.4917      4154.4917      4154.4917         EPS         
Nipissing.2030      4332.5414      4332.5414      4332.5414         EPS         
Algonquin.2020     36725.2600     36725.2600     36725.2600         EPS         
Algonquin.2021      3327.9681      3327.9681      3327.9681         EPS         
Algonquin.2022      3473.5310      3473.5310      3473.5310         EPS         
Algonquin.2023      3619.0939      3619.0939      3619.0939         EPS         
Algonquin.2024      3764.6569      3764.6569      3764.6569         EPS         
Algonquin.2025      3079.6549      3079.6549      3079.6549         EPS         
Algonquin.2026      3225.2178      3225.2178      3225.2178         EPS         
Algonquin.2027      3370.7807      3370.7807      3370.7807         EPS         
Algonquin.2028      3516.3436      3516.3436      3516.3436         EPS         
Algonquin.2029      3661.9066      3661.9066      3661.9066         EPS         
Algonquin.2030      3807.4695      3807.4695      3807.4695         EPS         

---- EQU sustainabilityRW  

                      LOWER          LEVEL          UPPER         MARGINAL

TroutLake.2020        -INF            7.2605       289.9948          .          
TroutLake.2021        -INF         -282.4152        22.7556          .          
TroutLake.2022        -INF         -305.1479        23.6602          .          
TroutLake.2023        -INF         -329.0204        19.4035          .          
TroutLake.2024        -INF         -348.2783        20.3080          .          
TroutLake.2025        -INF         -368.0480        21.2126          .          
TroutLake.2026        -INF         -389.8248        22.1171          .          
TroutLake.2027        -INF         -411.2378        23.0217          .          
TroutLake.2028        -INF         -435.0403        23.9262          .          
TroutLake.2029        -INF         -458.3844        19.6695          .          
TroutLake.2030        -INF         -478.0661        20.5741          .          
Abitibi  .2020        -INF           12.3258      1077.7522          .          
Abitibi  .2021        -INF        -1064.7843        71.5189          .          
Abitibi  .2022        -INF        -1137.1277        74.8806          .          
Abitibi  .2023        -INF        -1211.9841        78.2423          .          
Abitibi  .2024        -INF        -1290.7000        81.6041          .          
Abitibi  .2025        -INF        -1371.4236        84.9658          .          
Abitibi  .2026        -INF        -1455.9236        88.3275          .          
Abitibi  .2027        -INF        -1544.4878        72.5076          .          
Abitibi  .2028        -INF        -1616.6845        75.8694          .          
Abitibi  .2029        -INF        -1693.3481        79.2311          .          
Abitibi  .2030        -INF        -1771.4688        82.5928          .          
Algoma   .2020        -INF           10.0681       548.8489          .          
Algoma   .2021        -INF         -537.0770        48.8644          .          
Algoma   .2022        -INF         -587.5445        50.9800          .          
Algoma   .2023        -INF         -638.1353        53.0955          .          
Algoma   .2024        -INF         -691.7236        55.2110          .          
Algoma   .2025        -INF         -746.1519        45.2556          .          
Algoma   .2026        -INF         -792.0148        47.3711          .          
Algoma   .2027        -INF         -838.9980        49.4866          .          
Algoma   .2028        -INF         -887.4625        51.6022          .          
Algoma   .2029        -INF         -938.8101        53.7177          .          
Algoma   .2030        -INF         -993.3961        55.8332          .          
Kenora   .2020        -INF            5.0259       497.4619          .          
Kenora   .2021        -INF         -492.1122        39.4163          .          
Kenora   .2022        -INF         -530.9961        40.9979          .          
Kenora   .2023        -INF         -572.3565        33.5550          .          
Kenora   .2024        -INF         -605.8933        35.1366          .          
Kenora   .2025        -INF         -640.8302        36.7182          .          
Kenora   .2026        -INF         -677.9303        38.2998          .          
Kenora   .2027        -INF         -715.7118        39.8814          .          
Kenora   .2028        -INF         -755.6460        41.4630          .          
Kenora   .2029        -INF         -796.8657        34.0202          .          
Kenora   .2030        -INF         -830.9755        35.6018          .          
Nipissing.2020        -INF           15.5486       452.6169          .          
Nipissing.2021        -INF         -438.0692        37.4602          .          
Nipissing.2022        -INF         -476.2919        39.2407          .          
Nipissing.2023        -INF         -513.4194        41.0212          .          
Nipissing.2024        -INF         -555.8423        42.8017          .          
Nipissing.2025        -INF         -596.2265        44.5822          .          
Nipissing.2026        -INF         -642.8774        46.3627          .          
Nipissing.2027        -INF         -689.0900        37.9839          .          
Nipissing.2028        -INF         -726.5807        39.7644          .          
Nipissing.2029        -INF         -765.9204        41.5449          .          
Nipissing.2030        -INF         -807.0836        43.3254          .          
Algonquin.2020        -INF            9.1127       367.2526          .          
Algonquin.2021        -INF         -358.1593        33.2797          .          
Algonquin.2022        -INF         -391.6957        34.7353          .          
Algonquin.2023        -INF         -426.1019        36.1909          .          
Algonquin.2024        -INF         -462.3220        37.6466          .          
Algonquin.2025        -INF         -499.8112        30.7965          .          
Algonquin.2026        -INF         -530.5351        32.2522          .          
Algonquin.2027        -INF         -562.3917        33.7078          .          
Algonquin.2028        -INF         -595.7127        35.1634          .          
Algonquin.2029        -INF         -631.1121        36.6191          .          
Algonquin.2030        -INF         -668.6284        38.0747          .          

---- EQU roundwoodUseEq  

                      LOWER          LEVEL          UPPER         MARGINAL

TroutLake.2020        -INF             .              .            35.5053      
TroutLake.2021        -INF             .              .            40.6088      
TroutLake.2022        -INF             .              .            38.3829      
TroutLake.2023        -INF             .              .            36.4886      
TroutLake.2024        -INF             .              .            36.4208      
TroutLake.2025        -INF             .              .            35.9028      
TroutLake.2026        -INF             .              .            36.8587      
TroutLake.2027        -INF             .              .            40.7077      
TroutLake.2028        -INF             .              .            34.7101      
TroutLake.2029        -INF             .              .            38.0016      
TroutLake.2030        -INF             .              .            41.7857      
Abitibi  .2020        -INF             .              .            38.5984      
Abitibi  .2021        -INF             .              .            41.7326      
Abitibi  .2022        -INF             .              .            39.9931      
Abitibi  .2023        -INF             .              .            35.1933      
Abitibi  .2024        -INF             .              .            39.0619      
Abitibi  .2025        -INF             .              .            35.4123      
Abitibi  .2026        -INF             .              .            36.1006      
Abitibi  .2027        -INF             .              .            39.2839      
Abitibi  .2028        -INF             .              .            37.5087      
Abitibi  .2029        -INF             .              .            36.9337      
Abitibi  .2030        -INF             .              .            36.8710      
Algoma   .2020        -INF             .              .            35.1993      
Algoma   .2021        -INF             .              .            35.3408      
Algoma   .2022        -INF             .              .            38.6773      
Algoma   .2023        -INF             .              .            40.5148      
Algoma   .2024        -INF             .              .            35.9542      
Algoma   .2025        -INF             .              .            39.2596      
Algoma   .2026        -INF             .              .            40.0965      
Algoma   .2027        -INF             .              .            36.5078      
Algoma   .2028        -INF             .              .            35.0397      
Algoma   .2029        -INF             .              .            38.0181      
Algoma   .2030        -INF             .              .            35.4173      
Kenora   .2020        -INF             .              .            40.8307      
Kenora   .2021        -INF             .              .            36.2149      
Kenora   .2022        -INF             .              .            36.3722      
Kenora   .2023        -INF             .              .            38.7141      
Kenora   .2024        -INF             .              .            39.6927      
Kenora   .2025        -INF             .              .            38.9747      
Kenora   .2026        -INF             .              .            37.7249      
Kenora   .2027        -INF             .              .            37.3411      
Kenora   .2028        -INF             .              .            35.0945      
Kenora   .2029        -INF             .              .            36.5880      
Kenora   .2030        -INF             .              .            34.5538      
Nipissing.2020        -INF             .              .            36.7730      
Nipissing.2021        -INF             .              .            35.5840      
Nipissing.2022        -INF             .              .            39.1075      
Nipissing.2023        -INF             .              .            38.4617      
Nipissing.2024        -INF             .              .            40.0517      
Nipissing.2025        -INF             .              .            36.4633      
Nipissing.2026        -INF             .              .            39.2244      
Nipissing.2027        -INF             .              .            39.9442      
Nipissing.2028        -INF             .              .            38.9686      
Nipissing.2029        -INF             .              .            36.3574      
Nipissing.2030        -INF             .              .            34.8568      
Algonquin.2020        -INF             .              .            34.9791      
Algonquin.2021        -INF             .              .            39.0735      
Algonquin.2022        -INF             .              .            38.3444      
Algonquin.2023        -INF             .              .            34.4396      
Algonquin.2024        -INF             .              .            40.2219      
Algonquin.2025        -INF             .              .            34.7530      
Algonquin.2026        -INF             .              .            35.5350      
Algonquin.2027        -INF             .              .            38.1948      
Algonquin.2028        -INF             .              .            39.9016      
Algonquin.2029        -INF             .              .            35.5537      
Algonquin.2030        -INF             .              .            34.4595      

---- EQU millCapacityEq  

                               LOWER          LEVEL          UPPER         MARGINAL

TroutLake.CLT     .2020        -INF            0.1735         1.0000          .          
TroutLake.CLT     .2021        -INF            0.1749         1.0000          .          
TroutLake.CLT     .2022        -INF            0.1655         1.0000          .          
TroutLake.CLT     .2023        -INF            0.1642         1.0000          .          
TroutLake.CLT     .2024        -INF            0.1595         1.0000          .          
TroutLake.CLT     .2025        -INF            0.1597         1.0000          .          
TroutLake.CLT     .2026        -INF            0.1549         1.0000          .          
TroutLake.CLT     .2027        -INF            0.1877         1.0000          .          
TroutLake.CLT     .2028        -INF            0.1651         1.0000          .          
TroutLake.CLT     .2029        -INF            0.1816         1.0000          .          
TroutLake.CLT     .2030        -INF            0.1618         1.0000          .          
TroutLake.Glulam  .2020        -INF            0.1547         1.0000          .          
TroutLake.Glulam  .2021        -INF            0.1802         1.0000          .          
TroutLake.Glulam  .2022        -INF            0.1524         1.0000          .          
TroutLake.Glulam  .2023        -INF            0.1578         1.0000          .          
TroutLake.Glulam  .2024        -INF            0.1498         1.0000          .          
TroutLake.Glulam  .2025        -INF            0.1606         1.0000          .          
TroutLake.Glulam  .2026        -INF            0.1700         1.0000          .          
TroutLake.Glulam  .2027        -INF            0.1558         1.0000          .          
TroutLake.Glulam  .2028        -INF            0.1567         1.0000          .          
TroutLake.Glulam  .2029        -INF            0.1631         1.0000          .          
TroutLake.Glulam  .2030        -INF            0.1625         1.0000          .          
TroutLake.Lumber  .2020        -INF            3.7289        10.0000          .          
TroutLake.Lumber  .2021        -INF            4.2978        10.0000          .          
TroutLake.Lumber  .2022        -INF            4.2809        10.0000          .          
TroutLake.Lumber  .2023        -INF            3.7614        10.0000          .          
TroutLake.Lumber  .2024        -INF            3.7494        10.0000          .          
TroutLake.Lumber  .2025        -INF            4.0967        10.0000          .          
TroutLake.Lumber  .2026        -INF            3.7861        10.0000          .          
TroutLake.Lumber  .2027        -INF            4.2436        10.0000          .          
TroutLake.Lumber  .2028        -INF            3.5509        10.0000          .          
TroutLake.Lumber  .2029        -INF            4.0951        10.0000          .          
TroutLake.Lumber  .2030        -INF            3.4995        10.0000          .          
TroutLake.Pulpwood.2020        -INF            3.0549        10.0000          .          
TroutLake.Pulpwood.2021        -INF            2.6770        10.0000          .          
TroutLake.Pulpwood.2022        -INF            2.6443        10.0000          .          
TroutLake.Pulpwood.2023        -INF            2.9289        10.0000          .          
TroutLake.Pulpwood.2024        -INF            3.0143        10.0000          .          
TroutLake.Pulpwood.2025        -INF            3.0928        10.0000          .          
TroutLake.Pulpwood.2026        -INF            2.8025        10.0000          .          
TroutLake.Pulpwood.2027        -INF            2.9252        10.0000          .          
TroutLake.Pulpwood.2028        -INF            2.8387        10.0000          .          
TroutLake.Pulpwood.2029        -INF            2.7497        10.0000          .          
TroutLake.Pulpwood.2030        -INF            3.3142        10.0000          .          
Abitibi  .CLT     .2020        -INF            0.1668         1.0000          .          
Abitibi  .CLT     .2021        -INF            0.1551         1.0000          .          
Abitibi  .CLT     .2022        -INF            0.1654         1.0000          .          
Abitibi  .CLT     .2023        -INF            0.1649         1.0000          .          
Abitibi  .CLT     .2024        -INF            0.1606         1.0000          .          
Abitibi  .CLT     .2025        -INF            0.1883         1.0000          .          
Abitibi  .CLT     .2026        -INF            0.1573         1.0000          .          
Abitibi  .CLT     .2027        -INF            0.1617         1.0000          .          
Abitibi  .CLT     .2028        -INF            0.1526         1.0000          .          
Abitibi  .CLT     .2029        -INF            0.1660         1.0000          .          
Abitibi  .CLT     .2030        -INF            0.1537         1.0000          .          
Abitibi  .Glulam  .2020        -INF            0.1653         1.0000          .          
Abitibi  .Glulam  .2021        -INF            0.1628         1.0000          .          
Abitibi  .Glulam  .2022        -INF            0.1574         1.0000          .          
Abitibi  .Glulam  .2023        -INF            0.1542         1.0000          .          
Abitibi  .Glulam  .2024        -INF            0.1739         1.0000          .          
Abitibi  .Glulam  .2025        -INF            0.1705         1.0000          .          
Abitibi  .Glulam  .2026        -INF            0.1514         1.0000          .          
Abitibi  .Glulam  .2027        -INF            0.1816         1.0000          .          
Abitibi  .Glulam  .2028        -INF            0.1882         1.0000          .          
Abitibi  .Glulam  .2029        -INF            0.1739         1.0000          .          
Abitibi  .Glulam  .2030        -INF            0.1744         1.0000          .          
Abitibi  .Lumber  .2020        -INF            5.2170        10.0000          .          
Abitibi  .Lumber  .2021        -INF            5.4781        10.0000          .          
Abitibi  .Lumber  .2022        -INF            5.5874        10.0000          .          
Abitibi  .Lumber  .2023        -INF            5.3754        10.0000          .          
Abitibi  .Lumber  .2024        -INF            4.9751        10.0000          .          
Abitibi  .Lumber  .2025        -INF            5.6017        10.0000          .          
Abitibi  .Lumber  .2026        -INF            5.3840        10.0000          .          
Abitibi  .Lumber  .2027        -INF            4.9431        10.0000          .          
Abitibi  .Lumber  .2028        -INF            5.9742        10.0000          .          
Abitibi  .Lumber  .2029        -INF            5.0642        10.0000          .          
Abitibi  .Lumber  .2030        -INF            5.5871        10.0000          .          
Abitibi  .Pulpwood.2020        -INF            6.3986        10.0000          .          
Abitibi  .Pulpwood.2021        -INF            6.6227        10.0000          .          
Abitibi  .Pulpwood.2022        -INF            5.5698        10.0000          .          
Abitibi  .Pulpwood.2023        -INF            5.7079        10.0000          .          
Abitibi  .Pulpwood.2024        -INF            5.5640        10.0000          .          
Abitibi  .Pulpwood.2025        -INF            5.6347        10.0000          .          
Abitibi  .Pulpwood.2026        -INF            6.2109        10.0000          .          
Abitibi  .Pulpwood.2027        -INF            6.3384        10.0000          .          
Abitibi  .Pulpwood.2028        -INF            5.4030        10.0000          .          
Abitibi  .Pulpwood.2029        -INF            5.4965        10.0000          .          
Abitibi  .Pulpwood.2030        -INF            5.9052        10.0000          .          
Algoma   .CLT     .2020        -INF            0.1572         1.0000          .          
Algoma   .CLT     .2021        -INF            0.1779         1.0000          .          
Algoma   .CLT     .2022        -INF            0.1807         1.0000          .          
Algoma   .CLT     .2023        -INF            0.1559         1.0000          .          
Algoma   .CLT     .2024        -INF            0.1655         1.0000          .          
Algoma   .CLT     .2025        -INF            0.1780         1.0000          .          
Algoma   .CLT     .2026        -INF            0.1841         1.0000          .          
Algoma   .CLT     .2027        -INF            0.1746         1.0000          .          
Algoma   .CLT     .2028        -INF            0.1894         1.0000          .          
Algoma   .CLT     .2029        -INF            0.1507         1.0000          .          
Algoma   .CLT     .2030        -INF            0.1572         1.0000          .          
Algoma   .Glulam  .2020        -INF            0.1532         1.0000          .          
Algoma   .Glulam  .2021        -INF            0.1716         1.0000          .          
Algoma   .Glulam  .2022        -INF            0.1548         1.0000          .          
Algoma   .Glulam  .2023        -INF            0.1795         1.0000          .          
Algoma   .Glulam  .2024        -INF            0.1542         1.0000          .          
Algoma   .Glulam  .2025        -INF            0.1695         1.0000          .          
Algoma   .Glulam  .2026        -INF            0.1821         1.0000          .          
Algoma   .Glulam  .2027        -INF            0.1697         1.0000          .          
Algoma   .Glulam  .2028        -INF            0.1714         1.0000          .          
Algoma   .Glulam  .2029        -INF            0.1500         1.0000          .          
Algoma   .Glulam  .2030        -INF            0.1718         1.0000          .          
Algoma   .Lumber  .2020        -INF            4.8044        10.0000          .          
Algoma   .Lumber  .2021        -INF            5.4156        10.0000          .          
Algoma   .Lumber  .2022        -INF            4.5457        10.0000          .          
Algoma   .Lumber  .2023        -INF            4.5212        10.0000          .          
Algoma   .Lumber  .2024        -INF            4.3548        10.0000          .          
Algoma   .Lumber  .2025        -INF            4.5521        10.0000          .          
Algoma   .Lumber  .2026        -INF            4.4474        10.0000          .          
Algoma   .Lumber  .2027        -INF            4.3741        10.0000          .          
Algoma   .Lumber  .2028        -INF            5.2783        10.0000          .          
Algoma   .Lumber  .2029        -INF            4.9557        10.0000          .          
Algoma   .Lumber  .2030        -INF            4.3668        10.0000          .          
Algoma   .Pulpwood.2020        -INF            4.6353        10.0000          .          
Algoma   .Pulpwood.2021        -INF            5.5409        10.0000          .          
Algoma   .Pulpwood.2022        -INF            4.8027        10.0000          .          
Algoma   .Pulpwood.2023        -INF            5.1131        10.0000          .          
Algoma   .Pulpwood.2024        -INF            4.7110        10.0000          .          
Algoma   .Pulpwood.2025        -INF            5.1688        10.0000          .          
Algoma   .Pulpwood.2026        -INF            4.5863        10.0000          .          
Algoma   .Pulpwood.2027        -INF            4.9520        10.0000          .          
Algoma   .Pulpwood.2028        -INF            4.8720        10.0000          .          
Algoma   .Pulpwood.2029        -INF            5.3666        10.0000          .          
Algoma   .Pulpwood.2030        -INF            5.0492        10.0000          .          
Kenora   .CLT     .2020        -INF            0.1655         1.0000          .          
Kenora   .CLT     .2021        -INF            0.1724         1.0000          .          
Kenora   .CLT     .2022        -INF            0.1877         1.0000          .          
Kenora   .CLT     .2023        -INF            0.1638         1.0000          .          
Kenora   .CLT     .2024        -INF            0.1499         1.0000          .          
Kenora   .CLT     .2025        -INF            0.1883         1.0000          .          
Kenora   .CLT     .2026        -INF            0.1729         1.0000          .          
Kenora   .CLT     .2027        -INF            0.1632         1.0000          .          
Kenora   .CLT     .2028        -INF            0.1897         1.0000          .          
Kenora   .CLT     .2029        -INF            0.1809         1.0000          .          
Kenora   .CLT     .2030        -INF            0.1541         1.0000          .          
Kenora   .Glulam  .2020        -INF            0.1902         1.0000          .          
Kenora   .Glulam  .2021        -INF            0.1733         1.0000          .          
Kenora   .Glulam  .2022        -INF            0.1564         1.0000          .          
Kenora   .Glulam  .2023        -INF            0.1758         1.0000          .          
Kenora   .Glulam  .2024        -INF            0.1636         1.0000          .          
Kenora   .Glulam  .2025        -INF            0.1868         1.0000          .          
Kenora   .Glulam  .2026        -INF            0.1863         1.0000          .          
Kenora   .Glulam  .2027        -INF            0.1503         1.0000          .          
Kenora   .Glulam  .2028        -INF            0.1646         1.0000          .          
Kenora   .Glulam  .2029        -INF            0.1767         1.0000          .          
Kenora   .Glulam  .2030        -INF            0.1738         1.0000          .          
Kenora   .Lumber  .2020        -INF            2.6286        10.0000          .          
Kenora   .Lumber  .2021        -INF            3.1025        10.0000          .          
Kenora   .Lumber  .2022        -INF            3.1565        10.0000          .          
Kenora   .Lumber  .2023        -INF            2.8948        10.0000          .          
Kenora   .Lumber  .2024        -INF            2.7397        10.0000          .          
Kenora   .Lumber  .2025        -INF            2.9295        10.0000          .          
Kenora   .Lumber  .2026        -INF            2.6394        10.0000          .          
Kenora   .Lumber  .2027        -INF            3.0254        10.0000          .          
Kenora   .Lumber  .2028        -INF            2.9286        10.0000          .          
Kenora   .Lumber  .2029        -INF            3.0595        10.0000          .          
Kenora   .Lumber  .2030        -INF            3.0081        10.0000          .          
Kenora   .Pulpwood.2020        -INF            2.0632        10.0000          .          
Kenora   .Pulpwood.2021        -INF            1.8152        10.0000          .          
Kenora   .Pulpwood.2022        -INF            2.2262        10.0000          .          
Kenora   .Pulpwood.2023        -INF            2.0992        10.0000          .          
Kenora   .Pulpwood.2024        -INF            2.2334        10.0000          .          
Kenora   .Pulpwood.2025        -INF            2.1703        10.0000          .          
Kenora   .Pulpwood.2026        -INF            2.0583        10.0000          .          
Kenora   .Pulpwood.2027        -INF            2.0966        10.0000          .          
Kenora   .Pulpwood.2028        -INF            2.0964        10.0000          .          
Kenora   .Pulpwood.2029        -INF            2.1395        10.0000          .          
Kenora   .Pulpwood.2030        -INF            2.0529        10.0000          .          
Nipissing.CLT     .2020        -INF            0.1518         1.0000          .          
Nipissing.CLT     .2021        -INF            0.1694         1.0000          .          
Nipissing.CLT     .2022        -INF            0.1517         1.0000          .          
Nipissing.CLT     .2023        -INF            0.1781         1.0000          .          
Nipissing.CLT     .2024        -INF            0.1575         1.0000          .          
Nipissing.CLT     .2025        -INF            0.1588         1.0000          .          
Nipissing.CLT     .2026        -INF            0.1828         1.0000          .          
Nipissing.CLT     .2027        -INF            0.1901         1.0000          .          
Nipissing.CLT     .2028        -INF            0.1802         1.0000          .          
Nipissing.CLT     .2029        -INF            0.1789         1.0000          .          
Nipissing.CLT     .2030        -INF            0.1496         1.0000          .          
Nipissing.Glulam  .2020        -INF            0.1604         1.0000          .          
Nipissing.Glulam  .2021        -INF            0.1832         1.0000          .          
Nipissing.Glulam  .2022        -INF            0.1830         1.0000          .          
Nipissing.Glulam  .2023        -INF            0.1847         1.0000          .          
Nipissing.Glulam  .2024        -INF            0.1583         1.0000          .          
Nipissing.Glulam  .2025        -INF            0.1682         1.0000          .          
Nipissing.Glulam  .2026        -INF            0.1512         1.0000          .          
Nipissing.Glulam  .2027        -INF            0.1628         1.0000          .          
Nipissing.Glulam  .2028        -INF            0.1675         1.0000          .          
Nipissing.Glulam  .2029        -INF            0.1625         1.0000          .          
Nipissing.Glulam  .2030        -INF            0.1551         1.0000          .          
Nipissing.Lumber  .2020        -INF            7.3437        10.0000          .          
Nipissing.Lumber  .2021        -INF            6.7750        10.0000          .          
Nipissing.Lumber  .2022        -INF            6.3246        10.0000          .          
Nipissing.Lumber  .2023        -INF            6.8631        10.0000          .          
Nipissing.Lumber  .2024        -INF            6.5246        10.0000          .          
Nipissing.Lumber  .2025        -INF            7.4929        10.0000          .          
Nipissing.Lumber  .2026        -INF            6.2061        10.0000          .          
Nipissing.Lumber  .2027        -INF            6.7739        10.0000          .          
Nipissing.Lumber  .2028        -INF            6.6535        10.0000          .          
Nipissing.Lumber  .2029        -INF            6.8439        10.0000          .          
Nipissing.Lumber  .2030        -INF            7.0727        10.0000          .          
Nipissing.Pulpwood.2020        -INF            7.2412        10.0000          .          
Nipissing.Pulpwood.2021        -INF            6.7272        10.0000          .          
Nipissing.Pulpwood.2022        -INF            6.3294        10.0000          .          
Nipissing.Pulpwood.2023        -INF            7.6818        10.0000          .          
Nipissing.Pulpwood.2024        -INF            6.5251        10.0000          .          
Nipissing.Pulpwood.2025        -INF            7.7037        10.0000          .          
Nipissing.Pulpwood.2026        -INF            6.9189        10.0000          .          
Nipissing.Pulpwood.2027        -INF            6.3111        10.0000          .          
Nipissing.Pulpwood.2028        -INF            6.7887        10.0000          .          
Nipissing.Pulpwood.2029        -INF            6.8572        10.0000          .          
Nipissing.Pulpwood.2030        -INF            6.8390        10.0000          .          
Algonquin.CLT     .2020        -INF            0.1542         1.0000          .          
Algonquin.CLT     .2021        -INF            0.1802         1.0000          .          
Algonquin.CLT     .2022        -INF            0.1824         1.0000          .          
Algonquin.CLT     .2023        -INF            0.1506         1.0000          .          
Algonquin.CLT     .2024        -INF            0.1692         1.0000          .          
Algonquin.CLT     .2025        -INF            0.1610         1.0000          .          
Algonquin.CLT     .2026        -INF            0.1864         1.0000          .          
Algonquin.CLT     .2027        -INF            0.1503         1.0000          .          
Algonquin.CLT     .2028        -INF            0.1774         1.0000          .          
Algonquin.CLT     .2029        -INF            0.1884         1.0000          .          
Algonquin.CLT     .2030        -INF            0.1863         1.0000          .          
Algonquin.Glulam  .2020        -INF            0.1863         1.0000          .          
Algonquin.Glulam  .2021        -INF            0.1853         1.0000          .          
Algonquin.Glulam  .2022        -INF            0.1656         1.0000          .          
Algonquin.Glulam  .2023        -INF            0.1702         1.0000          .          
Algonquin.Glulam  .2024        -INF            0.1835         1.0000          .          
Algonquin.Glulam  .2025        -INF            0.1742         1.0000          .          
Algonquin.Glulam  .2026        -INF            0.1530         1.0000          .          
Algonquin.Glulam  .2027        -INF            0.1732         1.0000          .          
Algonquin.Glulam  .2028        -INF            0.1738         1.0000          .          
Algonquin.Glulam  .2029        -INF            0.1775         1.0000          .          
Algonquin.Glulam  .2030        -INF            0.1561         1.0000          .          
Algonquin.Lumber  .2020        -INF            4.2284        10.0000          .          
Algonquin.Lumber  .2021        -INF            4.2433        10.0000          .          
Algonquin.Lumber  .2022        -INF            4.4201        10.0000          .          
Algonquin.Lumber  .2023        -INF            4.2371        10.0000          .          
Algonquin.Lumber  .2024        -INF            4.0860        10.0000          .          
Algonquin.Lumber  .2025        -INF            4.5605        10.0000          .          
Algonquin.Lumber  .2026        -INF            4.3971        10.0000          .          
Algonquin.Lumber  .2027        -INF            4.4441        10.0000          .          
Algonquin.Lumber  .2028        -INF            4.6151        10.0000          .          
Algonquin.Lumber  .2029        -INF            4.5977        10.0000          .          
Algonquin.Lumber  .2030        -INF            3.9343        10.0000          .          
Algonquin.Pulpwood.2020        -INF            4.3262        10.0000          .          
Algonquin.Pulpwood.2021        -INF            4.2016        10.0000          .          
Algonquin.Pulpwood.2022        -INF            3.6693        10.0000          .          
Algonquin.Pulpwood.2023        -INF            4.1063        10.0000          .          
Algonquin.Pulpwood.2024        -INF            4.1551        10.0000          .          
Algonquin.Pulpwood.2025        -INF            3.7066        10.0000          .          
Algonquin.Pulpwood.2026        -INF            3.8690        10.0000          .          
Algonquin.Pulpwood.2027        -INF            4.1189        10.0000          .          
Algonquin.Pulpwood.2028        -INF            4.2221        10.0000          .          
Algonquin.Pulpwood.2029        -INF            3.9174        10.0000          .          
Algonquin.Pulpwood.2030        -INF            3.6712        10.0000          .          

---- EQU demandCapEq  

                               LOWER          LEVEL          UPPER         MARGINAL

TroutLake.CLT     .2020        -INF            0.1735         0.1735       269.8996      
TroutLake.CLT     .2021        -INF            0.1749         0.1749       290.9749      
TroutLake.CLT     .2022        -INF            0.1655         0.1655       322.3153      
TroutLake.CLT     .2023        -INF            0.1642         0.1642       353.7273      
TroutLake.CLT     .2024        -INF            0.1595         0.1595       383.2404      
TroutLake.CLT     .2025        -INF            0.1597         0.1597       413.9127      
TroutLake.CLT     .2026        -INF            0.1549         0.1549       443.2019      
TroutLake.CLT     .2027        -INF            0.1877         0.1877       469.2396      
TroutLake.CLT     .2028        -INF            0.1651         0.1651       509.0365      
TroutLake.CLT     .2029        -INF            0.1816         0.1816       537.1032      
TroutLake.CLT     .2030        -INF            0.1618         0.1618       565.1942      
TroutLake.Glulam  .2020        -INF            0.1547         0.1547       188.5497      
TroutLake.Glulam  .2021        -INF            0.1802         0.1802       205.6020      
TroutLake.Glulam  .2022        -INF            0.1524         0.1524       232.0093      
TroutLake.Glulam  .2023        -INF            0.1578         0.1578       258.4258      
TroutLake.Glulam  .2024        -INF            0.1498         0.1498       283.0431      
TroutLake.Glulam  .2025        -INF            0.1606         0.1606       308.6623      
TroutLake.Glulam  .2026        -INF            0.1700         0.1700       332.9511      
TroutLake.Glulam  .2027        -INF            0.1558         0.1558       354.1948      
TroutLake.Glulam  .2028        -INF            0.1567         0.1567       387.9840      
TroutLake.Glulam  .2029        -INF            0.1631         0.1631       410.9514      
TroutLake.Glulam  .2030        -INF            0.1625         0.1625       433.8695      
TroutLake.Lumber  .2020        -INF            3.3506         3.3506       204.4997      
TroutLake.Lumber  .2021        -INF            3.8897         3.8897       212.4791      
TroutLake.Lumber  .2022        -INF            3.9146         3.9146       228.8919      
TroutLake.Lumber  .2023        -INF            3.3907         3.3907       245.2366      
TroutLake.Lumber  .2024        -INF            3.3932         3.3932       259.8641      
TroutLake.Lumber  .2025        -INF            3.7285         3.7285       275.3153      
TroutLake.Lumber  .2026        -INF            3.4132         3.4132       289.4644      
TroutLake.Lumber  .2027        -INF            3.8470         3.8470       300.7469      
TroutLake.Lumber  .2028        -INF            3.1804         3.1804       323.3305      
TroutLake.Lumber  .2029        -INF            3.6978         3.6978       335.9662      
TroutLake.Lumber  .2030        -INF            3.1266         3.1266       348.4414      
TroutLake.Pulpwood.2020        -INF            3.0549         3.0549        17.0701      
TroutLake.Pulpwood.2021        -INF            2.6770         2.6770        14.5124      
TroutLake.Pulpwood.2022        -INF            2.6443         2.6443        19.4933      
TroutLake.Pulpwood.2023        -INF            2.9289         2.9289        24.1974      
TroutLake.Pulpwood.2024        -INF            3.0143         3.0143        27.1017      
TroutLake.Pulpwood.2025        -INF            3.0928         3.0928        30.5316      
TroutLake.Pulpwood.2026        -INF            2.8025         2.8025        32.5261      
TroutLake.Pulpwood.2027        -INF            2.9252         2.9252        31.6396      
TroutLake.Pulpwood.2028        -INF            2.8387         2.8387        40.8741      
TroutLake.Pulpwood.2029        -INF            2.7497         2.7497        40.7059      
TroutLake.Pulpwood.2030        -INF            3.3142         3.3142        40.1138      
Abitibi  .CLT     .2020        -INF            0.1668         0.1668       265.7755      
Abitibi  .CLT     .2021        -INF            0.1551         0.1551       289.4765      
Abitibi  .CLT     .2022        -INF            0.1654         0.1654       320.1683      
Abitibi  .CLT     .2023        -INF            0.1649         0.1649       355.4545      
Abitibi  .CLT     .2024        -INF            0.1606         0.1606       379.7190      
Abitibi  .CLT     .2025        -INF            0.1883         0.1883       414.5667      
Abitibi  .CLT     .2026        -INF            0.1573         0.1573       444.2127      
Abitibi  .CLT     .2027        -INF            0.1617         0.1617       471.1380      
Abitibi  .CLT     .2028        -INF            0.1526         0.1526       505.3050      
Abitibi  .CLT     .2029        -INF            0.1660         0.1660       538.5270      
Abitibi  .CLT     .2030        -INF            0.1537         0.1537       571.7471      
Abitibi  .Glulam  .2020        -INF            0.1653         0.1653       184.7692      
Abitibi  .Glulam  .2021        -INF            0.1628         0.1628       204.2285      
Abitibi  .Glulam  .2022        -INF            0.1574         0.1574       230.0412      
Abitibi  .Glulam  .2023        -INF            0.1542         0.1542       260.0091      
Abitibi  .Glulam  .2024        -INF            0.1739         0.1739       279.8151      
Abitibi  .Glulam  .2025        -INF            0.1705         0.1705       309.2618      
Abitibi  .Glulam  .2026        -INF            0.1514         0.1514       333.8777      
Abitibi  .Glulam  .2027        -INF            0.1816         0.1816       355.9350      
Abitibi  .Glulam  .2028        -INF            0.1882         0.1882       384.5634      
Abitibi  .Glulam  .2029        -INF            0.1739         0.1739       412.2565      
Abitibi  .Glulam  .2030        -INF            0.1744         0.1744       439.8764      
Abitibi  .Lumber  .2020        -INF            4.8350         4.8350       201.0629      
Abitibi  .Lumber  .2021        -INF            5.1129         5.1129       211.2304      
Abitibi  .Lumber  .2022        -INF            5.2158         5.2158       227.1027      
Abitibi  .Lumber  .2023        -INF            5.0079         5.0079       246.6760      
Abitibi  .Lumber  .2024        -INF            4.5911         4.5911       256.9296      
Abitibi  .Lumber  .2025        -INF            5.1883         5.1883       275.8602      
Abitibi  .Lumber  .2026        -INF            5.0287         5.0287       290.3067      
Abitibi  .Lumber  .2027        -INF            4.5493         4.5493       302.3289      
Abitibi  .Lumber  .2028        -INF            5.5841         5.5841       320.2209      
Abitibi  .Lumber  .2029        -INF            4.6737         4.6737       337.1527      
Abitibi  .Lumber  .2030        -INF            5.2108         5.2108       353.9022      
Abitibi  .Pulpwood.2020        -INF            6.3986         6.3986        13.9139      
Abitibi  .Pulpwood.2021        -INF            6.6227         6.6227        13.3657      
Abitibi  .Pulpwood.2022        -INF            5.5698         5.5698        17.8502      
Abitibi  .Pulpwood.2023        -INF            5.7079         5.7079        25.5192      
Abitibi  .Pulpwood.2024        -INF            5.5640         5.5640        24.4068      
Abitibi  .Pulpwood.2025        -INF            5.6347         5.6347        31.0321      
Abitibi  .Pulpwood.2026        -INF            6.2109         6.2109        33.2997      
Abitibi  .Pulpwood.2027        -INF            6.3384         6.3384        33.0925      
Abitibi  .Pulpwood.2028        -INF            5.4030         5.4030        38.0183      
Abitibi  .Pulpwood.2029        -INF            5.4965         5.4965        41.7956      
Abitibi  .Pulpwood.2030        -INF            5.9052         5.9052        45.1288      
Algoma   .CLT     .2020        -INF            0.1572         0.1572       270.3076      
Algoma   .CLT     .2021        -INF            0.1779         0.1779       297.9990      
Algoma   .CLT     .2022        -INF            0.1807         0.1807       321.9227      
Algoma   .CLT     .2023        -INF            0.1559         0.1559       348.3591      
Algoma   .CLT     .2024        -INF            0.1655         0.1655       383.8626      
Algoma   .CLT     .2025        -INF            0.1780         0.1780       409.4370      
Algoma   .CLT     .2026        -INF            0.1841         0.1841       438.8848      
Algoma   .CLT     .2027        -INF            0.1746         0.1746       474.8394      
Algoma   .CLT     .2028        -INF            0.1894         0.1894       508.5969      
Algoma   .CLT     .2029        -INF            0.1507         0.1507       537.0812      
Algoma   .CLT     .2030        -INF            0.1572         0.1572       573.6853      
Algoma   .Glulam  .2020        -INF            0.1532         0.1532       188.9236      
Algoma   .Glulam  .2021        -INF            0.1716         0.1716       212.0407      
Algoma   .Glulam  .2022        -INF            0.1548         0.1548       231.6495      
Algoma   .Glulam  .2023        -INF            0.1795         0.1795       253.5050      
Algoma   .Glulam  .2024        -INF            0.1542         0.1542       283.6134      
Algoma   .Glulam  .2025        -INF            0.1695         0.1695       304.5596      
Algoma   .Glulam  .2026        -INF            0.1821         0.1821       328.9938      
Algoma   .Glulam  .2027        -INF            0.1697         0.1697       359.3279      
Algoma   .Glulam  .2028        -INF            0.1714         0.1714       387.5810      
Algoma   .Glulam  .2029        -INF            0.1500         0.1500       410.9312      
Algoma   .Glulam  .2030        -INF            0.1718         0.1718       441.6531      
Algoma   .Lumber  .2020        -INF            4.4472         4.4472       204.8396      
Algoma   .Lumber  .2021        -INF            5.0134         5.0134       218.3325      
Algoma   .Lumber  .2022        -INF            4.1586         4.1586       228.5648      
Algoma   .Lumber  .2023        -INF            4.1366         4.1366       240.7632      
Algoma   .Lumber  .2024        -INF            3.9866         3.9866       260.3825      
Algoma   .Lumber  .2025        -INF            4.1520         4.1520       271.5855      
Algoma   .Lumber  .2026        -INF            4.0262         4.0262       285.8668      
Algoma   .Lumber  .2027        -INF            3.9780         3.9780       305.4134      
Algoma   .Lumber  .2028        -INF            4.8625         4.8625       322.9642      
Algoma   .Lumber  .2029        -INF            4.6098         4.6098       335.9479      
Algoma   .Lumber  .2030        -INF            3.9892         3.9892       355.5173      
Algoma   .Pulpwood.2020        -INF            4.6353         4.6353        17.3823      
Algoma   .Pulpwood.2021        -INF            5.5409         5.5409        19.8880      
Algoma   .Pulpwood.2022        -INF            4.8027         4.8027        19.1929      
Algoma   .Pulpwood.2023        -INF            5.1131         5.1131        20.0891      
Algoma   .Pulpwood.2024        -INF            4.7110         4.7110        27.5778      
Algoma   .Pulpwood.2025        -INF            5.1688         5.1688        27.1063      
Algoma   .Pulpwood.2026        -INF            4.5863         4.5863        29.2223      
Algoma   .Pulpwood.2027        -INF            4.9520         4.9520        35.9252      
Algoma   .Pulpwood.2028        -INF            4.8720         4.8720        40.5377      
Algoma   .Pulpwood.2029        -INF            5.3666         5.3666        40.6890      
Algoma   .Pulpwood.2030        -INF            5.0492         5.0492        46.6122      
Kenora   .CLT     .2020        -INF            0.1655         0.1655       262.7990      
Kenora   .CLT     .2021        -INF            0.1724         0.1724       296.8335      
Kenora   .CLT     .2022        -INF            0.1877         0.1877       324.9961      
Kenora   .CLT     .2023        -INF            0.1638         0.1638       350.7601      
Kenora   .CLT     .2024        -INF            0.1499         0.1499       378.8780      
Kenora   .CLT     .2025        -INF            0.1883         0.1883       409.8168      
Kenora   .CLT     .2026        -INF            0.1729         0.1729       442.0470      
Kenora   .CLT     .2027        -INF            0.1632         0.1632       473.7283      
Kenora   .CLT     .2028        -INF            0.1897         0.1897       508.5239      
Kenora   .CLT     .2029        -INF            0.1809         0.1809       538.9880      
Kenora   .CLT     .2030        -INF            0.1541         0.1541       574.8367      
Kenora   .Glulam  .2020        -INF            0.1902         0.1902       182.0408      
Kenora   .Glulam  .2021        -INF            0.1733         0.1733       210.9724      
Kenora   .Glulam  .2022        -INF            0.1564         0.1564       234.4668      
Kenora   .Glulam  .2023        -INF            0.1758         0.1758       255.7059      
Kenora   .Glulam  .2024        -INF            0.1636         0.1636       279.0441      
Kenora   .Glulam  .2025        -INF            0.1868         0.1868       304.9078      
Kenora   .Glulam  .2026        -INF            0.1863         0.1863       331.8925      
Kenora   .Glulam  .2027        -INF            0.1503         0.1503       358.3094      
Kenora   .Glulam  .2028        -INF            0.1646         0.1646       387.5141      
Kenora   .Glulam  .2029        -INF            0.1767         0.1767       412.6791      
Kenora   .Glulam  .2030        -INF            0.1738         0.1738       442.7085      
Kenora   .Lumber  .2020        -INF            2.2207         2.2207       198.5825      
Kenora   .Lumber  .2021        -INF            2.7051         2.7051       217.3613      
Kenora   .Lumber  .2022        -INF            2.7592         2.7592       231.1260      
Kenora   .Lumber  .2023        -INF            2.5048         2.5048       242.7640      
Kenora   .Lumber  .2024        -INF            2.3798         2.3798       256.2287      
Kenora   .Lumber  .2025        -INF            2.4980         2.4980       271.9021      
Kenora   .Lumber  .2026        -INF            2.2270         2.2270       288.5020      
Kenora   .Lumber  .2027        -INF            2.6642         2.6642       304.4875      
Kenora   .Lumber  .2028        -INF            2.5198         2.5198       322.9033      
Kenora   .Lumber  .2029        -INF            2.6481         2.6481       337.5369      
Kenora   .Lumber  .2030        -INF            2.6320         2.6320       356.4768      
Kenora   .Pulpwood.2020        -INF            2.0632         2.0632        11.6360      
Kenora   .Pulpwood.2021        -INF            1.8152         1.8152        18.9961      
Kenora   .Pulpwood.2022        -INF            2.2262         2.2262        21.5450      
Kenora   .Pulpwood.2023        -INF            2.0992         2.0992        21.9265      
Kenora   .Pulpwood.2024        -INF            2.2334         2.2334        23.7631      
Kenora   .Pulpwood.2025        -INF            2.1703         2.1703        27.3970      
Kenora   .Pulpwood.2026        -INF            2.0583         2.0583        31.6423      
Kenora   .Pulpwood.2027        -INF            2.0966         2.0966        35.0748      
Kenora   .Pulpwood.2028        -INF            2.0964         2.0964        40.4818      
Kenora   .Pulpwood.2029        -INF            2.1395         2.1395        42.1483      
Kenora   .Pulpwood.2030        -INF            2.0529         2.0529        47.4933      
Nipissing.CLT     .2020        -INF            0.1518         0.1518       268.2094      
Nipissing.CLT     .2021        -INF            0.1694         0.1694       297.6747      
Nipissing.CLT     .2022        -INF            0.1517         0.1517       321.3490      
Nipissing.CLT     .2023        -INF            0.1781         0.1781       351.0966      
Nipissing.CLT     .2024        -INF            0.1575         0.1575       378.3992      
Nipissing.CLT     .2025        -INF            0.1588         0.1588       413.1653      
Nipissing.CLT     .2026        -INF            0.1828         0.1828       440.0476      
Nipissing.CLT     .2027        -INF            0.1901         0.1901       470.2575      
Nipissing.CLT     .2028        -INF            0.1802         0.1802       503.3584      
Nipissing.CLT     .2029        -INF            0.1789         0.1789       539.2955      
Nipissing.CLT     .2030        -INF            0.1496         0.1496       574.4327      
Nipissing.Glulam  .2020        -INF            0.1604         0.1604       187.0002      
Nipissing.Glulam  .2021        -INF            0.1832         0.1832       211.7435      
Nipissing.Glulam  .2022        -INF            0.1830         0.1830       231.1236      
Nipissing.Glulam  .2023        -INF            0.1847         0.1847       256.0143      
Nipissing.Glulam  .2024        -INF            0.1583         0.1583       278.6053      
Nipissing.Glulam  .2025        -INF            0.1682         0.1682       307.9772      
Nipissing.Glulam  .2026        -INF            0.1512         0.1512       330.0597      
Nipissing.Glulam  .2027        -INF            0.1628         0.1628       355.1278      
Nipissing.Glulam  .2028        -INF            0.1675         0.1675       382.7791      
Nipissing.Glulam  .2029        -INF            0.1625         0.1625       412.9610      
Nipissing.Glulam  .2030        -INF            0.1551         0.1551       442.3381      
Nipissing.Lumber  .2020        -INF            6.9851         6.9851       203.0911      
Nipissing.Lumber  .2021        -INF            6.3702         6.3702       218.0623      
Nipissing.Lumber  .2022        -INF            5.9412         5.9412       228.0867      
Nipissing.Lumber  .2023        -INF            6.4462         6.4462       243.0444      
Nipissing.Lumber  .2024        -INF            6.1615         6.1615       255.8297      
Nipissing.Lumber  .2025        -INF            7.1173         7.1173       274.6925      
Nipissing.Lumber  .2026        -INF            5.8205         5.8205       286.8359      
Nipissing.Lumber  .2027        -INF            6.3668         6.3668       301.5951      
Nipissing.Lumber  .2028        -INF            6.2529         6.2529       318.5988      
Nipissing.Lumber  .2029        -INF            6.4505         6.4505       337.7931      
Nipissing.Lumber  .2030        -INF            6.7226         6.7226       356.1401      
Nipissing.Pulpwood.2020        -INF            7.2412         7.2412        15.7765      
Nipissing.Pulpwood.2021        -INF            6.7272         6.7272        19.6398      
Nipissing.Pulpwood.2022        -INF            6.3294         6.3294        18.7539      
Nipissing.Pulpwood.2023        -INF            7.6818         7.6818        22.1841      
Nipissing.Pulpwood.2024        -INF            6.5251         6.5251        23.3967      
Nipissing.Pulpwood.2025        -INF            7.7037         7.7037        29.9597      
Nipissing.Pulpwood.2026        -INF            6.9189         6.9189        30.1122      
Nipissing.Pulpwood.2027        -INF            6.3111         6.3111        32.4186      
Nipissing.Pulpwood.2028        -INF            6.7887         6.7887        36.5286      
Nipissing.Pulpwood.2029        -INF            6.8572         6.8572        42.3837      
Nipissing.Pulpwood.2030        -INF            6.8390         6.8390        47.1841      
Algonquin.CLT     .2020        -INF            0.1542         0.1542       270.6012      
Algonquin.CLT     .2021        -INF            0.1802         0.1802       293.0220      
Algonquin.CLT     .2022        -INF            0.1824         0.1824       322.3666      
Algonquin.CLT     .2023        -INF            0.1506         0.1506       356.4594      
Algonquin.CLT     .2024        -INF            0.1692         0.1692       378.1723      
Algonquin.CLT     .2025        -INF            0.1610         0.1610       415.4457      
Algonquin.CLT     .2026        -INF            0.1864         0.1864       444.9668      
Algonquin.CLT     .2027        -INF            0.1503         0.1503       472.5901      
Algonquin.CLT     .2028        -INF            0.1774         0.1774       502.1145      
Algonquin.CLT     .2029        -INF            0.1884         0.1884       540.3670      
Algonquin.CLT     .2030        -INF            0.1863         0.1863       574.9625      
Algonquin.Glulam  .2020        -INF            0.1863         0.1863       189.1928      
Algonquin.Glulam  .2021        -INF            0.1853         0.1853       207.4785      
Algonquin.Glulam  .2022        -INF            0.1656         0.1656       232.0564      
Algonquin.Glulam  .2023        -INF            0.1702         0.1702       260.9302      
Algonquin.Glulam  .2024        -INF            0.1835         0.1835       278.3972      
Algonquin.Glulam  .2025        -INF            0.1742         0.1742       310.0676      
Algonquin.Glulam  .2026        -INF            0.1530         0.1530       334.5690      
Algonquin.Glulam  .2027        -INF            0.1732         0.1732       357.2660      
Algonquin.Glulam  .2028        -INF            0.1738         0.1738       381.6388      
Algonquin.Glulam  .2029        -INF            0.1775         0.1775       413.9432      
Algonquin.Glulam  .2030        -INF            0.1561         0.1561       442.8238      
Algonquin.Lumber  .2020        -INF            3.8385         3.8385       205.0843      
Algonquin.Lumber  .2021        -INF            3.8232         3.8232       214.1850      
Algonquin.Lumber  .2022        -INF            4.0191         4.0191       228.9347      
Algonquin.Lumber  .2023        -INF            3.8692         3.8692       247.5134      
Algonquin.Lumber  .2024        -INF            3.6810         3.6810       255.6406      
Algonquin.Lumber  .2025        -INF            4.1758         4.1758       276.5928      
Algonquin.Lumber  .2026        -INF            4.0052         4.0052       290.9352      
Algonquin.Lumber  .2027        -INF            4.0732         4.0732       303.5390      
Algonquin.Lumber  .2028        -INF            4.2110         4.2110       317.5621      
Algonquin.Lumber  .2029        -INF            4.1764         4.1764       338.6861      
Algonquin.Lumber  .2030        -INF            3.5391         3.5391       356.5816      
Algonquin.Pulpwood.2020        -INF            4.3262         4.3262        17.6070      
Algonquin.Pulpwood.2021        -INF            4.2016         4.2016        16.0791      
Algonquin.Pulpwood.2022        -INF            3.6693         3.6693        19.5326      
Algonquin.Pulpwood.2023        -INF            4.1063         4.1063        26.2882      
Algonquin.Pulpwood.2024        -INF            4.1551         4.1551        23.2230      
Algonquin.Pulpwood.2025        -INF            3.7066         3.7066        31.7049      
Algonquin.Pulpwood.2026        -INF            3.8690         3.8690        33.8768      
Algonquin.Pulpwood.2027        -INF            4.1189         4.1189        34.2037      
Algonquin.Pulpwood.2028        -INF            4.2221         4.2221        35.5766      
Algonquin.Pulpwood.2029        -INF            3.9174         3.9174        43.2037      
Algonquin.Pulpwood.2030        -INF            3.6712         3.6712        47.5895      

---- EQU arcCapEq  

                                         LOWER          LEVEL          UPPER         MARGINAL

TroutLake.Abitibi  .CLT     .2020        -INF             .            20.0000          .          
TroutLake.Abitibi  .CLT     .2021        -INF             .            20.0000          .          
TroutLake.Abitibi  .CLT     .2022        -INF             .            20.0000          .          
TroutLake.Abitibi  .CLT     .2023        -INF             .            20.0000          .          
TroutLake.Abitibi  .CLT     .2024        -INF             .            20.0000          .          
TroutLake.Abitibi  .CLT     .2025        -INF             .            20.0000          .          
TroutLake.Abitibi  .CLT     .2026        -INF             .            20.0000          .          
TroutLake.Abitibi  .CLT     .2027        -INF             .            20.0000          .          
TroutLake.Abitibi  .CLT     .2028        -INF             .            20.0000          .          
TroutLake.Abitibi  .CLT     .2029        -INF             .            20.0000          .          
TroutLake.Abitibi  .CLT     .2030        -INF             .            20.0000          .          
TroutLake.Abitibi  .Glulam  .2020        -INF             .            20.0000          .          
TroutLake.Abitibi  .Glulam  .2021        -INF             .            20.0000          .          
TroutLake.Abitibi  .Glulam  .2022        -INF             .            20.0000          .          
TroutLake.Abitibi  .Glulam  .2023        -INF             .            20.0000          .          
TroutLake.Abitibi  .Glulam  .2024        -INF             .            20.0000          .          
TroutLake.Abitibi  .Glulam  .2025        -INF             .            20.0000          .          
TroutLake.Abitibi  .Glulam  .2026        -INF             .            20.0000          .          
TroutLake.Abitibi  .Glulam  .2027        -INF             .            20.0000          .          
TroutLake.Abitibi  .Glulam  .2028        -INF             .            20.0000          .          
TroutLake.Abitibi  .Glulam  .2029        -INF             .            20.0000          .          
TroutLake.Abitibi  .Glulam  .2030        -INF             .            20.0000          .          
TroutLake.Abitibi  .Lumber  .2020        -INF             .            20.0000          .          
TroutLake.Abitibi  .Lumber  .2021        -INF             .            20.0000          .          
TroutLake.Abitibi  .Lumber  .2022        -INF             .            20.0000          .          
TroutLake.Abitibi  .Lumber  .2023        -INF             .            20.0000          .          
TroutLake.Abitibi  .Lumber  .2024        -INF             .            20.0000          .          
TroutLake.Abitibi  .Lumber  .2025        -INF             .            20.0000          .          
TroutLake.Abitibi  .Lumber  .2026        -INF             .            20.0000          .          
TroutLake.Abitibi  .Lumber  .2027        -INF             .            20.0000          .          
TroutLake.Abitibi  .Lumber  .2028        -INF             .            20.0000          .          
TroutLake.Abitibi  .Lumber  .2029        -INF             .            20.0000          .          
TroutLake.Abitibi  .Lumber  .2030        -INF             .            20.0000          .          
TroutLake.Abitibi  .Pulpwood.2020        -INF             .            20.0000          .          
TroutLake.Abitibi  .Pulpwood.2021        -INF             .            20.0000          .          
TroutLake.Abitibi  .Pulpwood.2022        -INF             .            20.0000          .          
TroutLake.Abitibi  .Pulpwood.2023        -INF             .            20.0000          .          
TroutLake.Abitibi  .Pulpwood.2024        -INF             .            20.0000          .          
TroutLake.Abitibi  .Pulpwood.2025        -INF             .            20.0000          .          
TroutLake.Abitibi  .Pulpwood.2026        -INF             .            20.0000          .          
TroutLake.Abitibi  .Pulpwood.2027        -INF             .            20.0000          .          
TroutLake.Abitibi  .Pulpwood.2028        -INF             .            20.0000          .          
TroutLake.Abitibi  .Pulpwood.2029        -INF             .            20.0000          .          
TroutLake.Abitibi  .Pulpwood.2030        -INF             .            20.0000          .          
TroutLake.Algoma   .CLT     .2020        -INF             .            20.0000          .          
TroutLake.Algoma   .CLT     .2021        -INF             .            20.0000          .          
TroutLake.Algoma   .CLT     .2022        -INF             .            20.0000          .          
TroutLake.Algoma   .CLT     .2023        -INF             .            20.0000          .          
TroutLake.Algoma   .CLT     .2024        -INF             .            20.0000          .          
TroutLake.Algoma   .CLT     .2025        -INF             .            20.0000          .          
TroutLake.Algoma   .CLT     .2026        -INF             .            20.0000          .          
TroutLake.Algoma   .CLT     .2027        -INF             .            20.0000          .          
TroutLake.Algoma   .CLT     .2028        -INF             .            20.0000          .          
TroutLake.Algoma   .CLT     .2029        -INF             .            20.0000          .          
TroutLake.Algoma   .CLT     .2030        -INF             .            20.0000          .          
TroutLake.Algoma   .Glulam  .2020        -INF             .            20.0000          .          
TroutLake.Algoma   .Glulam  .2021        -INF             .            20.0000          .          
TroutLake.Algoma   .Glulam  .2022        -INF             .            20.0000          .          
TroutLake.Algoma   .Glulam  .2023        -INF             .            20.0000          .          
TroutLake.Algoma   .Glulam  .2024        -INF             .            20.0000          .          
TroutLake.Algoma   .Glulam  .2025        -INF             .            20.0000          .          
TroutLake.Algoma   .Glulam  .2026        -INF             .            20.0000          .          
TroutLake.Algoma   .Glulam  .2027        -INF             .            20.0000          .          
TroutLake.Algoma   .Glulam  .2028        -INF             .            20.0000          .          
TroutLake.Algoma   .Glulam  .2029        -INF             .            20.0000          .          
TroutLake.Algoma   .Glulam  .2030        -INF             .            20.0000          .          
TroutLake.Algoma   .Lumber  .2020        -INF             .            20.0000          .          
TroutLake.Algoma   .Lumber  .2021        -INF             .            20.0000          .          
TroutLake.Algoma   .Lumber  .2022        -INF             .            20.0000          .          
TroutLake.Algoma   .Lumber  .2023        -INF             .            20.0000          .          
TroutLake.Algoma   .Lumber  .2024        -INF             .            20.0000          .          
TroutLake.Algoma   .Lumber  .2025        -INF             .            20.0000          .          
TroutLake.Algoma   .Lumber  .2026        -INF             .            20.0000          .          
TroutLake.Algoma   .Lumber  .2027        -INF             .            20.0000          .          
TroutLake.Algoma   .Lumber  .2028        -INF             .            20.0000          .          
TroutLake.Algoma   .Lumber  .2029        -INF             .            20.0000          .          
TroutLake.Algoma   .Lumber  .2030        -INF             .            20.0000          .          
TroutLake.Algoma   .Pulpwood.2020        -INF             .            20.0000          .          
TroutLake.Algoma   .Pulpwood.2021        -INF             .            20.0000          .          
TroutLake.Algoma   .Pulpwood.2022        -INF             .            20.0000          .          
TroutLake.Algoma   .Pulpwood.2023        -INF             .            20.0000          .          
TroutLake.Algoma   .Pulpwood.2024        -INF             .            20.0000          .          
TroutLake.Algoma   .Pulpwood.2025        -INF             .            20.0000          .          
TroutLake.Algoma   .Pulpwood.2026        -INF             .            20.0000          .          
TroutLake.Algoma   .Pulpwood.2027        -INF             .            20.0000          .          
TroutLake.Algoma   .Pulpwood.2028        -INF             .            20.0000          .          
TroutLake.Algoma   .Pulpwood.2029        -INF             .            20.0000          .          
TroutLake.Algoma   .Pulpwood.2030        -INF             .            20.0000          .          
TroutLake.Kenora   .CLT     .2020        -INF             .            20.0000          .          
TroutLake.Kenora   .CLT     .2021        -INF             .            20.0000          .          
TroutLake.Kenora   .CLT     .2022        -INF             .            20.0000          .          
TroutLake.Kenora   .CLT     .2023        -INF             .            20.0000          .          
TroutLake.Kenora   .CLT     .2024        -INF             .            20.0000          .          
TroutLake.Kenora   .CLT     .2025        -INF             .            20.0000          .          
TroutLake.Kenora   .CLT     .2026        -INF             .            20.0000          .          
TroutLake.Kenora   .CLT     .2027        -INF             .            20.0000          .          
TroutLake.Kenora   .CLT     .2028        -INF             .            20.0000          .          
TroutLake.Kenora   .CLT     .2029        -INF             .            20.0000          .          
TroutLake.Kenora   .CLT     .2030        -INF             .            20.0000          .          
TroutLake.Kenora   .Glulam  .2020        -INF             .            20.0000          .          
TroutLake.Kenora   .Glulam  .2021        -INF             .            20.0000          .          
TroutLake.Kenora   .Glulam  .2022        -INF             .            20.0000          .          
TroutLake.Kenora   .Glulam  .2023        -INF             .            20.0000          .          
TroutLake.Kenora   .Glulam  .2024        -INF             .            20.0000          .          
TroutLake.Kenora   .Glulam  .2025        -INF             .            20.0000          .          
TroutLake.Kenora   .Glulam  .2026        -INF             .            20.0000          .          
TroutLake.Kenora   .Glulam  .2027        -INF             .            20.0000          .          
TroutLake.Kenora   .Glulam  .2028        -INF             .            20.0000          .          
TroutLake.Kenora   .Glulam  .2029        -INF             .            20.0000          .          
TroutLake.Kenora   .Glulam  .2030        -INF             .            20.0000          .          
TroutLake.Kenora   .Lumber  .2020        -INF             .            20.0000          .          
TroutLake.Kenora   .Lumber  .2021        -INF             .            20.0000          .          
TroutLake.Kenora   .Lumber  .2022        -INF             .            20.0000          .          
TroutLake.Kenora   .Lumber  .2023        -INF             .            20.0000          .          
TroutLake.Kenora   .Lumber  .2024        -INF             .            20.0000          .          
TroutLake.Kenora   .Lumber  .2025        -INF             .            20.0000          .          
TroutLake.Kenora   .Lumber  .2026        -INF             .            20.0000          .          
TroutLake.Kenora   .Lumber  .2027        -INF             .            20.0000          .          
TroutLake.Kenora   .Lumber  .2028        -INF             .            20.0000          .          
TroutLake.Kenora   .Lumber  .2029        -INF             .            20.0000          .          
TroutLake.Kenora   .Lumber  .2030        -INF             .            20.0000          .          
TroutLake.Kenora   .Pulpwood.2020        -INF             .            20.0000          .          
TroutLake.Kenora   .Pulpwood.2021        -INF             .            20.0000          .          
TroutLake.Kenora   .Pulpwood.2022        -INF             .            20.0000          .          
TroutLake.Kenora   .Pulpwood.2023        -INF             .            20.0000          .          
TroutLake.Kenora   .Pulpwood.2024        -INF             .            20.0000          .          
TroutLake.Kenora   .Pulpwood.2025        -INF             .            20.0000          .          
TroutLake.Kenora   .Pulpwood.2026        -INF             .            20.0000          .          
TroutLake.Kenora   .Pulpwood.2027        -INF             .            20.0000          .          
TroutLake.Kenora   .Pulpwood.2028        -INF             .            20.0000          .          
TroutLake.Kenora   .Pulpwood.2029        -INF             .            20.0000          .          
TroutLake.Kenora   .Pulpwood.2030        -INF             .            20.0000          .          
TroutLake.Nipissing.CLT     .2020        -INF             .            20.0000          .          
TroutLake.Nipissing.CLT     .2021        -INF             .            20.0000          .          
TroutLake.Nipissing.CLT     .2022        -INF             .            20.0000          .          
TroutLake.Nipissing.CLT     .2023        -INF             .            20.0000          .          
TroutLake.Nipissing.CLT     .2024        -INF             .            20.0000          .          
TroutLake.Nipissing.CLT     .2025        -INF             .            20.0000          .          
TroutLake.Nipissing.CLT     .2026        -INF             .            20.0000          .          
TroutLake.Nipissing.CLT     .2027        -INF             .            20.0000          .          
TroutLake.Nipissing.CLT     .2028        -INF             .            20.0000          .          
TroutLake.Nipissing.CLT     .2029        -INF             .            20.0000          .          
TroutLake.Nipissing.CLT     .2030        -INF             .            20.0000          .          
TroutLake.Nipissing.Glulam  .2020        -INF             .            20.0000          .          
TroutLake.Nipissing.Glulam  .2021        -INF             .            20.0000          .          
TroutLake.Nipissing.Glulam  .2022        -INF             .            20.0000          .          
TroutLake.Nipissing.Glulam  .2023        -INF             .            20.0000          .          
TroutLake.Nipissing.Glulam  .2024        -INF             .            20.0000          .          
TroutLake.Nipissing.Glulam  .2025        -INF             .            20.0000          .          
TroutLake.Nipissing.Glulam  .2026        -INF             .            20.0000          .          
TroutLake.Nipissing.Glulam  .2027        -INF             .            20.0000          .          
TroutLake.Nipissing.Glulam  .2028        -INF             .            20.0000          .          
TroutLake.Nipissing.Glulam  .2029        -INF             .            20.0000          .          
TroutLake.Nipissing.Glulam  .2030        -INF             .            20.0000          .          
TroutLake.Nipissing.Lumber  .2020        -INF             .            20.0000          .          
TroutLake.Nipissing.Lumber  .2021        -INF             .            20.0000          .          
TroutLake.Nipissing.Lumber  .2022        -INF             .            20.0000          .          
TroutLake.Nipissing.Lumber  .2023        -INF             .            20.0000          .          
TroutLake.Nipissing.Lumber  .2024        -INF             .            20.0000          .          
TroutLake.Nipissing.Lumber  .2025        -INF             .            20.0000          .          
TroutLake.Nipissing.Lumber  .2026        -INF             .            20.0000          .          
TroutLake.Nipissing.Lumber  .2027        -INF             .            20.0000          .          
TroutLake.Nipissing.Lumber  .2028        -INF             .            20.0000          .          
TroutLake.Nipissing.Lumber  .2029        -INF             .            20.0000          .          
TroutLake.Nipissing.Lumber  .2030        -INF             .            20.0000          .          
TroutLake.Nipissing.Pulpwood.2020        -INF             .            20.0000          .          
TroutLake.Nipissing.Pulpwood.2021        -INF             .            20.0000          .          
TroutLake.Nipissing.Pulpwood.2022        -INF             .            20.0000          .          
TroutLake.Nipissing.Pulpwood.2023        -INF             .            20.0000          .          
TroutLake.Nipissing.Pulpwood.2024        -INF             .            20.0000          .          
TroutLake.Nipissing.Pulpwood.2025        -INF             .            20.0000          .          
TroutLake.Nipissing.Pulpwood.2026        -INF             .            20.0000          .          
TroutLake.Nipissing.Pulpwood.2027        -INF             .            20.0000          .          
TroutLake.Nipissing.Pulpwood.2028        -INF             .            20.0000          .          
TroutLake.Nipissing.Pulpwood.2029        -INF             .            20.0000          .          
TroutLake.Nipissing.Pulpwood.2030        -INF             .            20.0000          .          
TroutLake.Algonquin.CLT     .2020        -INF             .            20.0000          .          
TroutLake.Algonquin.CLT     .2021        -INF             .            20.0000          .          
TroutLake.Algonquin.CLT     .2022        -INF             .            20.0000          .          
TroutLake.Algonquin.CLT     .2023        -INF             .            20.0000          .          
TroutLake.Algonquin.CLT     .2024        -INF             .            20.0000          .          
TroutLake.Algonquin.CLT     .2025        -INF             .            20.0000          .          
TroutLake.Algonquin.CLT     .2026        -INF             .            20.0000          .          
TroutLake.Algonquin.CLT     .2027        -INF             .            20.0000          .          
TroutLake.Algonquin.CLT     .2028        -INF             .            20.0000          .          
TroutLake.Algonquin.CLT     .2029        -INF             .            20.0000          .          
TroutLake.Algonquin.CLT     .2030        -INF             .            20.0000          .          
TroutLake.Algonquin.Glulam  .2020        -INF             .            20.0000          .          
TroutLake.Algonquin.Glulam  .2021        -INF             .            20.0000          .          
TroutLake.Algonquin.Glulam  .2022        -INF             .            20.0000          .          
TroutLake.Algonquin.Glulam  .2023        -INF             .            20.0000          .          
TroutLake.Algonquin.Glulam  .2024        -INF             .            20.0000          .          
TroutLake.Algonquin.Glulam  .2025        -INF             .            20.0000          .          
TroutLake.Algonquin.Glulam  .2026        -INF             .            20.0000          .          
TroutLake.Algonquin.Glulam  .2027        -INF             .            20.0000          .          
TroutLake.Algonquin.Glulam  .2028        -INF             .            20.0000          .          
TroutLake.Algonquin.Glulam  .2029        -INF             .            20.0000          .          
TroutLake.Algonquin.Glulam  .2030        -INF             .            20.0000          .          
TroutLake.Algonquin.Lumber  .2020        -INF             .            20.0000          .          
TroutLake.Algonquin.Lumber  .2021        -INF             .            20.0000          .          
TroutLake.Algonquin.Lumber  .2022        -INF             .            20.0000          .          
TroutLake.Algonquin.Lumber  .2023        -INF             .            20.0000          .          
TroutLake.Algonquin.Lumber  .2024        -INF             .            20.0000          .          
TroutLake.Algonquin.Lumber  .2025        -INF             .            20.0000          .          
TroutLake.Algonquin.Lumber  .2026        -INF             .            20.0000          .          
TroutLake.Algonquin.Lumber  .2027        -INF             .            20.0000          .          
TroutLake.Algonquin.Lumber  .2028        -INF             .            20.0000          .          
TroutLake.Algonquin.Lumber  .2029        -INF             .            20.0000          .          
TroutLake.Algonquin.Lumber  .2030        -INF             .            20.0000          .          
TroutLake.Algonquin.Pulpwood.2020        -INF             .            20.0000          .          
TroutLake.Algonquin.Pulpwood.2021        -INF             .            20.0000          .          
TroutLake.Algonquin.Pulpwood.2022        -INF             .            20.0000          .          
TroutLake.Algonquin.Pulpwood.2023        -INF             .            20.0000          .          
TroutLake.Algonquin.Pulpwood.2024        -INF             .            20.0000          .          
TroutLake.Algonquin.Pulpwood.2025        -INF             .            20.0000          .          
TroutLake.Algonquin.Pulpwood.2026        -INF             .            20.0000          .          
TroutLake.Algonquin.Pulpwood.2027        -INF             .            20.0000          .          
TroutLake.Algonquin.Pulpwood.2028        -INF             .            20.0000          .          
TroutLake.Algonquin.Pulpwood.2029        -INF             .            20.0000          .          
TroutLake.Algonquin.Pulpwood.2030        -INF             .            20.0000          .          
Abitibi  .TroutLake.CLT     .2020        -INF             .            20.0000          .          
Abitibi  .TroutLake.CLT     .2021        -INF             .            20.0000          .          
Abitibi  .TroutLake.CLT     .2022        -INF             .            20.0000          .          
Abitibi  .TroutLake.CLT     .2023        -INF             .            20.0000          .          
Abitibi  .TroutLake.CLT     .2024        -INF             .            20.0000          .          
Abitibi  .TroutLake.CLT     .2025        -INF             .            20.0000          .          
Abitibi  .TroutLake.CLT     .2026        -INF             .            20.0000          .          
Abitibi  .TroutLake.CLT     .2027        -INF             .            20.0000          .          
Abitibi  .TroutLake.CLT     .2028        -INF             .            20.0000          .          
Abitibi  .TroutLake.CLT     .2029        -INF             .            20.0000          .          
Abitibi  .TroutLake.CLT     .2030        -INF             .            20.0000          .          
Abitibi  .TroutLake.Glulam  .2020        -INF             .            20.0000          .          
Abitibi  .TroutLake.Glulam  .2021        -INF             .            20.0000          .          
Abitibi  .TroutLake.Glulam  .2022        -INF             .            20.0000          .          
Abitibi  .TroutLake.Glulam  .2023        -INF             .            20.0000          .          
Abitibi  .TroutLake.Glulam  .2024        -INF             .            20.0000          .          
Abitibi  .TroutLake.Glulam  .2025        -INF             .            20.0000          .          
Abitibi  .TroutLake.Glulam  .2026        -INF             .            20.0000          .          
Abitibi  .TroutLake.Glulam  .2027        -INF             .            20.0000          .          
Abitibi  .TroutLake.Glulam  .2028        -INF             .            20.0000          .          
Abitibi  .TroutLake.Glulam  .2029        -INF             .            20.0000          .          
Abitibi  .TroutLake.Glulam  .2030        -INF             .            20.0000          .          
Abitibi  .TroutLake.Lumber  .2020        -INF             .            20.0000          .          
Abitibi  .TroutLake.Lumber  .2021        -INF             .            20.0000          .          
Abitibi  .TroutLake.Lumber  .2022        -INF             .            20.0000          .          
Abitibi  .TroutLake.Lumber  .2023        -INF             .            20.0000          .          
Abitibi  .TroutLake.Lumber  .2024        -INF             .            20.0000          .          
Abitibi  .TroutLake.Lumber  .2025        -INF             .            20.0000          .          
Abitibi  .TroutLake.Lumber  .2026        -INF             .            20.0000          .          
Abitibi  .TroutLake.Lumber  .2027        -INF             .            20.0000          .          
Abitibi  .TroutLake.Lumber  .2028        -INF             .            20.0000          .          
Abitibi  .TroutLake.Lumber  .2029        -INF             .            20.0000          .          
Abitibi  .TroutLake.Lumber  .2030        -INF             .            20.0000          .          
Abitibi  .TroutLake.Pulpwood.2020        -INF             .            20.0000          .          
Abitibi  .TroutLake.Pulpwood.2021        -INF             .            20.0000          .          
Abitibi  .TroutLake.Pulpwood.2022        -INF             .            20.0000          .          
Abitibi  .TroutLake.Pulpwood.2023        -INF             .            20.0000          .          
Abitibi  .TroutLake.Pulpwood.2024        -INF             .            20.0000          .          
Abitibi  .TroutLake.Pulpwood.2025        -INF             .            20.0000          .          
Abitibi  .TroutLake.Pulpwood.2026        -INF             .            20.0000          .          
Abitibi  .TroutLake.Pulpwood.2027        -INF             .            20.0000          .          
Abitibi  .TroutLake.Pulpwood.2028        -INF             .            20.0000          .          
Abitibi  .TroutLake.Pulpwood.2029        -INF             .            20.0000          .          
Abitibi  .TroutLake.Pulpwood.2030        -INF             .            20.0000          .          
Abitibi  .Algoma   .CLT     .2020        -INF             .            20.0000          .          
Abitibi  .Algoma   .CLT     .2021        -INF             .            20.0000          .          
Abitibi  .Algoma   .CLT     .2022        -INF             .            20.0000          .          
Abitibi  .Algoma   .CLT     .2023        -INF             .            20.0000          .          
Abitibi  .Algoma   .CLT     .2024        -INF             .            20.0000          .          
Abitibi  .Algoma   .CLT     .2025        -INF             .            20.0000          .          
Abitibi  .Algoma   .CLT     .2026        -INF             .            20.0000          .          
Abitibi  .Algoma   .CLT     .2027        -INF             .            20.0000          .          
Abitibi  .Algoma   .CLT     .2028        -INF             .            20.0000          .          
Abitibi  .Algoma   .CLT     .2029        -INF             .            20.0000          .          
Abitibi  .Algoma   .CLT     .2030        -INF             .            20.0000          .          
Abitibi  .Algoma   .Glulam  .2020        -INF             .            20.0000          .          
Abitibi  .Algoma   .Glulam  .2021        -INF             .            20.0000          .          
Abitibi  .Algoma   .Glulam  .2022        -INF             .            20.0000          .          
Abitibi  .Algoma   .Glulam  .2023        -INF             .            20.0000          .          
Abitibi  .Algoma   .Glulam  .2024        -INF             .            20.0000          .          
Abitibi  .Algoma   .Glulam  .2025        -INF             .            20.0000          .          
Abitibi  .Algoma   .Glulam  .2026        -INF             .            20.0000          .          
Abitibi  .Algoma   .Glulam  .2027        -INF             .            20.0000          .          
Abitibi  .Algoma   .Glulam  .2028        -INF             .            20.0000          .          
Abitibi  .Algoma   .Glulam  .2029        -INF             .            20.0000          .          
Abitibi  .Algoma   .Glulam  .2030        -INF             .            20.0000          .          
Abitibi  .Algoma   .Lumber  .2020        -INF             .            20.0000          .          
Abitibi  .Algoma   .Lumber  .2021        -INF             .            20.0000          .          
Abitibi  .Algoma   .Lumber  .2022        -INF             .            20.0000          .          
Abitibi  .Algoma   .Lumber  .2023        -INF             .            20.0000          .          
Abitibi  .Algoma   .Lumber  .2024        -INF             .            20.0000          .          
Abitibi  .Algoma   .Lumber  .2025        -INF             .            20.0000          .          
Abitibi  .Algoma   .Lumber  .2026        -INF             .            20.0000          .          
Abitibi  .Algoma   .Lumber  .2027        -INF             .            20.0000          .          
Abitibi  .Algoma   .Lumber  .2028        -INF             .            20.0000          .          
Abitibi  .Algoma   .Lumber  .2029        -INF             .            20.0000          .          
Abitibi  .Algoma   .Lumber  .2030        -INF             .            20.0000          .          
Abitibi  .Algoma   .Pulpwood.2020        -INF             .            20.0000          .          
Abitibi  .Algoma   .Pulpwood.2021        -INF             .            20.0000          .          
Abitibi  .Algoma   .Pulpwood.2022        -INF             .            20.0000          .          
Abitibi  .Algoma   .Pulpwood.2023        -INF             .            20.0000          .          
Abitibi  .Algoma   .Pulpwood.2024        -INF             .            20.0000          .          
Abitibi  .Algoma   .Pulpwood.2025        -INF             .            20.0000          .          
Abitibi  .Algoma   .Pulpwood.2026        -INF             .            20.0000          .          
Abitibi  .Algoma   .Pulpwood.2027        -INF             .            20.0000          .          
Abitibi  .Algoma   .Pulpwood.2028        -INF             .            20.0000          .          
Abitibi  .Algoma   .Pulpwood.2029        -INF             .            20.0000          .          
Abitibi  .Algoma   .Pulpwood.2030        -INF             .            20.0000          .          
Abitibi  .Kenora   .CLT     .2020        -INF             .            20.0000          .          
Abitibi  .Kenora   .CLT     .2021        -INF             .            20.0000          .          
Abitibi  .Kenora   .CLT     .2022        -INF             .            20.0000          .          
Abitibi  .Kenora   .CLT     .2023        -INF             .            20.0000          .          
Abitibi  .Kenora   .CLT     .2024        -INF             .            20.0000          .          
Abitibi  .Kenora   .CLT     .2025        -INF             .            20.0000          .          
Abitibi  .Kenora   .CLT     .2026        -INF             .            20.0000          .          
Abitibi  .Kenora   .CLT     .2027        -INF             .            20.0000          .          
Abitibi  .Kenora   .CLT     .2028        -INF             .            20.0000          .          
Abitibi  .Kenora   .CLT     .2029        -INF             .            20.0000          .          
Abitibi  .Kenora   .CLT     .2030        -INF             .            20.0000          .          
Abitibi  .Kenora   .Glulam  .2020        -INF             .            20.0000          .          
Abitibi  .Kenora   .Glulam  .2021        -INF             .            20.0000          .          
Abitibi  .Kenora   .Glulam  .2022        -INF             .            20.0000          .          
Abitibi  .Kenora   .Glulam  .2023        -INF             .            20.0000          .          
Abitibi  .Kenora   .Glulam  .2024        -INF             .            20.0000          .          
Abitibi  .Kenora   .Glulam  .2025        -INF             .            20.0000          .          
Abitibi  .Kenora   .Glulam  .2026        -INF             .            20.0000          .          
Abitibi  .Kenora   .Glulam  .2027        -INF             .            20.0000          .          
Abitibi  .Kenora   .Glulam  .2028        -INF             .            20.0000          .          
Abitibi  .Kenora   .Glulam  .2029        -INF             .            20.0000          .          
Abitibi  .Kenora   .Glulam  .2030        -INF             .            20.0000          .          
Abitibi  .Kenora   .Lumber  .2020        -INF             .            20.0000          .          
Abitibi  .Kenora   .Lumber  .2021        -INF             .            20.0000          .          
Abitibi  .Kenora   .Lumber  .2022        -INF             .            20.0000          .          
Abitibi  .Kenora   .Lumber  .2023        -INF             .            20.0000          .          
Abitibi  .Kenora   .Lumber  .2024        -INF             .            20.0000          .          
Abitibi  .Kenora   .Lumber  .2025        -INF             .            20.0000          .          
Abitibi  .Kenora   .Lumber  .2026        -INF             .            20.0000          .          
Abitibi  .Kenora   .Lumber  .2027        -INF             .            20.0000          .          
Abitibi  .Kenora   .Lumber  .2028        -INF             .            20.0000          .          
Abitibi  .Kenora   .Lumber  .2029        -INF             .            20.0000          .          
Abitibi  .Kenora   .Lumber  .2030        -INF             .            20.0000          .          
Abitibi  .Kenora   .Pulpwood.2020        -INF             .            20.0000          .          
Abitibi  .Kenora   .Pulpwood.2021        -INF             .            20.0000          .          
Abitibi  .Kenora   .Pulpwood.2022        -INF             .            20.0000          .          
Abitibi  .Kenora   .Pulpwood.2023        -INF             .            20.0000          .          
Abitibi  .Kenora   .Pulpwood.2024        -INF             .            20.0000          .          
Abitibi  .Kenora   .Pulpwood.2025        -INF             .            20.0000          .          
Abitibi  .Kenora   .Pulpwood.2026        -INF             .            20.0000          .          
Abitibi  .Kenora   .Pulpwood.2027        -INF             .            20.0000          .          
Abitibi  .Kenora   .Pulpwood.2028        -INF             .            20.0000          .          
Abitibi  .Kenora   .Pulpwood.2029        -INF             .            20.0000          .          
Abitibi  .Kenora   .Pulpwood.2030        -INF             .            20.0000          .          
Abitibi  .Nipissing.CLT     .2020        -INF             .            20.0000          .          
Abitibi  .Nipissing.CLT     .2021        -INF             .            20.0000          .          
Abitibi  .Nipissing.CLT     .2022        -INF             .            20.0000          .          
Abitibi  .Nipissing.CLT     .2023        -INF             .            20.0000          .          
Abitibi  .Nipissing.CLT     .2024        -INF             .            20.0000          .          
Abitibi  .Nipissing.CLT     .2025        -INF             .            20.0000          .          
Abitibi  .Nipissing.CLT     .2026        -INF             .            20.0000          .          
Abitibi  .Nipissing.CLT     .2027        -INF             .            20.0000          .          
Abitibi  .Nipissing.CLT     .2028        -INF             .            20.0000          .          
Abitibi  .Nipissing.CLT     .2029        -INF             .            20.0000          .          
Abitibi  .Nipissing.CLT     .2030        -INF             .            20.0000          .          
Abitibi  .Nipissing.Glulam  .2020        -INF             .            20.0000          .          
Abitibi  .Nipissing.Glulam  .2021        -INF             .            20.0000          .          
Abitibi  .Nipissing.Glulam  .2022        -INF             .            20.0000          .          
Abitibi  .Nipissing.Glulam  .2023        -INF             .            20.0000          .          
Abitibi  .Nipissing.Glulam  .2024        -INF             .            20.0000          .          
Abitibi  .Nipissing.Glulam  .2025        -INF             .            20.0000          .          
Abitibi  .Nipissing.Glulam  .2026        -INF             .            20.0000          .          
Abitibi  .Nipissing.Glulam  .2027        -INF             .            20.0000          .          
Abitibi  .Nipissing.Glulam  .2028        -INF             .            20.0000          .          
Abitibi  .Nipissing.Glulam  .2029        -INF             .            20.0000          .          
Abitibi  .Nipissing.Glulam  .2030        -INF             .            20.0000          .          
Abitibi  .Nipissing.Lumber  .2020        -INF             .            20.0000          .          
Abitibi  .Nipissing.Lumber  .2021        -INF             .            20.0000          .          
Abitibi  .Nipissing.Lumber  .2022        -INF             .            20.0000          .          
Abitibi  .Nipissing.Lumber  .2023        -INF             .            20.0000          .          
Abitibi  .Nipissing.Lumber  .2024        -INF             .            20.0000          .          
Abitibi  .Nipissing.Lumber  .2025        -INF             .            20.0000          .          
Abitibi  .Nipissing.Lumber  .2026        -INF             .            20.0000          .          
Abitibi  .Nipissing.Lumber  .2027        -INF             .            20.0000          .          
Abitibi  .Nipissing.Lumber  .2028        -INF             .            20.0000          .          
Abitibi  .Nipissing.Lumber  .2029        -INF             .            20.0000          .          
Abitibi  .Nipissing.Lumber  .2030        -INF             .            20.0000          .          
Abitibi  .Nipissing.Pulpwood.2020        -INF             .            20.0000          .          
Abitibi  .Nipissing.Pulpwood.2021        -INF             .            20.0000          .          
Abitibi  .Nipissing.Pulpwood.2022        -INF             .            20.0000          .          
Abitibi  .Nipissing.Pulpwood.2023        -INF             .            20.0000          .          
Abitibi  .Nipissing.Pulpwood.2024        -INF             .            20.0000          .          
Abitibi  .Nipissing.Pulpwood.2025        -INF             .            20.0000          .          
Abitibi  .Nipissing.Pulpwood.2026        -INF             .            20.0000          .          
Abitibi  .Nipissing.Pulpwood.2027        -INF             .            20.0000          .          
Abitibi  .Nipissing.Pulpwood.2028        -INF             .            20.0000          .          
Abitibi  .Nipissing.Pulpwood.2029        -INF             .            20.0000          .          
Abitibi  .Nipissing.Pulpwood.2030        -INF             .            20.0000          .          
Abitibi  .Algonquin.CLT     .2020        -INF             .            20.0000          .          
Abitibi  .Algonquin.CLT     .2021        -INF             .            20.0000          .          
Abitibi  .Algonquin.CLT     .2022        -INF             .            20.0000          .          
Abitibi  .Algonquin.CLT     .2023        -INF             .            20.0000          .          
Abitibi  .Algonquin.CLT     .2024        -INF             .            20.0000          .          
Abitibi  .Algonquin.CLT     .2025        -INF             .            20.0000          .          
Abitibi  .Algonquin.CLT     .2026        -INF             .            20.0000          .          
Abitibi  .Algonquin.CLT     .2027        -INF             .            20.0000          .          
Abitibi  .Algonquin.CLT     .2028        -INF             .            20.0000          .          
Abitibi  .Algonquin.CLT     .2029        -INF             .            20.0000          .          
Abitibi  .Algonquin.CLT     .2030        -INF             .            20.0000          .          
Abitibi  .Algonquin.Glulam  .2020        -INF             .            20.0000          .          
Abitibi  .Algonquin.Glulam  .2021        -INF             .            20.0000          .          
Abitibi  .Algonquin.Glulam  .2022        -INF             .            20.0000          .          
Abitibi  .Algonquin.Glulam  .2023        -INF             .            20.0000          .          
Abitibi  .Algonquin.Glulam  .2024        -INF             .            20.0000          .          
Abitibi  .Algonquin.Glulam  .2025        -INF             .            20.0000          .          
Abitibi  .Algonquin.Glulam  .2026        -INF             .            20.0000          .          
Abitibi  .Algonquin.Glulam  .2027        -INF             .            20.0000          .          
Abitibi  .Algonquin.Glulam  .2028        -INF             .            20.0000          .          
Abitibi  .Algonquin.Glulam  .2029        -INF             .            20.0000          .          
Abitibi  .Algonquin.Glulam  .2030        -INF             .            20.0000          .          
Abitibi  .Algonquin.Lumber  .2020        -INF             .            20.0000          .          
Abitibi  .Algonquin.Lumber  .2021        -INF             .            20.0000          .          
Abitibi  .Algonquin.Lumber  .2022        -INF             .            20.0000          .          
Abitibi  .Algonquin.Lumber  .2023        -INF             .            20.0000          .          
Abitibi  .Algonquin.Lumber  .2024        -INF             .            20.0000          .          
Abitibi  .Algonquin.Lumber  .2025        -INF             .            20.0000          .          
Abitibi  .Algonquin.Lumber  .2026        -INF             .            20.0000          .          
Abitibi  .Algonquin.Lumber  .2027        -INF             .            20.0000          .          
Abitibi  .Algonquin.Lumber  .2028        -INF             .            20.0000          .          
Abitibi  .Algonquin.Lumber  .2029        -INF             .            20.0000          .          
Abitibi  .Algonquin.Lumber  .2030        -INF             .            20.0000          .          
Abitibi  .Algonquin.Pulpwood.2020        -INF             .            20.0000          .          
Abitibi  .Algonquin.Pulpwood.2021        -INF             .            20.0000          .          
Abitibi  .Algonquin.Pulpwood.2022        -INF             .            20.0000          .          
Abitibi  .Algonquin.Pulpwood.2023        -INF             .            20.0000          .          
Abitibi  .Algonquin.Pulpwood.2024        -INF             .            20.0000          .          
Abitibi  .Algonquin.Pulpwood.2025        -INF             .            20.0000          .          
Abitibi  .Algonquin.Pulpwood.2026        -INF             .            20.0000          .          
Abitibi  .Algonquin.Pulpwood.2027        -INF             .            20.0000          .          
Abitibi  .Algonquin.Pulpwood.2028        -INF             .            20.0000          .          
Abitibi  .Algonquin.Pulpwood.2029        -INF             .            20.0000          .          
Abitibi  .Algonquin.Pulpwood.2030        -INF             .            20.0000          .          
Algoma   .TroutLake.CLT     .2020        -INF             .            20.0000          .          
Algoma   .TroutLake.CLT     .2021        -INF             .            20.0000          .          
Algoma   .TroutLake.CLT     .2022        -INF             .            20.0000          .          
Algoma   .TroutLake.CLT     .2023        -INF             .            20.0000          .          
Algoma   .TroutLake.CLT     .2024        -INF             .            20.0000          .          
Algoma   .TroutLake.CLT     .2025        -INF             .            20.0000          .          
Algoma   .TroutLake.CLT     .2026        -INF             .            20.0000          .          
Algoma   .TroutLake.CLT     .2027        -INF             .            20.0000          .          
Algoma   .TroutLake.CLT     .2028        -INF             .            20.0000          .          
Algoma   .TroutLake.CLT     .2029        -INF             .            20.0000          .          
Algoma   .TroutLake.CLT     .2030        -INF             .            20.0000          .          
Algoma   .TroutLake.Glulam  .2020        -INF             .            20.0000          .          
Algoma   .TroutLake.Glulam  .2021        -INF             .            20.0000          .          
Algoma   .TroutLake.Glulam  .2022        -INF             .            20.0000          .          
Algoma   .TroutLake.Glulam  .2023        -INF             .            20.0000          .          
Algoma   .TroutLake.Glulam  .2024        -INF             .            20.0000          .          
Algoma   .TroutLake.Glulam  .2025        -INF             .            20.0000          .          
Algoma   .TroutLake.Glulam  .2026        -INF             .            20.0000          .          
Algoma   .TroutLake.Glulam  .2027        -INF             .            20.0000          .          
Algoma   .TroutLake.Glulam  .2028        -INF             .            20.0000          .          
Algoma   .TroutLake.Glulam  .2029        -INF             .            20.0000          .          
Algoma   .TroutLake.Glulam  .2030        -INF             .            20.0000          .          
Algoma   .TroutLake.Lumber  .2020        -INF             .            20.0000          .          
Algoma   .TroutLake.Lumber  .2021        -INF             .            20.0000          .          
Algoma   .TroutLake.Lumber  .2022        -INF             .            20.0000          .          
Algoma   .TroutLake.Lumber  .2023        -INF             .            20.0000          .          
Algoma   .TroutLake.Lumber  .2024        -INF             .            20.0000          .          
Algoma   .TroutLake.Lumber  .2025        -INF             .            20.0000          .          
Algoma   .TroutLake.Lumber  .2026        -INF             .            20.0000          .          
Algoma   .TroutLake.Lumber  .2027        -INF             .            20.0000          .          
Algoma   .TroutLake.Lumber  .2028        -INF             .            20.0000          .          
Algoma   .TroutLake.Lumber  .2029        -INF             .            20.0000          .          
Algoma   .TroutLake.Lumber  .2030        -INF             .            20.0000          .          
Algoma   .TroutLake.Pulpwood.2020        -INF             .            20.0000          .          
Algoma   .TroutLake.Pulpwood.2021        -INF             .            20.0000          .          
Algoma   .TroutLake.Pulpwood.2022        -INF             .            20.0000          .          
Algoma   .TroutLake.Pulpwood.2023        -INF             .            20.0000          .          
Algoma   .TroutLake.Pulpwood.2024        -INF             .            20.0000          .          
Algoma   .TroutLake.Pulpwood.2025        -INF             .            20.0000          .          
Algoma   .TroutLake.Pulpwood.2026        -INF             .            20.0000          .          
Algoma   .TroutLake.Pulpwood.2027        -INF             .            20.0000          .          
Algoma   .TroutLake.Pulpwood.2028        -INF             .            20.0000          .          
Algoma   .TroutLake.Pulpwood.2029        -INF             .            20.0000          .          
Algoma   .TroutLake.Pulpwood.2030        -INF             .            20.0000          .          
Algoma   .Abitibi  .CLT     .2020        -INF             .            20.0000          .          
Algoma   .Abitibi  .CLT     .2021        -INF             .            20.0000          .          
Algoma   .Abitibi  .CLT     .2022        -INF             .            20.0000          .          
Algoma   .Abitibi  .CLT     .2023        -INF             .            20.0000          .          
Algoma   .Abitibi  .CLT     .2024        -INF             .            20.0000          .          
Algoma   .Abitibi  .CLT     .2025        -INF             .            20.0000          .          
Algoma   .Abitibi  .CLT     .2026        -INF             .            20.0000          .          
Algoma   .Abitibi  .CLT     .2027        -INF             .            20.0000          .          
Algoma   .Abitibi  .CLT     .2028        -INF             .            20.0000          .          
Algoma   .Abitibi  .CLT     .2029        -INF             .            20.0000          .          
Algoma   .Abitibi  .CLT     .2030        -INF             .            20.0000          .          
Algoma   .Abitibi  .Glulam  .2020        -INF             .            20.0000          .          
Algoma   .Abitibi  .Glulam  .2021        -INF             .            20.0000          .          
Algoma   .Abitibi  .Glulam  .2022        -INF             .            20.0000          .          
Algoma   .Abitibi  .Glulam  .2023        -INF             .            20.0000          .          
Algoma   .Abitibi  .Glulam  .2024        -INF             .            20.0000          .          
Algoma   .Abitibi  .Glulam  .2025        -INF             .            20.0000          .          
Algoma   .Abitibi  .Glulam  .2026        -INF             .            20.0000          .          
Algoma   .Abitibi  .Glulam  .2027        -INF             .            20.0000          .          
Algoma   .Abitibi  .Glulam  .2028        -INF             .            20.0000          .          
Algoma   .Abitibi  .Glulam  .2029        -INF             .            20.0000          .          
Algoma   .Abitibi  .Glulam  .2030        -INF             .            20.0000          .          
Algoma   .Abitibi  .Lumber  .2020        -INF             .            20.0000          .          
Algoma   .Abitibi  .Lumber  .2021        -INF             .            20.0000          .          
Algoma   .Abitibi  .Lumber  .2022        -INF             .            20.0000          .          
Algoma   .Abitibi  .Lumber  .2023        -INF             .            20.0000          .          
Algoma   .Abitibi  .Lumber  .2024        -INF             .            20.0000          .          
Algoma   .Abitibi  .Lumber  .2025        -INF             .            20.0000          .          
Algoma   .Abitibi  .Lumber  .2026        -INF             .            20.0000          .          
Algoma   .Abitibi  .Lumber  .2027        -INF             .            20.0000          .          
Algoma   .Abitibi  .Lumber  .2028        -INF             .            20.0000          .          
Algoma   .Abitibi  .Lumber  .2029        -INF             .            20.0000          .          
Algoma   .Abitibi  .Lumber  .2030        -INF             .            20.0000          .          
Algoma   .Abitibi  .Pulpwood.2020        -INF             .            20.0000          .          
Algoma   .Abitibi  .Pulpwood.2021        -INF             .            20.0000          .          
Algoma   .Abitibi  .Pulpwood.2022        -INF             .            20.0000          .          
Algoma   .Abitibi  .Pulpwood.2023        -INF             .            20.0000          .          
Algoma   .Abitibi  .Pulpwood.2024        -INF             .            20.0000          .          
Algoma   .Abitibi  .Pulpwood.2025        -INF             .            20.0000          .          
Algoma   .Abitibi  .Pulpwood.2026        -INF             .            20.0000          .          
Algoma   .Abitibi  .Pulpwood.2027        -INF             .            20.0000          .          
Algoma   .Abitibi  .Pulpwood.2028        -INF             .            20.0000          .          
Algoma   .Abitibi  .Pulpwood.2029        -INF             .            20.0000          .          
Algoma   .Abitibi  .Pulpwood.2030        -INF             .            20.0000          .          
Algoma   .Kenora   .CLT     .2020        -INF             .            20.0000          .          
Algoma   .Kenora   .CLT     .2021        -INF             .            20.0000          .          
Algoma   .Kenora   .CLT     .2022        -INF             .            20.0000          .          
Algoma   .Kenora   .CLT     .2023        -INF             .            20.0000          .          
Algoma   .Kenora   .CLT     .2024        -INF             .            20.0000          .          
Algoma   .Kenora   .CLT     .2025        -INF             .            20.0000          .          
Algoma   .Kenora   .CLT     .2026        -INF             .            20.0000          .          
Algoma   .Kenora   .CLT     .2027        -INF             .            20.0000          .          
Algoma   .Kenora   .CLT     .2028        -INF             .            20.0000          .          
Algoma   .Kenora   .CLT     .2029        -INF             .            20.0000          .          
Algoma   .Kenora   .CLT     .2030        -INF             .            20.0000          .          
Algoma   .Kenora   .Glulam  .2020        -INF             .            20.0000          .          
Algoma   .Kenora   .Glulam  .2021        -INF             .            20.0000          .          
Algoma   .Kenora   .Glulam  .2022        -INF             .            20.0000          .          
Algoma   .Kenora   .Glulam  .2023        -INF             .            20.0000          .          
Algoma   .Kenora   .Glulam  .2024        -INF             .            20.0000          .          
Algoma   .Kenora   .Glulam  .2025        -INF             .            20.0000          .          
Algoma   .Kenora   .Glulam  .2026        -INF             .            20.0000          .          
Algoma   .Kenora   .Glulam  .2027        -INF             .            20.0000          .          
Algoma   .Kenora   .Glulam  .2028        -INF             .            20.0000          .          
Algoma   .Kenora   .Glulam  .2029        -INF             .            20.0000          .          
Algoma   .Kenora   .Glulam  .2030        -INF             .            20.0000          .          
Algoma   .Kenora   .Lumber  .2020        -INF             .            20.0000          .          
Algoma   .Kenora   .Lumber  .2021        -INF             .            20.0000          .          
Algoma   .Kenora   .Lumber  .2022        -INF             .            20.0000          .          
Algoma   .Kenora   .Lumber  .2023        -INF             .            20.0000          .          
Algoma   .Kenora   .Lumber  .2024        -INF             .            20.0000          .          
Algoma   .Kenora   .Lumber  .2025        -INF             .            20.0000          .          
Algoma   .Kenora   .Lumber  .2026        -INF             .            20.0000          .          
Algoma   .Kenora   .Lumber  .2027        -INF             .            20.0000          .          
Algoma   .Kenora   .Lumber  .2028        -INF             .            20.0000          .          
Algoma   .Kenora   .Lumber  .2029        -INF             .            20.0000          .          
Algoma   .Kenora   .Lumber  .2030        -INF             .            20.0000          .          
Algoma   .Kenora   .Pulpwood.2020        -INF             .            20.0000          .          
Algoma   .Kenora   .Pulpwood.2021        -INF             .            20.0000          .          
Algoma   .Kenora   .Pulpwood.2022        -INF             .            20.0000          .          
Algoma   .Kenora   .Pulpwood.2023        -INF             .            20.0000          .          
Algoma   .Kenora   .Pulpwood.2024        -INF             .            20.0000          .          
Algoma   .Kenora   .Pulpwood.2025        -INF             .            20.0000          .          
Algoma   .Kenora   .Pulpwood.2026        -INF             .            20.0000          .          
Algoma   .Kenora   .Pulpwood.2027        -INF             .            20.0000          .          
Algoma   .Kenora   .Pulpwood.2028        -INF             .            20.0000          .          
Algoma   .Kenora   .Pulpwood.2029        -INF             .            20.0000          .          
Algoma   .Kenora   .Pulpwood.2030        -INF             .            20.0000          .          
Algoma   .Nipissing.CLT     .2020        -INF             .            20.0000          .          
Algoma   .Nipissing.CLT     .2021        -INF             .            20.0000          .          
Algoma   .Nipissing.CLT     .2022        -INF             .            20.0000          .          
Algoma   .Nipissing.CLT     .2023        -INF             .            20.0000          .          
Algoma   .Nipissing.CLT     .2024        -INF             .            20.0000          .          
Algoma   .Nipissing.CLT     .2025        -INF             .            20.0000          .          
Algoma   .Nipissing.CLT     .2026        -INF             .            20.0000          .          
Algoma   .Nipissing.CLT     .2027        -INF             .            20.0000          .          
Algoma   .Nipissing.CLT     .2028        -INF             .            20.0000          .          
Algoma   .Nipissing.CLT     .2029        -INF             .            20.0000          .          
Algoma   .Nipissing.CLT     .2030        -INF             .            20.0000          .          
Algoma   .Nipissing.Glulam  .2020        -INF             .            20.0000          .          
Algoma   .Nipissing.Glulam  .2021        -INF             .            20.0000          .          
Algoma   .Nipissing.Glulam  .2022        -INF             .            20.0000          .          
Algoma   .Nipissing.Glulam  .2023        -INF             .            20.0000          .          
Algoma   .Nipissing.Glulam  .2024        -INF             .            20.0000          .          
Algoma   .Nipissing.Glulam  .2025        -INF             .            20.0000          .          
Algoma   .Nipissing.Glulam  .2026        -INF             .            20.0000          .          
Algoma   .Nipissing.Glulam  .2027        -INF             .            20.0000          .          
Algoma   .Nipissing.Glulam  .2028        -INF             .            20.0000          .          
Algoma   .Nipissing.Glulam  .2029        -INF             .            20.0000          .          
Algoma   .Nipissing.Glulam  .2030        -INF             .            20.0000          .          
Algoma   .Nipissing.Lumber  .2020        -INF             .            20.0000          .          
Algoma   .Nipissing.Lumber  .2021        -INF             .            20.0000          .          
Algoma   .Nipissing.Lumber  .2022        -INF             .            20.0000          .          
Algoma   .Nipissing.Lumber  .2023        -INF             .            20.0000          .          
Algoma   .Nipissing.Lumber  .2024        -INF             .            20.0000          .          
Algoma   .Nipissing.Lumber  .2025        -INF             .            20.0000          .          
Algoma   .Nipissing.Lumber  .2026        -INF             .            20.0000          .          
Algoma   .Nipissing.Lumber  .2027        -INF             .            20.0000          .          
Algoma   .Nipissing.Lumber  .2028        -INF             .            20.0000          .          
Algoma   .Nipissing.Lumber  .2029        -INF             .            20.0000          .          
Algoma   .Nipissing.Lumber  .2030        -INF             .            20.0000          .          
Algoma   .Nipissing.Pulpwood.2020        -INF             .            20.0000          .          
Algoma   .Nipissing.Pulpwood.2021        -INF             .            20.0000          .          
Algoma   .Nipissing.Pulpwood.2022        -INF             .            20.0000          .          
Algoma   .Nipissing.Pulpwood.2023        -INF             .            20.0000          .          
Algoma   .Nipissing.Pulpwood.2024        -INF             .            20.0000          .          
Algoma   .Nipissing.Pulpwood.2025        -INF             .            20.0000          .          
Algoma   .Nipissing.Pulpwood.2026        -INF             .            20.0000          .          
Algoma   .Nipissing.Pulpwood.2027        -INF             .            20.0000          .          
Algoma   .Nipissing.Pulpwood.2028        -INF             .            20.0000          .          
Algoma   .Nipissing.Pulpwood.2029        -INF             .            20.0000          .          
Algoma   .Nipissing.Pulpwood.2030        -INF             .            20.0000          .          
Algoma   .Algonquin.CLT     .2020        -INF             .            20.0000          .          
Algoma   .Algonquin.CLT     .2021        -INF             .            20.0000          .          
Algoma   .Algonquin.CLT     .2022        -INF             .            20.0000          .          
Algoma   .Algonquin.CLT     .2023        -INF             .            20.0000          .          
Algoma   .Algonquin.CLT     .2024        -INF             .            20.0000          .          
Algoma   .Algonquin.CLT     .2025        -INF             .            20.0000          .          
Algoma   .Algonquin.CLT     .2026        -INF             .            20.0000          .          
Algoma   .Algonquin.CLT     .2027        -INF             .            20.0000          .          
Algoma   .Algonquin.CLT     .2028        -INF             .            20.0000          .          
Algoma   .Algonquin.CLT     .2029        -INF             .            20.0000          .          
Algoma   .Algonquin.CLT     .2030        -INF             .            20.0000          .          
Algoma   .Algonquin.Glulam  .2020        -INF             .            20.0000          .          
Algoma   .Algonquin.Glulam  .2021        -INF             .            20.0000          .          
Algoma   .Algonquin.Glulam  .2022        -INF             .            20.0000          .          
Algoma   .Algonquin.Glulam  .2023        -INF             .            20.0000          .          
Algoma   .Algonquin.Glulam  .2024        -INF             .            20.0000          .          
Algoma   .Algonquin.Glulam  .2025        -INF             .            20.0000          .          
Algoma   .Algonquin.Glulam  .2026        -INF             .            20.0000          .          
Algoma   .Algonquin.Glulam  .2027        -INF             .            20.0000          .          
Algoma   .Algonquin.Glulam  .2028        -INF             .            20.0000          .          
Algoma   .Algonquin.Glulam  .2029        -INF             .            20.0000          .          
Algoma   .Algonquin.Glulam  .2030        -INF             .            20.0000          .          
Algoma   .Algonquin.Lumber  .2020        -INF             .            20.0000          .          
Algoma   .Algonquin.Lumber  .2021        -INF             .            20.0000          .          
Algoma   .Algonquin.Lumber  .2022        -INF             .            20.0000          .          
Algoma   .Algonquin.Lumber  .2023        -INF             .            20.0000          .          
Algoma   .Algonquin.Lumber  .2024        -INF             .            20.0000          .          
Algoma   .Algonquin.Lumber  .2025        -INF             .            20.0000          .          
Algoma   .Algonquin.Lumber  .2026        -INF             .            20.0000          .          
Algoma   .Algonquin.Lumber  .2027        -INF             .            20.0000          .          
Algoma   .Algonquin.Lumber  .2028        -INF             .            20.0000          .          
Algoma   .Algonquin.Lumber  .2029        -INF             .            20.0000          .          
Algoma   .Algonquin.Lumber  .2030        -INF             .            20.0000          .          
Algoma   .Algonquin.Pulpwood.2020        -INF             .            20.0000          .          
Algoma   .Algonquin.Pulpwood.2021        -INF             .            20.0000          .          
Algoma   .Algonquin.Pulpwood.2022        -INF             .            20.0000          .          
Algoma   .Algonquin.Pulpwood.2023        -INF             .            20.0000          .          
Algoma   .Algonquin.Pulpwood.2024        -INF             .            20.0000          .          
Algoma   .Algonquin.Pulpwood.2025        -INF             .            20.0000          .          
Algoma   .Algonquin.Pulpwood.2026        -INF             .            20.0000          .          
Algoma   .Algonquin.Pulpwood.2027        -INF             .            20.0000          .          
Algoma   .Algonquin.Pulpwood.2028        -INF             .            20.0000          .          
Algoma   .Algonquin.Pulpwood.2029        -INF             .            20.0000          .          
Algoma   .Algonquin.Pulpwood.2030        -INF             .            20.0000          .          
Kenora   .TroutLake.CLT     .2020        -INF             .            20.0000          .          
Kenora   .TroutLake.CLT     .2021        -INF             .            20.0000          .          
Kenora   .TroutLake.CLT     .2022        -INF             .            20.0000          .          
Kenora   .TroutLake.CLT     .2023        -INF             .            20.0000          .          
Kenora   .TroutLake.CLT     .2024        -INF             .            20.0000          .          
Kenora   .TroutLake.CLT     .2025        -INF             .            20.0000          .          
Kenora   .TroutLake.CLT     .2026        -INF             .            20.0000          .          
Kenora   .TroutLake.CLT     .2027        -INF             .            20.0000          .          
Kenora   .TroutLake.CLT     .2028        -INF             .            20.0000          .          
Kenora   .TroutLake.CLT     .2029        -INF             .            20.0000          .          
Kenora   .TroutLake.CLT     .2030        -INF             .            20.0000          .          
Kenora   .TroutLake.Glulam  .2020        -INF             .            20.0000          .          
Kenora   .TroutLake.Glulam  .2021        -INF             .            20.0000          .          
Kenora   .TroutLake.Glulam  .2022        -INF             .            20.0000          .          
Kenora   .TroutLake.Glulam  .2023        -INF             .            20.0000          .          
Kenora   .TroutLake.Glulam  .2024        -INF             .            20.0000          .          
Kenora   .TroutLake.Glulam  .2025        -INF             .            20.0000          .          
Kenora   .TroutLake.Glulam  .2026        -INF             .            20.0000          .          
Kenora   .TroutLake.Glulam  .2027        -INF             .            20.0000          .          
Kenora   .TroutLake.Glulam  .2028        -INF             .            20.0000          .          
Kenora   .TroutLake.Glulam  .2029        -INF             .            20.0000          .          
Kenora   .TroutLake.Glulam  .2030        -INF             .            20.0000          .          
Kenora   .TroutLake.Lumber  .2020        -INF             .            20.0000          .          
Kenora   .TroutLake.Lumber  .2021        -INF             .            20.0000          .          
Kenora   .TroutLake.Lumber  .2022        -INF             .            20.0000          .          
Kenora   .TroutLake.Lumber  .2023        -INF             .            20.0000          .          
Kenora   .TroutLake.Lumber  .2024        -INF             .            20.0000          .          
Kenora   .TroutLake.Lumber  .2025        -INF             .            20.0000          .          
Kenora   .TroutLake.Lumber  .2026        -INF             .            20.0000          .          
Kenora   .TroutLake.Lumber  .2027        -INF             .            20.0000          .          
Kenora   .TroutLake.Lumber  .2028        -INF             .            20.0000          .          
Kenora   .TroutLake.Lumber  .2029        -INF             .            20.0000          .          
Kenora   .TroutLake.Lumber  .2030        -INF             .            20.0000          .          
Kenora   .TroutLake.Pulpwood.2020        -INF             .            20.0000          .          
Kenora   .TroutLake.Pulpwood.2021        -INF             .            20.0000          .          
Kenora   .TroutLake.Pulpwood.2022        -INF             .            20.0000          .          
Kenora   .TroutLake.Pulpwood.2023        -INF             .            20.0000          .          
Kenora   .TroutLake.Pulpwood.2024        -INF             .            20.0000          .          
Kenora   .TroutLake.Pulpwood.2025        -INF             .            20.0000          .          
Kenora   .TroutLake.Pulpwood.2026        -INF             .            20.0000          .          
Kenora   .TroutLake.Pulpwood.2027        -INF             .            20.0000          .          
Kenora   .TroutLake.Pulpwood.2028        -INF             .            20.0000          .          
Kenora   .TroutLake.Pulpwood.2029        -INF             .            20.0000          .          
Kenora   .TroutLake.Pulpwood.2030        -INF             .            20.0000          .          
Kenora   .Abitibi  .CLT     .2020        -INF             .            20.0000          .          
Kenora   .Abitibi  .CLT     .2021        -INF             .            20.0000          .          
Kenora   .Abitibi  .CLT     .2022        -INF             .            20.0000          .          
Kenora   .Abitibi  .CLT     .2023        -INF             .            20.0000          .          
Kenora   .Abitibi  .CLT     .2024        -INF             .            20.0000          .          
Kenora   .Abitibi  .CLT     .2025        -INF             .            20.0000          .          
Kenora   .Abitibi  .CLT     .2026        -INF             .            20.0000          .          
Kenora   .Abitibi  .CLT     .2027        -INF             .            20.0000          .          
Kenora   .Abitibi  .CLT     .2028        -INF             .            20.0000          .          
Kenora   .Abitibi  .CLT     .2029        -INF             .            20.0000          .          
Kenora   .Abitibi  .CLT     .2030        -INF             .            20.0000          .          
Kenora   .Abitibi  .Glulam  .2020        -INF             .            20.0000          .          
Kenora   .Abitibi  .Glulam  .2021        -INF             .            20.0000          .          
Kenora   .Abitibi  .Glulam  .2022        -INF             .            20.0000          .          
Kenora   .Abitibi  .Glulam  .2023        -INF             .            20.0000          .          
Kenora   .Abitibi  .Glulam  .2024        -INF             .            20.0000          .          
Kenora   .Abitibi  .Glulam  .2025        -INF             .            20.0000          .          
Kenora   .Abitibi  .Glulam  .2026        -INF             .            20.0000          .          
Kenora   .Abitibi  .Glulam  .2027        -INF             .            20.0000          .          
Kenora   .Abitibi  .Glulam  .2028        -INF             .            20.0000          .          
Kenora   .Abitibi  .Glulam  .2029        -INF             .            20.0000          .          
Kenora   .Abitibi  .Glulam  .2030        -INF             .            20.0000          .          
Kenora   .Abitibi  .Lumber  .2020        -INF             .            20.0000          .          
Kenora   .Abitibi  .Lumber  .2021        -INF             .            20.0000          .          
Kenora   .Abitibi  .Lumber  .2022        -INF             .            20.0000          .          
Kenora   .Abitibi  .Lumber  .2023        -INF             .            20.0000          .          
Kenora   .Abitibi  .Lumber  .2024        -INF             .            20.0000          .          
Kenora   .Abitibi  .Lumber  .2025        -INF             .            20.0000          .          
Kenora   .Abitibi  .Lumber  .2026        -INF             .            20.0000          .          
Kenora   .Abitibi  .Lumber  .2027        -INF             .            20.0000          .          
Kenora   .Abitibi  .Lumber  .2028        -INF             .            20.0000          .          
Kenora   .Abitibi  .Lumber  .2029        -INF             .            20.0000          .          
Kenora   .Abitibi  .Lumber  .2030        -INF             .            20.0000          .          
Kenora   .Abitibi  .Pulpwood.2020        -INF             .            20.0000          .          
Kenora   .Abitibi  .Pulpwood.2021        -INF             .            20.0000          .          
Kenora   .Abitibi  .Pulpwood.2022        -INF             .            20.0000          .          
Kenora   .Abitibi  .Pulpwood.2023        -INF             .            20.0000          .          
Kenora   .Abitibi  .Pulpwood.2024        -INF             .            20.0000          .          
Kenora   .Abitibi  .Pulpwood.2025        -INF             .            20.0000          .          
Kenora   .Abitibi  .Pulpwood.2026        -INF             .            20.0000          .          
Kenora   .Abitibi  .Pulpwood.2027        -INF             .            20.0000          .          
Kenora   .Abitibi  .Pulpwood.2028        -INF             .            20.0000          .          
Kenora   .Abitibi  .Pulpwood.2029        -INF             .            20.0000          .          
Kenora   .Abitibi  .Pulpwood.2030        -INF             .            20.0000          .          
Kenora   .Algoma   .CLT     .2020        -INF             .            20.0000          .          
Kenora   .Algoma   .CLT     .2021        -INF             .            20.0000          .          
Kenora   .Algoma   .CLT     .2022        -INF             .            20.0000          .          
Kenora   .Algoma   .CLT     .2023        -INF             .            20.0000          .          
Kenora   .Algoma   .CLT     .2024        -INF             .            20.0000          .          
Kenora   .Algoma   .CLT     .2025        -INF             .            20.0000          .          
Kenora   .Algoma   .CLT     .2026        -INF             .            20.0000          .          
Kenora   .Algoma   .CLT     .2027        -INF             .            20.0000          .          
Kenora   .Algoma   .CLT     .2028        -INF             .            20.0000          .          
Kenora   .Algoma   .CLT     .2029        -INF             .            20.0000          .          
Kenora   .Algoma   .CLT     .2030        -INF             .            20.0000          .          
Kenora   .Algoma   .Glulam  .2020        -INF             .            20.0000          .          
Kenora   .Algoma   .Glulam  .2021        -INF             .            20.0000          .          
Kenora   .Algoma   .Glulam  .2022        -INF             .            20.0000          .          
Kenora   .Algoma   .Glulam  .2023        -INF             .            20.0000          .          
Kenora   .Algoma   .Glulam  .2024        -INF             .            20.0000          .          
Kenora   .Algoma   .Glulam  .2025        -INF             .            20.0000          .          
Kenora   .Algoma   .Glulam  .2026        -INF             .            20.0000          .          
Kenora   .Algoma   .Glulam  .2027        -INF             .            20.0000          .          
Kenora   .Algoma   .Glulam  .2028        -INF             .            20.0000          .          
Kenora   .Algoma   .Glulam  .2029        -INF             .            20.0000          .          
Kenora   .Algoma   .Glulam  .2030        -INF             .            20.0000          .          
Kenora   .Algoma   .Lumber  .2020        -INF             .            20.0000          .          
Kenora   .Algoma   .Lumber  .2021        -INF             .            20.0000          .          
Kenora   .Algoma   .Lumber  .2022        -INF             .            20.0000          .          
Kenora   .Algoma   .Lumber  .2023        -INF             .            20.0000          .          
Kenora   .Algoma   .Lumber  .2024        -INF             .            20.0000          .          
Kenora   .Algoma   .Lumber  .2025        -INF             .            20.0000          .          
Kenora   .Algoma   .Lumber  .2026        -INF             .            20.0000          .          
Kenora   .Algoma   .Lumber  .2027        -INF             .            20.0000          .          
Kenora   .Algoma   .Lumber  .2028        -INF             .            20.0000          .          
Kenora   .Algoma   .Lumber  .2029        -INF             .            20.0000          .          
Kenora   .Algoma   .Lumber  .2030        -INF             .            20.0000          .          
Kenora   .Algoma   .Pulpwood.2020        -INF             .            20.0000          .          
Kenora   .Algoma   .Pulpwood.2021        -INF             .            20.0000          .          
Kenora   .Algoma   .Pulpwood.2022        -INF             .            20.0000          .          
Kenora   .Algoma   .Pulpwood.2023        -INF             .            20.0000          .          
Kenora   .Algoma   .Pulpwood.2024        -INF             .            20.0000          .          
Kenora   .Algoma   .Pulpwood.2025        -INF             .            20.0000          .          
Kenora   .Algoma   .Pulpwood.2026        -INF             .            20.0000          .          
Kenora   .Algoma   .Pulpwood.2027        -INF             .            20.0000          .          
Kenora   .Algoma   .Pulpwood.2028        -INF             .            20.0000          .          
Kenora   .Algoma   .Pulpwood.2029        -INF             .            20.0000          .          
Kenora   .Algoma   .Pulpwood.2030        -INF             .            20.0000          .          
Kenora   .Nipissing.CLT     .2020        -INF             .            20.0000          .          
Kenora   .Nipissing.CLT     .2021        -INF             .            20.0000          .          
Kenora   .Nipissing.CLT     .2022        -INF             .            20.0000          .          
Kenora   .Nipissing.CLT     .2023        -INF             .            20.0000          .          
Kenora   .Nipissing.CLT     .2024        -INF             .            20.0000          .          
Kenora   .Nipissing.CLT     .2025        -INF             .            20.0000          .          
Kenora   .Nipissing.CLT     .2026        -INF             .            20.0000          .          
Kenora   .Nipissing.CLT     .2027        -INF             .            20.0000          .          
Kenora   .Nipissing.CLT     .2028        -INF             .            20.0000          .          
Kenora   .Nipissing.CLT     .2029        -INF             .            20.0000          .          
Kenora   .Nipissing.CLT     .2030        -INF             .            20.0000          .          
Kenora   .Nipissing.Glulam  .2020        -INF             .            20.0000          .          
Kenora   .Nipissing.Glulam  .2021        -INF             .            20.0000          .          
Kenora   .Nipissing.Glulam  .2022        -INF             .            20.0000          .          
Kenora   .Nipissing.Glulam  .2023        -INF             .            20.0000          .          
Kenora   .Nipissing.Glulam  .2024        -INF             .            20.0000          .          
Kenora   .Nipissing.Glulam  .2025        -INF             .            20.0000          .          
Kenora   .Nipissing.Glulam  .2026        -INF             .            20.0000          .          
Kenora   .Nipissing.Glulam  .2027        -INF             .            20.0000          .          
Kenora   .Nipissing.Glulam  .2028        -INF             .            20.0000          .          
Kenora   .Nipissing.Glulam  .2029        -INF             .            20.0000          .          
Kenora   .Nipissing.Glulam  .2030        -INF             .            20.0000          .          
Kenora   .Nipissing.Lumber  .2020        -INF             .            20.0000          .          
Kenora   .Nipissing.Lumber  .2021        -INF             .            20.0000          .          
Kenora   .Nipissing.Lumber  .2022        -INF             .            20.0000          .          
Kenora   .Nipissing.Lumber  .2023        -INF             .            20.0000          .          
Kenora   .Nipissing.Lumber  .2024        -INF             .            20.0000          .          
Kenora   .Nipissing.Lumber  .2025        -INF             .            20.0000          .          
Kenora   .Nipissing.Lumber  .2026        -INF             .            20.0000          .          
Kenora   .Nipissing.Lumber  .2027        -INF             .            20.0000          .          
Kenora   .Nipissing.Lumber  .2028        -INF             .            20.0000          .          
Kenora   .Nipissing.Lumber  .2029        -INF             .            20.0000          .          
Kenora   .Nipissing.Lumber  .2030        -INF             .            20.0000          .          
Kenora   .Nipissing.Pulpwood.2020        -INF             .            20.0000          .          
Kenora   .Nipissing.Pulpwood.2021        -INF             .            20.0000          .          
Kenora   .Nipissing.Pulpwood.2022        -INF             .            20.0000          .          
Kenora   .Nipissing.Pulpwood.2023        -INF             .            20.0000          .          
Kenora   .Nipissing.Pulpwood.2024        -INF             .            20.0000          .          
Kenora   .Nipissing.Pulpwood.2025        -INF             .            20.0000          .          
Kenora   .Nipissing.Pulpwood.2026        -INF             .            20.0000          .          
Kenora   .Nipissing.Pulpwood.2027        -INF             .            20.0000          .          
Kenora   .Nipissing.Pulpwood.2028        -INF             .            20.0000          .          
Kenora   .Nipissing.Pulpwood.2029        -INF             .            20.0000          .          
Kenora   .Nipissing.Pulpwood.2030        -INF             .            20.0000          .          
Kenora   .Algonquin.CLT     .2020        -INF             .            20.0000          .          
Kenora   .Algonquin.CLT     .2021        -INF             .            20.0000          .          
Kenora   .Algonquin.CLT     .2022        -INF             .            20.0000          .          
Kenora   .Algonquin.CLT     .2023        -INF             .            20.0000          .          
Kenora   .Algonquin.CLT     .2024        -INF             .            20.0000          .          
Kenora   .Algonquin.CLT     .2025        -INF             .            20.0000          .          
Kenora   .Algonquin.CLT     .2026        -INF             .            20.0000          .          
Kenora   .Algonquin.CLT     .2027        -INF             .            20.0000          .          
Kenora   .Algonquin.CLT     .2028        -INF             .            20.0000          .          
Kenora   .Algonquin.CLT     .2029        -INF             .            20.0000          .          
Kenora   .Algonquin.CLT     .2030        -INF             .            20.0000          .          
Kenora   .Algonquin.Glulam  .2020        -INF             .            20.0000          .          
Kenora   .Algonquin.Glulam  .2021        -INF             .            20.0000          .          
Kenora   .Algonquin.Glulam  .2022        -INF             .            20.0000          .          
Kenora   .Algonquin.Glulam  .2023        -INF             .            20.0000          .          
Kenora   .Algonquin.Glulam  .2024        -INF             .            20.0000          .          
Kenora   .Algonquin.Glulam  .2025        -INF             .            20.0000          .          
Kenora   .Algonquin.Glulam  .2026        -INF             .            20.0000          .          
Kenora   .Algonquin.Glulam  .2027        -INF             .            20.0000          .          
Kenora   .Algonquin.Glulam  .2028        -INF             .            20.0000          .          
Kenora   .Algonquin.Glulam  .2029        -INF             .            20.0000          .          
Kenora   .Algonquin.Glulam  .2030        -INF             .            20.0000          .          
Kenora   .Algonquin.Lumber  .2020        -INF             .            20.0000          .          
Kenora   .Algonquin.Lumber  .2021        -INF             .            20.0000          .          
Kenora   .Algonquin.Lumber  .2022        -INF             .            20.0000          .          
Kenora   .Algonquin.Lumber  .2023        -INF             .            20.0000          .          
Kenora   .Algonquin.Lumber  .2024        -INF             .            20.0000          .          
Kenora   .Algonquin.Lumber  .2025        -INF             .            20.0000          .          
Kenora   .Algonquin.Lumber  .2026        -INF             .            20.0000          .          
Kenora   .Algonquin.Lumber  .2027        -INF             .            20.0000          .          
Kenora   .Algonquin.Lumber  .2028        -INF             .            20.0000          .          
Kenora   .Algonquin.Lumber  .2029        -INF             .            20.0000          .          
Kenora   .Algonquin.Lumber  .2030        -INF             .            20.0000          .          
Kenora   .Algonquin.Pulpwood.2020        -INF             .            20.0000          .          
Kenora   .Algonquin.Pulpwood.2021        -INF             .            20.0000          .          
Kenora   .Algonquin.Pulpwood.2022        -INF             .            20.0000          .          
Kenora   .Algonquin.Pulpwood.2023        -INF             .            20.0000          .          
Kenora   .Algonquin.Pulpwood.2024        -INF             .            20.0000          .          
Kenora   .Algonquin.Pulpwood.2025        -INF             .            20.0000          .          
Kenora   .Algonquin.Pulpwood.2026        -INF             .            20.0000          .          
Kenora   .Algonquin.Pulpwood.2027        -INF             .            20.0000          .          
Kenora   .Algonquin.Pulpwood.2028        -INF             .            20.0000          .          
Kenora   .Algonquin.Pulpwood.2029        -INF             .            20.0000          .          
Kenora   .Algonquin.Pulpwood.2030        -INF             .            20.0000          .          
Nipissing.TroutLake.CLT     .2020        -INF             .            20.0000          .          
Nipissing.TroutLake.CLT     .2021        -INF             .            20.0000          .          
Nipissing.TroutLake.CLT     .2022        -INF             .            20.0000          .          
Nipissing.TroutLake.CLT     .2023        -INF             .            20.0000          .          
Nipissing.TroutLake.CLT     .2024        -INF             .            20.0000          .          
Nipissing.TroutLake.CLT     .2025        -INF             .            20.0000          .          
Nipissing.TroutLake.CLT     .2026        -INF             .            20.0000          .          
Nipissing.TroutLake.CLT     .2027        -INF             .            20.0000          .          
Nipissing.TroutLake.CLT     .2028        -INF             .            20.0000          .          
Nipissing.TroutLake.CLT     .2029        -INF             .            20.0000          .          
Nipissing.TroutLake.CLT     .2030        -INF             .            20.0000          .          
Nipissing.TroutLake.Glulam  .2020        -INF             .            20.0000          .          
Nipissing.TroutLake.Glulam  .2021        -INF             .            20.0000          .          
Nipissing.TroutLake.Glulam  .2022        -INF             .            20.0000          .          
Nipissing.TroutLake.Glulam  .2023        -INF             .            20.0000          .          
Nipissing.TroutLake.Glulam  .2024        -INF             .            20.0000          .          
Nipissing.TroutLake.Glulam  .2025        -INF             .            20.0000          .          
Nipissing.TroutLake.Glulam  .2026        -INF             .            20.0000          .          
Nipissing.TroutLake.Glulam  .2027        -INF             .            20.0000          .          
Nipissing.TroutLake.Glulam  .2028        -INF             .            20.0000          .          
Nipissing.TroutLake.Glulam  .2029        -INF             .            20.0000          .          
Nipissing.TroutLake.Glulam  .2030        -INF             .            20.0000          .          
Nipissing.TroutLake.Lumber  .2020        -INF             .            20.0000          .          
Nipissing.TroutLake.Lumber  .2021        -INF             .            20.0000          .          
Nipissing.TroutLake.Lumber  .2022        -INF             .            20.0000          .          
Nipissing.TroutLake.Lumber  .2023        -INF             .            20.0000          .          
Nipissing.TroutLake.Lumber  .2024        -INF             .            20.0000          .          
Nipissing.TroutLake.Lumber  .2025        -INF             .            20.0000          .          
Nipissing.TroutLake.Lumber  .2026        -INF             .            20.0000          .          
Nipissing.TroutLake.Lumber  .2027        -INF             .            20.0000          .          
Nipissing.TroutLake.Lumber  .2028        -INF             .            20.0000          .          
Nipissing.TroutLake.Lumber  .2029        -INF             .            20.0000          .          
Nipissing.TroutLake.Lumber  .2030        -INF             .            20.0000          .          
Nipissing.TroutLake.Pulpwood.2020        -INF             .            20.0000          .          
Nipissing.TroutLake.Pulpwood.2021        -INF             .            20.0000          .          
Nipissing.TroutLake.Pulpwood.2022        -INF             .            20.0000          .          
Nipissing.TroutLake.Pulpwood.2023        -INF             .            20.0000          .          
Nipissing.TroutLake.Pulpwood.2024        -INF             .            20.0000          .          
Nipissing.TroutLake.Pulpwood.2025        -INF             .            20.0000          .          
Nipissing.TroutLake.Pulpwood.2026        -INF             .            20.0000          .          
Nipissing.TroutLake.Pulpwood.2027        -INF             .            20.0000          .          
Nipissing.TroutLake.Pulpwood.2028        -INF             .            20.0000          .          
Nipissing.TroutLake.Pulpwood.2029        -INF             .            20.0000          .          
Nipissing.TroutLake.Pulpwood.2030        -INF             .            20.0000          .          
Nipissing.Abitibi  .CLT     .2020        -INF             .            20.0000          .          
Nipissing.Abitibi  .CLT     .2021        -INF             .            20.0000          .          
Nipissing.Abitibi  .CLT     .2022        -INF             .            20.0000          .          
Nipissing.Abitibi  .CLT     .2023        -INF             .            20.0000          .          
Nipissing.Abitibi  .CLT     .2024        -INF             .            20.0000          .          
Nipissing.Abitibi  .CLT     .2025        -INF             .            20.0000          .          
Nipissing.Abitibi  .CLT     .2026        -INF             .            20.0000          .          
Nipissing.Abitibi  .CLT     .2027        -INF             .            20.0000          .          
Nipissing.Abitibi  .CLT     .2028        -INF             .            20.0000          .          
Nipissing.Abitibi  .CLT     .2029        -INF             .            20.0000          .          
Nipissing.Abitibi  .CLT     .2030        -INF             .            20.0000          .          
Nipissing.Abitibi  .Glulam  .2020        -INF             .            20.0000          .          
Nipissing.Abitibi  .Glulam  .2021        -INF             .            20.0000          .          
Nipissing.Abitibi  .Glulam  .2022        -INF             .            20.0000          .          
Nipissing.Abitibi  .Glulam  .2023        -INF             .            20.0000          .          
Nipissing.Abitibi  .Glulam  .2024        -INF             .            20.0000          .          
Nipissing.Abitibi  .Glulam  .2025        -INF             .            20.0000          .          
Nipissing.Abitibi  .Glulam  .2026        -INF             .            20.0000          .          
Nipissing.Abitibi  .Glulam  .2027        -INF             .            20.0000          .          
Nipissing.Abitibi  .Glulam  .2028        -INF             .            20.0000          .          
Nipissing.Abitibi  .Glulam  .2029        -INF             .            20.0000          .          
Nipissing.Abitibi  .Glulam  .2030        -INF             .            20.0000          .          
Nipissing.Abitibi  .Lumber  .2020        -INF             .            20.0000          .          
Nipissing.Abitibi  .Lumber  .2021        -INF             .            20.0000          .          
Nipissing.Abitibi  .Lumber  .2022        -INF             .            20.0000          .          
Nipissing.Abitibi  .Lumber  .2023        -INF             .            20.0000          .          
Nipissing.Abitibi  .Lumber  .2024        -INF             .            20.0000          .          
Nipissing.Abitibi  .Lumber  .2025        -INF             .            20.0000          .          
Nipissing.Abitibi  .Lumber  .2026        -INF             .            20.0000          .          
Nipissing.Abitibi  .Lumber  .2027        -INF             .            20.0000          .          
Nipissing.Abitibi  .Lumber  .2028        -INF             .            20.0000          .          
Nipissing.Abitibi  .Lumber  .2029        -INF             .            20.0000          .          
Nipissing.Abitibi  .Lumber  .2030        -INF             .            20.0000          .          
Nipissing.Abitibi  .Pulpwood.2020        -INF             .            20.0000          .          
Nipissing.Abitibi  .Pulpwood.2021        -INF             .            20.0000          .          
Nipissing.Abitibi  .Pulpwood.2022        -INF             .            20.0000          .          
Nipissing.Abitibi  .Pulpwood.2023        -INF             .            20.0000          .          
Nipissing.Abitibi  .Pulpwood.2024        -INF             .            20.0000          .          
Nipissing.Abitibi  .Pulpwood.2025        -INF             .            20.0000          .          
Nipissing.Abitibi  .Pulpwood.2026        -INF             .            20.0000          .          
Nipissing.Abitibi  .Pulpwood.2027        -INF             .            20.0000          .          
Nipissing.Abitibi  .Pulpwood.2028        -INF             .            20.0000          .          
Nipissing.Abitibi  .Pulpwood.2029        -INF             .            20.0000          .          
Nipissing.Abitibi  .Pulpwood.2030        -INF             .            20.0000          .          
Nipissing.Algoma   .CLT     .2020        -INF             .            20.0000          .          
Nipissing.Algoma   .CLT     .2021        -INF             .            20.0000          .          
Nipissing.Algoma   .CLT     .2022        -INF             .            20.0000          .          
Nipissing.Algoma   .CLT     .2023        -INF             .            20.0000          .          
Nipissing.Algoma   .CLT     .2024        -INF             .            20.0000          .          
Nipissing.Algoma   .CLT     .2025        -INF             .            20.0000          .          
Nipissing.Algoma   .CLT     .2026        -INF             .            20.0000          .          
Nipissing.Algoma   .CLT     .2027        -INF             .            20.0000          .          
Nipissing.Algoma   .CLT     .2028        -INF             .            20.0000          .          
Nipissing.Algoma   .CLT     .2029        -INF             .            20.0000          .          
Nipissing.Algoma   .CLT     .2030        -INF             .            20.0000          .          
Nipissing.Algoma   .Glulam  .2020        -INF             .            20.0000          .          
Nipissing.Algoma   .Glulam  .2021        -INF             .            20.0000          .          
Nipissing.Algoma   .Glulam  .2022        -INF             .            20.0000          .          
Nipissing.Algoma   .Glulam  .2023        -INF             .            20.0000          .          
Nipissing.Algoma   .Glulam  .2024        -INF             .            20.0000          .          
Nipissing.Algoma   .Glulam  .2025        -INF             .            20.0000          .          
Nipissing.Algoma   .Glulam  .2026        -INF             .            20.0000          .          
Nipissing.Algoma   .Glulam  .2027        -INF             .            20.0000          .          
Nipissing.Algoma   .Glulam  .2028        -INF             .            20.0000          .          
Nipissing.Algoma   .Glulam  .2029        -INF             .            20.0000          .          
Nipissing.Algoma   .Glulam  .2030        -INF             .            20.0000          .          
Nipissing.Algoma   .Lumber  .2020        -INF             .            20.0000          .          
Nipissing.Algoma   .Lumber  .2021        -INF             .            20.0000          .          
Nipissing.Algoma   .Lumber  .2022        -INF             .            20.0000          .          
Nipissing.Algoma   .Lumber  .2023        -INF             .            20.0000          .          
Nipissing.Algoma   .Lumber  .2024        -INF             .            20.0000          .          
Nipissing.Algoma   .Lumber  .2025        -INF             .            20.0000          .          
Nipissing.Algoma   .Lumber  .2026        -INF             .            20.0000          .          
Nipissing.Algoma   .Lumber  .2027        -INF             .            20.0000          .          
Nipissing.Algoma   .Lumber  .2028        -INF             .            20.0000          .          
Nipissing.Algoma   .Lumber  .2029        -INF             .            20.0000          .          
Nipissing.Algoma   .Lumber  .2030        -INF             .            20.0000          .          
Nipissing.Algoma   .Pulpwood.2020        -INF             .            20.0000          .          
Nipissing.Algoma   .Pulpwood.2021        -INF             .            20.0000          .          
Nipissing.Algoma   .Pulpwood.2022        -INF             .            20.0000          .          
Nipissing.Algoma   .Pulpwood.2023        -INF             .            20.0000          .          
Nipissing.Algoma   .Pulpwood.2024        -INF             .            20.0000          .          
Nipissing.Algoma   .Pulpwood.2025        -INF             .            20.0000          .          
Nipissing.Algoma   .Pulpwood.2026        -INF             .            20.0000          .          
Nipissing.Algoma   .Pulpwood.2027        -INF             .            20.0000          .          
Nipissing.Algoma   .Pulpwood.2028        -INF             .            20.0000          .          
Nipissing.Algoma   .Pulpwood.2029        -INF             .            20.0000          .          
Nipissing.Algoma   .Pulpwood.2030        -INF             .            20.0000          .          
Nipissing.Kenora   .CLT     .2020        -INF             .            20.0000          .          
Nipissing.Kenora   .CLT     .2021        -INF             .            20.0000          .          
Nipissing.Kenora   .CLT     .2022        -INF             .            20.0000          .          
Nipissing.Kenora   .CLT     .2023        -INF             .            20.0000          .          
Nipissing.Kenora   .CLT     .2024        -INF             .            20.0000          .          
Nipissing.Kenora   .CLT     .2025        -INF             .            20.0000          .          
Nipissing.Kenora   .CLT     .2026        -INF             .            20.0000          .          
Nipissing.Kenora   .CLT     .2027        -INF             .            20.0000          .          
Nipissing.Kenora   .CLT     .2028        -INF             .            20.0000          .          
Nipissing.Kenora   .CLT     .2029        -INF             .            20.0000          .          
Nipissing.Kenora   .CLT     .2030        -INF             .            20.0000          .          
Nipissing.Kenora   .Glulam  .2020        -INF             .            20.0000          .          
Nipissing.Kenora   .Glulam  .2021        -INF             .            20.0000          .          
Nipissing.Kenora   .Glulam  .2022        -INF             .            20.0000          .          
Nipissing.Kenora   .Glulam  .2023        -INF             .            20.0000          .          
Nipissing.Kenora   .Glulam  .2024        -INF             .            20.0000          .          
Nipissing.Kenora   .Glulam  .2025        -INF             .            20.0000          .          
Nipissing.Kenora   .Glulam  .2026        -INF             .            20.0000          .          
Nipissing.Kenora   .Glulam  .2027        -INF             .            20.0000          .          
Nipissing.Kenora   .Glulam  .2028        -INF             .            20.0000          .          
Nipissing.Kenora   .Glulam  .2029        -INF             .            20.0000          .          
Nipissing.Kenora   .Glulam  .2030        -INF             .            20.0000          .          
Nipissing.Kenora   .Lumber  .2020        -INF             .            20.0000          .          
Nipissing.Kenora   .Lumber  .2021        -INF             .            20.0000          .          
Nipissing.Kenora   .Lumber  .2022        -INF             .            20.0000          .          
Nipissing.Kenora   .Lumber  .2023        -INF             .            20.0000          .          
Nipissing.Kenora   .Lumber  .2024        -INF             .            20.0000          .          
Nipissing.Kenora   .Lumber  .2025        -INF             .            20.0000          .          
Nipissing.Kenora   .Lumber  .2026        -INF             .            20.0000          .          
Nipissing.Kenora   .Lumber  .2027        -INF             .            20.0000          .          
Nipissing.Kenora   .Lumber  .2028        -INF             .            20.0000          .          
Nipissing.Kenora   .Lumber  .2029        -INF             .            20.0000          .          
Nipissing.Kenora   .Lumber  .2030        -INF             .            20.0000          .          
Nipissing.Kenora   .Pulpwood.2020        -INF             .            20.0000          .          
Nipissing.Kenora   .Pulpwood.2021        -INF             .            20.0000          .          
Nipissing.Kenora   .Pulpwood.2022        -INF             .            20.0000          .          
Nipissing.Kenora   .Pulpwood.2023        -INF             .            20.0000          .          
Nipissing.Kenora   .Pulpwood.2024        -INF             .            20.0000          .          
Nipissing.Kenora   .Pulpwood.2025        -INF             .            20.0000          .          
Nipissing.Kenora   .Pulpwood.2026        -INF             .            20.0000          .          
Nipissing.Kenora   .Pulpwood.2027        -INF             .            20.0000          .          
Nipissing.Kenora   .Pulpwood.2028        -INF             .            20.0000          .          
Nipissing.Kenora   .Pulpwood.2029        -INF             .            20.0000          .          
Nipissing.Kenora   .Pulpwood.2030        -INF             .            20.0000          .          
Nipissing.Algonquin.CLT     .2020        -INF             .            20.0000          .          
Nipissing.Algonquin.CLT     .2021        -INF             .            20.0000          .          
Nipissing.Algonquin.CLT     .2022        -INF             .            20.0000          .          
Nipissing.Algonquin.CLT     .2023        -INF             .            20.0000          .          
Nipissing.Algonquin.CLT     .2024        -INF             .            20.0000          .          
Nipissing.Algonquin.CLT     .2025        -INF             .            20.0000          .          
Nipissing.Algonquin.CLT     .2026        -INF             .            20.0000          .          
Nipissing.Algonquin.CLT     .2027        -INF             .            20.0000          .          
Nipissing.Algonquin.CLT     .2028        -INF             .            20.0000          .          
Nipissing.Algonquin.CLT     .2029        -INF             .            20.0000          .          
Nipissing.Algonquin.CLT     .2030        -INF             .            20.0000          .          
Nipissing.Algonquin.Glulam  .2020        -INF             .            20.0000          .          
Nipissing.Algonquin.Glulam  .2021        -INF             .            20.0000          .          
Nipissing.Algonquin.Glulam  .2022        -INF             .            20.0000          .          
Nipissing.Algonquin.Glulam  .2023        -INF             .            20.0000          .          
Nipissing.Algonquin.Glulam  .2024        -INF             .            20.0000          .          
Nipissing.Algonquin.Glulam  .2025        -INF             .            20.0000          .          
Nipissing.Algonquin.Glulam  .2026        -INF             .            20.0000          .          
Nipissing.Algonquin.Glulam  .2027        -INF             .            20.0000          .          
Nipissing.Algonquin.Glulam  .2028        -INF             .            20.0000          .          
Nipissing.Algonquin.Glulam  .2029        -INF             .            20.0000          .          
Nipissing.Algonquin.Glulam  .2030        -INF             .            20.0000          .          
Nipissing.Algonquin.Lumber  .2020        -INF             .            20.0000          .          
Nipissing.Algonquin.Lumber  .2021        -INF             .            20.0000          .          
Nipissing.Algonquin.Lumber  .2022        -INF             .            20.0000          .          
Nipissing.Algonquin.Lumber  .2023        -INF             .            20.0000          .          
Nipissing.Algonquin.Lumber  .2024        -INF             .            20.0000          .          
Nipissing.Algonquin.Lumber  .2025        -INF             .            20.0000          .          
Nipissing.Algonquin.Lumber  .2026        -INF             .            20.0000          .          
Nipissing.Algonquin.Lumber  .2027        -INF             .            20.0000          .          
Nipissing.Algonquin.Lumber  .2028        -INF             .            20.0000          .          
Nipissing.Algonquin.Lumber  .2029        -INF             .            20.0000          .          
Nipissing.Algonquin.Lumber  .2030        -INF             .            20.0000          .          
Nipissing.Algonquin.Pulpwood.2020        -INF             .            20.0000          .          
Nipissing.Algonquin.Pulpwood.2021        -INF             .            20.0000          .          
Nipissing.Algonquin.Pulpwood.2022        -INF             .            20.0000          .          
Nipissing.Algonquin.Pulpwood.2023        -INF             .            20.0000          .          
Nipissing.Algonquin.Pulpwood.2024        -INF             .            20.0000          .          
Nipissing.Algonquin.Pulpwood.2025        -INF             .            20.0000          .          
Nipissing.Algonquin.Pulpwood.2026        -INF             .            20.0000          .          
Nipissing.Algonquin.Pulpwood.2027        -INF             .            20.0000          .          
Nipissing.Algonquin.Pulpwood.2028        -INF             .            20.0000          .          
Nipissing.Algonquin.Pulpwood.2029        -INF             .            20.0000          .          
Nipissing.Algonquin.Pulpwood.2030        -INF             .            20.0000          .          
Algonquin.TroutLake.CLT     .2020        -INF             .            20.0000          .          
Algonquin.TroutLake.CLT     .2021        -INF             .            20.0000          .          
Algonquin.TroutLake.CLT     .2022        -INF             .            20.0000          .          
Algonquin.TroutLake.CLT     .2023        -INF             .            20.0000          .          
Algonquin.TroutLake.CLT     .2024        -INF             .            20.0000          .          
Algonquin.TroutLake.CLT     .2025        -INF             .            20.0000          .          
Algonquin.TroutLake.CLT     .2026        -INF             .            20.0000          .          
Algonquin.TroutLake.CLT     .2027        -INF             .            20.0000          .          
Algonquin.TroutLake.CLT     .2028        -INF             .            20.0000          .          
Algonquin.TroutLake.CLT     .2029        -INF             .            20.0000          .          
Algonquin.TroutLake.CLT     .2030        -INF             .            20.0000          .          
Algonquin.TroutLake.Glulam  .2020        -INF             .            20.0000          .          
Algonquin.TroutLake.Glulam  .2021        -INF             .            20.0000          .          
Algonquin.TroutLake.Glulam  .2022        -INF             .            20.0000          .          
Algonquin.TroutLake.Glulam  .2023        -INF             .            20.0000          .          
Algonquin.TroutLake.Glulam  .2024        -INF             .            20.0000          .          
Algonquin.TroutLake.Glulam  .2025        -INF             .            20.0000          .          
Algonquin.TroutLake.Glulam  .2026        -INF             .            20.0000          .          
Algonquin.TroutLake.Glulam  .2027        -INF             .            20.0000          .          
Algonquin.TroutLake.Glulam  .2028        -INF             .            20.0000          .          
Algonquin.TroutLake.Glulam  .2029        -INF             .            20.0000          .          
Algonquin.TroutLake.Glulam  .2030        -INF             .            20.0000          .          
Algonquin.TroutLake.Lumber  .2020        -INF             .            20.0000          .          
Algonquin.TroutLake.Lumber  .2021        -INF             .            20.0000          .          
Algonquin.TroutLake.Lumber  .2022        -INF             .            20.0000          .          
Algonquin.TroutLake.Lumber  .2023        -INF             .            20.0000          .          
Algonquin.TroutLake.Lumber  .2024        -INF             .            20.0000          .          
Algonquin.TroutLake.Lumber  .2025        -INF             .            20.0000          .          
Algonquin.TroutLake.Lumber  .2026        -INF             .            20.0000          .          
Algonquin.TroutLake.Lumber  .2027        -INF             .            20.0000          .          
Algonquin.TroutLake.Lumber  .2028        -INF             .            20.0000          .          
Algonquin.TroutLake.Lumber  .2029        -INF             .            20.0000          .          
Algonquin.TroutLake.Lumber  .2030        -INF             .            20.0000          .          
Algonquin.TroutLake.Pulpwood.2020        -INF             .            20.0000          .          
Algonquin.TroutLake.Pulpwood.2021        -INF             .            20.0000          .          
Algonquin.TroutLake.Pulpwood.2022        -INF             .            20.0000          .          
Algonquin.TroutLake.Pulpwood.2023        -INF             .            20.0000          .          
Algonquin.TroutLake.Pulpwood.2024        -INF             .            20.0000          .          
Algonquin.TroutLake.Pulpwood.2025        -INF             .            20.0000          .          
Algonquin.TroutLake.Pulpwood.2026        -INF             .            20.0000          .          
Algonquin.TroutLake.Pulpwood.2027        -INF             .            20.0000          .          
Algonquin.TroutLake.Pulpwood.2028        -INF             .            20.0000          .          
Algonquin.TroutLake.Pulpwood.2029        -INF             .            20.0000          .          
Algonquin.TroutLake.Pulpwood.2030        -INF             .            20.0000          .          
Algonquin.Abitibi  .CLT     .2020        -INF             .            20.0000          .          
Algonquin.Abitibi  .CLT     .2021        -INF             .            20.0000          .          
Algonquin.Abitibi  .CLT     .2022        -INF             .            20.0000          .          
Algonquin.Abitibi  .CLT     .2023        -INF             .            20.0000          .          
Algonquin.Abitibi  .CLT     .2024        -INF             .            20.0000          .          
Algonquin.Abitibi  .CLT     .2025        -INF             .            20.0000          .          
Algonquin.Abitibi  .CLT     .2026        -INF             .            20.0000          .          
Algonquin.Abitibi  .CLT     .2027        -INF             .            20.0000          .          
Algonquin.Abitibi  .CLT     .2028        -INF             .            20.0000          .          
Algonquin.Abitibi  .CLT     .2029        -INF             .            20.0000          .          
Algonquin.Abitibi  .CLT     .2030        -INF             .            20.0000          .          
Algonquin.Abitibi  .Glulam  .2020        -INF             .            20.0000          .          
Algonquin.Abitibi  .Glulam  .2021        -INF             .            20.0000          .          
Algonquin.Abitibi  .Glulam  .2022        -INF             .            20.0000          .          
Algonquin.Abitibi  .Glulam  .2023        -INF             .            20.0000          .          
Algonquin.Abitibi  .Glulam  .2024        -INF             .            20.0000          .          
Algonquin.Abitibi  .Glulam  .2025        -INF             .            20.0000          .          
Algonquin.Abitibi  .Glulam  .2026        -INF             .            20.0000          .          
Algonquin.Abitibi  .Glulam  .2027        -INF             .            20.0000          .          
Algonquin.Abitibi  .Glulam  .2028        -INF             .            20.0000          .          
Algonquin.Abitibi  .Glulam  .2029        -INF             .            20.0000          .          
Algonquin.Abitibi  .Glulam  .2030        -INF             .            20.0000          .          
Algonquin.Abitibi  .Lumber  .2020        -INF             .            20.0000          .          
Algonquin.Abitibi  .Lumber  .2021        -INF             .            20.0000          .          
Algonquin.Abitibi  .Lumber  .2022        -INF             .            20.0000          .          
Algonquin.Abitibi  .Lumber  .2023        -INF             .            20.0000          .          
Algonquin.Abitibi  .Lumber  .2024        -INF             .            20.0000          .          
Algonquin.Abitibi  .Lumber  .2025        -INF             .            20.0000          .          
Algonquin.Abitibi  .Lumber  .2026        -INF             .            20.0000          .          
Algonquin.Abitibi  .Lumber  .2027        -INF             .            20.0000          .          
Algonquin.Abitibi  .Lumber  .2028        -INF             .            20.0000          .          
Algonquin.Abitibi  .Lumber  .2029        -INF             .            20.0000          .          
Algonquin.Abitibi  .Lumber  .2030        -INF             .            20.0000          .          
Algonquin.Abitibi  .Pulpwood.2020        -INF             .            20.0000          .          
Algonquin.Abitibi  .Pulpwood.2021        -INF             .            20.0000          .          
Algonquin.Abitibi  .Pulpwood.2022        -INF             .            20.0000          .          
Algonquin.Abitibi  .Pulpwood.2023        -INF             .            20.0000          .          
Algonquin.Abitibi  .Pulpwood.2024        -INF             .            20.0000          .          
Algonquin.Abitibi  .Pulpwood.2025        -INF             .            20.0000          .          
Algonquin.Abitibi  .Pulpwood.2026        -INF             .            20.0000          .          
Algonquin.Abitibi  .Pulpwood.2027        -INF             .            20.0000          .          
Algonquin.Abitibi  .Pulpwood.2028        -INF             .            20.0000          .          
Algonquin.Abitibi  .Pulpwood.2029        -INF             .            20.0000          .          
Algonquin.Abitibi  .Pulpwood.2030        -INF             .            20.0000          .          
Algonquin.Algoma   .CLT     .2020        -INF             .            20.0000          .          
Algonquin.Algoma   .CLT     .2021        -INF             .            20.0000          .          
Algonquin.Algoma   .CLT     .2022        -INF             .            20.0000          .          
Algonquin.Algoma   .CLT     .2023        -INF             .            20.0000          .          
Algonquin.Algoma   .CLT     .2024        -INF             .            20.0000          .          
Algonquin.Algoma   .CLT     .2025        -INF             .            20.0000          .          
Algonquin.Algoma   .CLT     .2026        -INF             .            20.0000          .          
Algonquin.Algoma   .CLT     .2027        -INF             .            20.0000          .          
Algonquin.Algoma   .CLT     .2028        -INF             .            20.0000          .          
Algonquin.Algoma   .CLT     .2029        -INF             .            20.0000          .          
Algonquin.Algoma   .CLT     .2030        -INF             .            20.0000          .          
Algonquin.Algoma   .Glulam  .2020        -INF             .            20.0000          .          
Algonquin.Algoma   .Glulam  .2021        -INF             .            20.0000          .          
Algonquin.Algoma   .Glulam  .2022        -INF             .            20.0000          .          
Algonquin.Algoma   .Glulam  .2023        -INF             .            20.0000          .          
Algonquin.Algoma   .Glulam  .2024        -INF             .            20.0000          .          
Algonquin.Algoma   .Glulam  .2025        -INF             .            20.0000          .          
Algonquin.Algoma   .Glulam  .2026        -INF             .            20.0000          .          
Algonquin.Algoma   .Glulam  .2027        -INF             .            20.0000          .          
Algonquin.Algoma   .Glulam  .2028        -INF             .            20.0000          .          
Algonquin.Algoma   .Glulam  .2029        -INF             .            20.0000          .          
Algonquin.Algoma   .Glulam  .2030        -INF             .            20.0000          .          
Algonquin.Algoma   .Lumber  .2020        -INF             .            20.0000          .          
Algonquin.Algoma   .Lumber  .2021        -INF             .            20.0000          .          
Algonquin.Algoma   .Lumber  .2022        -INF             .            20.0000          .          
Algonquin.Algoma   .Lumber  .2023        -INF             .            20.0000          .          
Algonquin.Algoma   .Lumber  .2024        -INF             .            20.0000          .          
Algonquin.Algoma   .Lumber  .2025        -INF             .            20.0000          .          
Algonquin.Algoma   .Lumber  .2026        -INF             .            20.0000          .          
Algonquin.Algoma   .Lumber  .2027        -INF             .            20.0000          .          
Algonquin.Algoma   .Lumber  .2028        -INF             .            20.0000          .          
Algonquin.Algoma   .Lumber  .2029        -INF             .            20.0000          .          
Algonquin.Algoma   .Lumber  .2030        -INF             .            20.0000          .          
Algonquin.Algoma   .Pulpwood.2020        -INF             .            20.0000          .          
Algonquin.Algoma   .Pulpwood.2021        -INF             .            20.0000          .          
Algonquin.Algoma   .Pulpwood.2022        -INF             .            20.0000          .          
Algonquin.Algoma   .Pulpwood.2023        -INF             .            20.0000          .          
Algonquin.Algoma   .Pulpwood.2024        -INF             .            20.0000          .          
Algonquin.Algoma   .Pulpwood.2025        -INF             .            20.0000          .          
Algonquin.Algoma   .Pulpwood.2026        -INF             .            20.0000          .          
Algonquin.Algoma   .Pulpwood.2027        -INF             .            20.0000          .          
Algonquin.Algoma   .Pulpwood.2028        -INF             .            20.0000          .          
Algonquin.Algoma   .Pulpwood.2029        -INF             .            20.0000          .          
Algonquin.Algoma   .Pulpwood.2030        -INF             .            20.0000          .          
Algonquin.Kenora   .CLT     .2020        -INF             .            20.0000          .          
Algonquin.Kenora   .CLT     .2021        -INF             .            20.0000          .          
Algonquin.Kenora   .CLT     .2022        -INF             .            20.0000          .          
Algonquin.Kenora   .CLT     .2023        -INF             .            20.0000          .          
Algonquin.Kenora   .CLT     .2024        -INF             .            20.0000          .          
Algonquin.Kenora   .CLT     .2025        -INF             .            20.0000          .          
Algonquin.Kenora   .CLT     .2026        -INF             .            20.0000          .          
Algonquin.Kenora   .CLT     .2027        -INF             .            20.0000          .          
Algonquin.Kenora   .CLT     .2028        -INF             .            20.0000          .          
Algonquin.Kenora   .CLT     .2029        -INF             .            20.0000          .          
Algonquin.Kenora   .CLT     .2030        -INF             .            20.0000          .          
Algonquin.Kenora   .Glulam  .2020        -INF             .            20.0000          .          
Algonquin.Kenora   .Glulam  .2021        -INF             .            20.0000          .          
Algonquin.Kenora   .Glulam  .2022        -INF             .            20.0000          .          
Algonquin.Kenora   .Glulam  .2023        -INF             .            20.0000          .          
Algonquin.Kenora   .Glulam  .2024        -INF             .            20.0000          .          
Algonquin.Kenora   .Glulam  .2025        -INF             .            20.0000          .          
Algonquin.Kenora   .Glulam  .2026        -INF             .            20.0000          .          
Algonquin.Kenora   .Glulam  .2027        -INF             .            20.0000          .          
Algonquin.Kenora   .Glulam  .2028        -INF             .            20.0000          .          
Algonquin.Kenora   .Glulam  .2029        -INF             .            20.0000          .          
Algonquin.Kenora   .Glulam  .2030        -INF             .            20.0000          .          
Algonquin.Kenora   .Lumber  .2020        -INF             .            20.0000          .          
Algonquin.Kenora   .Lumber  .2021        -INF             .            20.0000          .          
Algonquin.Kenora   .Lumber  .2022        -INF             .            20.0000          .          
Algonquin.Kenora   .Lumber  .2023        -INF             .            20.0000          .          
Algonquin.Kenora   .Lumber  .2024        -INF             .            20.0000          .          
Algonquin.Kenora   .Lumber  .2025        -INF             .            20.0000          .          
Algonquin.Kenora   .Lumber  .2026        -INF             .            20.0000          .          
Algonquin.Kenora   .Lumber  .2027        -INF             .            20.0000          .          
Algonquin.Kenora   .Lumber  .2028        -INF             .            20.0000          .          
Algonquin.Kenora   .Lumber  .2029        -INF             .            20.0000          .          
Algonquin.Kenora   .Lumber  .2030        -INF             .            20.0000          .          
Algonquin.Kenora   .Pulpwood.2020        -INF             .            20.0000          .          
Algonquin.Kenora   .Pulpwood.2021        -INF             .            20.0000          .          
Algonquin.Kenora   .Pulpwood.2022        -INF             .            20.0000          .          
Algonquin.Kenora   .Pulpwood.2023        -INF             .            20.0000          .          
Algonquin.Kenora   .Pulpwood.2024        -INF             .            20.0000          .          
Algonquin.Kenora   .Pulpwood.2025        -INF             .            20.0000          .          
Algonquin.Kenora   .Pulpwood.2026        -INF             .            20.0000          .          
Algonquin.Kenora   .Pulpwood.2027        -INF             .            20.0000          .          
Algonquin.Kenora   .Pulpwood.2028        -INF             .            20.0000          .          
Algonquin.Kenora   .Pulpwood.2029        -INF             .            20.0000          .          
Algonquin.Kenora   .Pulpwood.2030        -INF             .            20.0000          .          
Algonquin.Nipissing.CLT     .2020        -INF             .            20.0000          .          
Algonquin.Nipissing.CLT     .2021        -INF             .            20.0000          .          
Algonquin.Nipissing.CLT     .2022        -INF             .            20.0000          .          
Algonquin.Nipissing.CLT     .2023        -INF             .            20.0000          .          
Algonquin.Nipissing.CLT     .2024        -INF             .            20.0000          .          
Algonquin.Nipissing.CLT     .2025        -INF             .            20.0000          .          
Algonquin.Nipissing.CLT     .2026        -INF             .            20.0000          .          
Algonquin.Nipissing.CLT     .2027        -INF             .            20.0000          .          
Algonquin.Nipissing.CLT     .2028        -INF             .            20.0000          .          
Algonquin.Nipissing.CLT     .2029        -INF             .            20.0000          .          
Algonquin.Nipissing.CLT     .2030        -INF             .            20.0000          .          
Algonquin.Nipissing.Glulam  .2020        -INF             .            20.0000          .          
Algonquin.Nipissing.Glulam  .2021        -INF             .            20.0000          .          
Algonquin.Nipissing.Glulam  .2022        -INF             .            20.0000          .          
Algonquin.Nipissing.Glulam  .2023        -INF             .            20.0000          .          
Algonquin.Nipissing.Glulam  .2024        -INF             .            20.0000          .          
Algonquin.Nipissing.Glulam  .2025        -INF             .            20.0000          .          
Algonquin.Nipissing.Glulam  .2026        -INF             .            20.0000          .          
Algonquin.Nipissing.Glulam  .2027        -INF             .            20.0000          .          
Algonquin.Nipissing.Glulam  .2028        -INF             .            20.0000          .          
Algonquin.Nipissing.Glulam  .2029        -INF             .            20.0000          .          
Algonquin.Nipissing.Glulam  .2030        -INF             .            20.0000          .          
Algonquin.Nipissing.Lumber  .2020        -INF             .            20.0000          .          
Algonquin.Nipissing.Lumber  .2021        -INF             .            20.0000          .          
Algonquin.Nipissing.Lumber  .2022        -INF             .            20.0000          .          
Algonquin.Nipissing.Lumber  .2023        -INF             .            20.0000          .          
Algonquin.Nipissing.Lumber  .2024        -INF             .            20.0000          .          
Algonquin.Nipissing.Lumber  .2025        -INF             .            20.0000          .          
Algonquin.Nipissing.Lumber  .2026        -INF             .            20.0000          .          
Algonquin.Nipissing.Lumber  .2027        -INF             .            20.0000          .          
Algonquin.Nipissing.Lumber  .2028        -INF             .            20.0000          .          
Algonquin.Nipissing.Lumber  .2029        -INF             .            20.0000          .          
Algonquin.Nipissing.Lumber  .2030        -INF             .            20.0000          .          
Algonquin.Nipissing.Pulpwood.2020        -INF             .            20.0000          .          
Algonquin.Nipissing.Pulpwood.2021        -INF             .            20.0000          .          
Algonquin.Nipissing.Pulpwood.2022        -INF             .            20.0000          .          
Algonquin.Nipissing.Pulpwood.2023        -INF             .            20.0000          .          
Algonquin.Nipissing.Pulpwood.2024        -INF             .            20.0000          .          
Algonquin.Nipissing.Pulpwood.2025        -INF             .            20.0000          .          
Algonquin.Nipissing.Pulpwood.2026        -INF             .            20.0000          .          
Algonquin.Nipissing.Pulpwood.2027        -INF             .            20.0000          .          
Algonquin.Nipissing.Pulpwood.2028        -INF             .            20.0000          .          
Algonquin.Nipissing.Pulpwood.2029        -INF             .            20.0000          .          
Algonquin.Nipissing.Pulpwood.2030        -INF             .            20.0000          .          

---- EQU lumberBalance  

                      LOWER          LEVEL          UPPER         MARGINAL

TroutLake.2020          .              .              .          -170.5003      
TroutLake.2021          .              .              .          -173.7709      
TroutLake.2022          .              .              .          -168.9456      
TroutLake.2023          .              .              .          -164.5360      
TroutLake.2024          .              .              .          -162.2017      
TroutLake.2025          .              .              .          -159.4125      
TroutLake.2026          .              .              .          -158.3052      
TroutLake.2027          .              .              .          -160.4558      
TroutLake.2028          .              .              .          -151.7083      
TroutLake.2029          .              .              .          -153.3237      
TroutLake.2030          .              .              .          -155.5273      
Abitibi  .2020          .              .              .          -173.9371      
Abitibi  .2021          .              .              .          -175.0196      
Abitibi  .2022          .              .              .          -170.7348      
Abitibi  .2023          .              .              .          -163.0967      
Abitibi  .2024          .              .              .          -165.1362      
Abitibi  .2025          .              .              .          -158.8675      
Abitibi  .2026          .              .              .          -157.4629      
Abitibi  .2027          .              .              .          -158.8738      
Abitibi  .2028          .              .              .          -154.8179      
Abitibi  .2029          .              .              .          -152.1372      
Abitibi  .2030          .              .              .          -150.0665      
Algoma   .2020          .              .              .          -170.1604      
Algoma   .2021          .              .              .          -167.9175      
Algoma   .2022          .              .              .          -169.2727      
Algoma   .2023          .              .              .          -169.0095      
Algoma   .2024          .              .              .          -161.6833      
Algoma   .2025          .              .              .          -163.1423      
Algoma   .2026          .              .              .          -161.9028      
Algoma   .2027          .              .              .          -155.7893      
Algoma   .2028          .              .              .          -152.0746      
Algoma   .2029          .              .              .          -153.3421      
Algoma   .2030          .              .              .          -148.4513      
Kenora   .2020          .              .              .          -176.4175      
Kenora   .2021          .              .              .          -168.8887      
Kenora   .2022          .              .              .          -166.7115      
Kenora   .2023          .              .              .          -167.0087      
Kenora   .2024          .              .              .          -165.8371      
Kenora   .2025          .              .              .          -162.8257      
Kenora   .2026          .              .              .          -159.2676      
Kenora   .2027          .              .              .          -156.7152      
Kenora   .2028          .              .              .          -152.1354      
Kenora   .2029          .              .              .          -151.7531      
Kenora   .2030          .              .              .          -147.4918      
Nipissing.2020          .              .              .          -171.9089      
Nipissing.2021          .              .              .          -168.1877      
Nipissing.2022          .              .              .          -169.7508      
Nipissing.2023          .              .              .          -166.7282      
Nipissing.2024          .              .              .          -166.2361      
Nipissing.2025          .              .              .          -160.0353      
Nipissing.2026          .              .              .          -160.9338      
Nipissing.2027          .              .              .          -159.6076      
Nipissing.2028          .              .              .          -156.4400      
Nipissing.2029          .              .              .          -151.4968      
Nipissing.2030          .              .              .          -147.8285      
Algonquin.2020          .              .              .          -169.9157      
Algonquin.2021          .              .              .          -172.0650      
Algonquin.2022          .              .              .          -168.9028      
Algonquin.2023          .              .              .          -162.2592      
Algonquin.2024          .              .              .          -166.4252      
Algonquin.2025          .              .              .          -158.1350      
Algonquin.2026          .              .              .          -156.8344      
Algonquin.2027          .              .              .          -157.6637      
Algonquin.2028          .              .              .          -157.4766      
Algonquin.2029          .              .              .          -150.6039      
Algonquin.2030          .              .              .          -147.3870      

---- EQU pulpwoodBalance  

                      LOWER          LEVEL          UPPER         MARGINAL

TroutLake.2020          .              .              .           -57.9299      
TroutLake.2021          .              .              .           -62.7376      
TroutLake.2022          .              .              .           -60.0742      
TroutLake.2023          .              .              .           -57.7572      
TroutLake.2024          .              .              .           -57.3115      
TroutLake.2025          .              .              .           -56.4139      
TroutLake.2026          .              .              .           -57.0278      
TroutLake.2027          .              .              .           -60.6009      
TroutLake.2028          .              .              .           -54.1337      
TroutLake.2029          .              .              .           -57.1521      
TroutLake.2030          .              .              .           -60.6799      
Abitibi  .2020          .              .              .           -61.0861      
Abitibi  .2021          .              .              .           -63.8843      
Abitibi  .2022          .              .              .           -61.7173      
Abitibi  .2023          .              .              .           -56.4353      
Abitibi  .2024          .              .              .           -60.0064      
Abitibi  .2025          .              .              .           -55.9135      
Abitibi  .2026          .              .              .           -56.2542      
Abitibi  .2027          .              .              .           -59.1481      
Abitibi  .2028          .              .              .           -56.9895      
Abitibi  .2029          .              .              .           -56.0624      
Abitibi  .2030          .              .              .           -55.6649      
Algoma   .2020          .              .              .           -57.6177      
Algoma   .2021          .              .              .           -57.3620      
Algoma   .2022          .              .              .           -60.3746      
Algoma   .2023          .              .              .           -61.8655      
Algoma   .2024          .              .              .           -56.8353      
Algoma   .2025          .              .              .           -59.8392      
Algoma   .2026          .              .              .           -60.3317      
Algoma   .2027          .              .              .           -56.3154      
Algoma   .2028          .              .              .           -54.4701      
Algoma   .2029          .              .              .           -57.1690      
Algoma   .2030          .              .              .           -54.1816      
Kenora   .2020          .              .              .           -63.3640      
Kenora   .2021          .              .              .           -58.2539      
Kenora   .2022          .              .              .           -58.0225      
Kenora   .2023          .              .              .           -60.0280      
Kenora   .2024          .              .              .           -60.6501      
Kenora   .2025          .              .              .           -59.5485      
Kenora   .2026          .              .              .           -57.9116      
Kenora   .2027          .              .              .           -57.1657      
Kenora   .2028          .              .              .           -54.5260      
Kenora   .2029          .              .              .           -55.7097      
Kenora   .2030          .              .              .           -53.3004      
Nipissing.2020          .              .              .           -59.2235      
Nipissing.2021          .              .              .           -57.6102      
Nipissing.2022          .              .              .           -60.8136      
Nipissing.2023          .              .              .           -59.7704      
Nipissing.2024          .              .              .           -61.0165      
Nipissing.2025          .              .              .           -56.9859      
Nipissing.2026          .              .              .           -59.4418      
Nipissing.2027          .              .              .           -59.8219      
Nipissing.2028          .              .              .           -58.4791      
Nipissing.2029          .              .              .           -55.4743      
Nipissing.2030          .              .              .           -53.6096      
Algonquin.2020          .              .              .           -57.3930      
Algonquin.2021          .              .              .           -61.1709      
Algonquin.2022          .              .              .           -60.0349      
Algonquin.2023          .              .              .           -55.6663      
Algonquin.2024          .              .              .           -61.1902      
Algonquin.2025          .              .              .           -55.2407      
Algonquin.2026          .              .              .           -55.6771      
Algonquin.2027          .              .              .           -58.0368      
Algonquin.2028          .              .              .           -59.4312      
Algonquin.2029          .              .              .           -54.6543      
Algonquin.2030          .              .              .           -53.2042      

---- EQU cltBalance  

                      LOWER          LEVEL          UPPER         MARGINAL

TroutLake.2020          .              .              .          -430.1004      
TroutLake.2021          .              .              .          -430.0251      
TroutLake.2022          .              .              .          -420.3147      
TroutLake.2023          .              .              .          -411.1816      
TroutLake.2024          .              .              .          -404.6157      
TroutLake.2025          .              .              .          -397.5792      
TroutLake.2026          .              .              .          -392.6347      
TroutLake.2027          .              .              .          -391.6721      
TroutLake.2028          .              .              .          -377.7026      
TroutLake.2029          .              .              .          -376.2380      
TroutLake.2030          .              .              .          -375.5473      
Abitibi  .2020          .              .              .          -434.2245      
Abitibi  .2021          .              .              .          -431.5235      
Abitibi  .2022          .              .              .          -422.4617      
Abitibi  .2023          .              .              .          -409.4544      
Abitibi  .2024          .              .              .          -408.1371      
Abitibi  .2025          .              .              .          -396.9252      
Abitibi  .2026          .              .              .          -391.6239      
Abitibi  .2027          .              .              .          -389.7737      
Abitibi  .2028          .              .              .          -381.4341      
Abitibi  .2029          .              .              .          -374.8142      
Abitibi  .2030          .              .              .          -368.9943      
Algoma   .2020          .              .              .          -429.6924      
Algoma   .2021          .              .              .          -423.0010      
Algoma   .2022          .              .              .          -420.7073      
Algoma   .2023          .              .              .          -416.5498      
Algoma   .2024          .              .              .          -403.9936      
Algoma   .2025          .              .              .          -402.0549      
Algoma   .2026          .              .              .          -396.9518      
Algoma   .2027          .              .              .          -386.0723      
Algoma   .2028          .              .              .          -378.1421      
Algoma   .2029          .              .              .          -376.2601      
Algoma   .2030          .              .              .          -367.0561      
Kenora   .2020          .              .              .          -437.2010      
Kenora   .2021          .              .              .          -424.1665      
Kenora   .2022          .              .              .          -417.6339      
Kenora   .2023          .              .              .          -414.1488      
Kenora   .2024          .              .              .          -408.9782      
Kenora   .2025          .              .              .          -401.6750      
Kenora   .2026          .              .              .          -393.7896      
Kenora   .2027          .              .              .          -387.1834      
Kenora   .2028          .              .              .          -378.2151      
Kenora   .2029          .              .              .          -374.3532      
Kenora   .2030          .              .              .          -365.9048      
Nipissing.2020          .              .              .          -431.7906      
Nipissing.2021          .              .              .          -423.3253      
Nipissing.2022          .              .              .          -421.2810      
Nipissing.2023          .              .              .          -413.8123      
Nipissing.2024          .              .              .          -409.4569      
Nipissing.2025          .              .              .          -398.3265      
Nipissing.2026          .              .              .          -395.7890      
Nipissing.2027          .              .              .          -390.6542      
Nipissing.2028          .              .              .          -383.3806      
Nipissing.2029          .              .              .          -374.0457      
Nipissing.2030          .              .              .          -366.3088      
Algonquin.2020          .              .              .          -429.3988      
Algonquin.2021          .              .              .          -427.9780      
Algonquin.2022          .              .              .          -420.2634      
Algonquin.2023          .              .              .          -408.4495      
Algonquin.2024          .              .              .          -409.6839      
Algonquin.2025          .              .              .          -396.0461      
Algonquin.2026          .              .              .          -390.8698      
Algonquin.2027          .              .              .          -388.3216      
Algonquin.2028          .              .              .          -384.6246      
Algonquin.2029          .              .              .          -372.9742      
Algonquin.2030          .              .              .          -365.7790      

---- EQU glulamBalance  

                      LOWER          LEVEL          UPPER         MARGINAL

TroutLake.2020          .              .              .          -386.4503      
TroutLake.2021          .              .              .          -386.6480      
TroutLake.2022          .              .              .          -378.0082      
TroutLake.2023          .              .              .          -369.8922      
TroutLake.2024          .              .              .          -364.1245      
TroutLake.2025          .              .              .          -357.9203      
TroutLake.2026          .              .              .          -353.6289      
TroutLake.2027          .              .              .          -352.9827      
TroutLake.2028          .              .              .          -340.4088      
TroutLake.2029          .              .              .          -339.2932      
TroutLake.2030          .              .              .          -338.8824      
Abitibi  .2020          .              .              .          -390.2308      
Abitibi  .2021          .              .              .          -388.0215      
Abitibi  .2022          .              .              .          -379.9763      
Abitibi  .2023          .              .              .          -368.3090      
Abitibi  .2024          .              .              .          -367.3525      
Abitibi  .2025          .              .              .          -357.3208      
Abitibi  .2026          .              .              .          -352.7024      
Abitibi  .2027          .              .              .          -351.2425      
Abitibi  .2028          .              .              .          -343.8294      
Abitibi  .2029          .              .              .          -337.9880      
Abitibi  .2030          .              .              .          -332.8755      
Algoma   .2020          .              .              .          -386.0764      
Algoma   .2021          .              .              .          -380.2093      
Algoma   .2022          .              .              .          -378.3680      
Algoma   .2023          .              .              .          -374.8131      
Algoma   .2024          .              .              .          -363.5542      
Algoma   .2025          .              .              .          -362.0230      
Algoma   .2026          .              .              .          -357.5863      
Algoma   .2027          .              .              .          -347.8496      
Algoma   .2028          .              .              .          -340.8118      
Algoma   .2029          .              .              .          -339.3134      
Algoma   .2030          .              .              .          -331.0988      
Kenora   .2020          .              .              .          -392.9592      
Kenora   .2021          .              .              .          -381.2776      
Kenora   .2022          .              .              .          -375.5507      
Kenora   .2023          .              .              .          -372.6122      
Kenora   .2024          .              .              .          -368.1234      
Kenora   .2025          .              .              .          -361.6748      
Kenora   .2026          .              .              .          -354.6876      
Kenora   .2027          .              .              .          -348.8681      
Kenora   .2028          .              .              .          -340.8787      
Kenora   .2029          .              .              .          -337.5655      
Kenora   .2030          .              .              .          -330.0434      
Nipissing.2020          .              .              .          -387.9998      
Nipissing.2021          .              .              .          -380.5065      
Nipissing.2022          .              .              .          -378.8939      
Nipissing.2023          .              .              .          -372.3037      
Nipissing.2024          .              .              .          -368.5623      
Nipissing.2025          .              .              .          -358.6054      
Nipissing.2026          .              .              .          -356.5203      
Nipissing.2027          .              .              .          -352.0497      
Nipissing.2028          .              .              .          -345.6137      
Nipissing.2029          .              .              .          -337.2836      
Nipissing.2030          .              .              .          -330.4138      
Algonquin.2020          .              .              .          -385.8072      
Algonquin.2021          .              .              .          -384.7715      
Algonquin.2022          .              .              .          -377.9611      
Algonquin.2023          .              .              .          -367.3878      
Algonquin.2024          .              .              .          -368.7703      
Algonquin.2025          .              .              .          -356.5150      
Algonquin.2026          .              .              .          -352.0111      
Algonquin.2027          .              .              .          -349.9115      
Algonquin.2028          .              .              .          -346.7540      
Algonquin.2029          .              .              .          -336.3014      
Algonquin.2030          .              .              .          -329.9281      

---- EQU carbonStoreEq  

                               LOWER          LEVEL          UPPER         MARGINAL

TroutLake.CLT     .2020          .              .              .             EPS         
TroutLake.CLT     .2021          .              .              .             EPS         
TroutLake.CLT     .2022          .              .              .             EPS         
TroutLake.CLT     .2023          .              .              .             EPS         
TroutLake.CLT     .2024          .              .              .             EPS         
TroutLake.CLT     .2025          .              .              .             EPS         
TroutLake.CLT     .2026          .              .              .             EPS         
TroutLake.CLT     .2027          .              .              .             EPS         
TroutLake.CLT     .2028          .              .              .             EPS         
TroutLake.CLT     .2029          .              .              .             EPS         
TroutLake.CLT     .2030          .              .              .             EPS         
TroutLake.Glulam  .2020          .              .              .             EPS         
TroutLake.Glulam  .2021          .              .              .             EPS         
TroutLake.Glulam  .2022          .              .              .             EPS         
TroutLake.Glulam  .2023          .              .              .             EPS         
TroutLake.Glulam  .2024          .              .              .             EPS         
TroutLake.Glulam  .2025          .              .              .             EPS         
TroutLake.Glulam  .2026          .              .              .             EPS         
TroutLake.Glulam  .2027          .              .              .             EPS         
TroutLake.Glulam  .2028          .              .              .             EPS         
TroutLake.Glulam  .2029          .              .              .             EPS         
TroutLake.Glulam  .2030          .              .              .             EPS         
TroutLake.Lumber  .2020          .              .              .             EPS         
TroutLake.Lumber  .2021          .              .              .             EPS         
TroutLake.Lumber  .2022          .              .              .             EPS         
TroutLake.Lumber  .2023          .              .              .             EPS         
TroutLake.Lumber  .2024          .              .              .             EPS         
TroutLake.Lumber  .2025          .              .              .             EPS         
TroutLake.Lumber  .2026          .              .              .             EPS         
TroutLake.Lumber  .2027          .              .              .             EPS         
TroutLake.Lumber  .2028          .              .              .             EPS         
TroutLake.Lumber  .2029          .              .              .             EPS         
TroutLake.Lumber  .2030          .              .              .             EPS         
TroutLake.Pulpwood.2020          .              .              .             EPS         
TroutLake.Pulpwood.2021          .              .              .             EPS         
TroutLake.Pulpwood.2022          .              .              .             EPS         
TroutLake.Pulpwood.2023          .              .              .             EPS         
TroutLake.Pulpwood.2024          .              .              .             EPS         
TroutLake.Pulpwood.2025          .              .              .             EPS         
TroutLake.Pulpwood.2026          .              .              .             EPS         
TroutLake.Pulpwood.2027          .              .              .             EPS         
TroutLake.Pulpwood.2028          .              .              .             EPS         
TroutLake.Pulpwood.2029          .              .              .             EPS         
TroutLake.Pulpwood.2030          .              .              .             EPS         
Abitibi  .CLT     .2020          .              .              .             EPS         
Abitibi  .CLT     .2021          .              .              .             EPS         
Abitibi  .CLT     .2022          .              .              .             EPS         
Abitibi  .CLT     .2023          .              .              .             EPS         
Abitibi  .CLT     .2024          .              .              .             EPS         
Abitibi  .CLT     .2025          .              .              .             EPS         
Abitibi  .CLT     .2026          .              .              .             EPS         
Abitibi  .CLT     .2027          .              .              .             EPS         
Abitibi  .CLT     .2028          .              .              .             EPS         
Abitibi  .CLT     .2029          .              .              .             EPS         
Abitibi  .CLT     .2030          .              .              .             EPS         
Abitibi  .Glulam  .2020          .              .              .             EPS         
Abitibi  .Glulam  .2021          .              .              .             EPS         
Abitibi  .Glulam  .2022          .              .              .             EPS         
Abitibi  .Glulam  .2023          .              .              .             EPS         
Abitibi  .Glulam  .2024          .              .              .             EPS         
Abitibi  .Glulam  .2025          .              .              .             EPS         
Abitibi  .Glulam  .2026          .              .              .             EPS         
Abitibi  .Glulam  .2027          .              .              .             EPS         
Abitibi  .Glulam  .2028          .              .              .             EPS         
Abitibi  .Glulam  .2029          .              .              .             EPS         
Abitibi  .Glulam  .2030          .              .              .             EPS         
Abitibi  .Lumber  .2020          .              .              .             EPS         
Abitibi  .Lumber  .2021          .              .              .             EPS         
Abitibi  .Lumber  .2022          .              .              .             EPS         
Abitibi  .Lumber  .2023          .              .              .             EPS         
Abitibi  .Lumber  .2024          .              .              .             EPS         
Abitibi  .Lumber  .2025          .              .              .             EPS         
Abitibi  .Lumber  .2026          .              .              .             EPS         
Abitibi  .Lumber  .2027          .              .              .             EPS         
Abitibi  .Lumber  .2028          .              .              .             EPS         
Abitibi  .Lumber  .2029          .              .              .             EPS         
Abitibi  .Lumber  .2030          .              .              .             EPS         
Abitibi  .Pulpwood.2020          .              .              .             EPS         
Abitibi  .Pulpwood.2021          .              .              .             EPS         
Abitibi  .Pulpwood.2022          .              .              .             EPS         
Abitibi  .Pulpwood.2023          .              .              .             EPS         
Abitibi  .Pulpwood.2024          .              .              .             EPS         
Abitibi  .Pulpwood.2025          .              .              .             EPS         
Abitibi  .Pulpwood.2026          .              .              .             EPS         
Abitibi  .Pulpwood.2027          .              .              .             EPS         
Abitibi  .Pulpwood.2028          .              .              .             EPS         
Abitibi  .Pulpwood.2029          .              .              .             EPS         
Abitibi  .Pulpwood.2030          .              .              .             EPS         
Algoma   .CLT     .2020          .              .              .             EPS         
Algoma   .CLT     .2021          .              .              .             EPS         
Algoma   .CLT     .2022          .              .              .             EPS         
Algoma   .CLT     .2023          .              .              .             EPS         
Algoma   .CLT     .2024          .              .              .             EPS         
Algoma   .CLT     .2025          .              .              .             EPS         
Algoma   .CLT     .2026          .              .              .             EPS         
Algoma   .CLT     .2027          .              .              .             EPS         
Algoma   .CLT     .2028          .              .              .             EPS         
Algoma   .CLT     .2029          .              .              .             EPS         
Algoma   .CLT     .2030          .              .              .             EPS         
Algoma   .Glulam  .2020          .              .              .             EPS         
Algoma   .Glulam  .2021          .              .              .             EPS         
Algoma   .Glulam  .2022          .              .              .             EPS         
Algoma   .Glulam  .2023          .              .              .             EPS         
Algoma   .Glulam  .2024          .              .              .             EPS         
Algoma   .Glulam  .2025          .              .              .             EPS         
Algoma   .Glulam  .2026          .              .              .             EPS         
Algoma   .Glulam  .2027          .              .              .             EPS         
Algoma   .Glulam  .2028          .              .              .             EPS         
Algoma   .Glulam  .2029          .              .              .             EPS         
Algoma   .Glulam  .2030          .              .              .             EPS         
Algoma   .Lumber  .2020          .              .              .             EPS         
Algoma   .Lumber  .2021          .              .              .             EPS         
Algoma   .Lumber  .2022          .              .              .             EPS         
Algoma   .Lumber  .2023          .              .              .             EPS         
Algoma   .Lumber  .2024          .              .              .             EPS         
Algoma   .Lumber  .2025          .              .              .             EPS         
Algoma   .Lumber  .2026          .              .              .             EPS         
Algoma   .Lumber  .2027          .              .              .             EPS         
Algoma   .Lumber  .2028          .              .              .             EPS         
Algoma   .Lumber  .2029          .              .              .             EPS         
Algoma   .Lumber  .2030          .              .              .             EPS         
Algoma   .Pulpwood.2020          .              .              .             EPS         
Algoma   .Pulpwood.2021          .              .              .             EPS         
Algoma   .Pulpwood.2022          .              .              .             EPS         
Algoma   .Pulpwood.2023          .              .              .             EPS         
Algoma   .Pulpwood.2024          .              .              .             EPS         
Algoma   .Pulpwood.2025          .              .              .             EPS         
Algoma   .Pulpwood.2026          .              .              .             EPS         
Algoma   .Pulpwood.2027          .              .              .             EPS         
Algoma   .Pulpwood.2028          .              .              .             EPS         
Algoma   .Pulpwood.2029          .              .              .             EPS         
Algoma   .Pulpwood.2030          .              .              .             EPS         
Kenora   .CLT     .2020          .              .              .             EPS         
Kenora   .CLT     .2021          .              .              .             EPS         
Kenora   .CLT     .2022          .              .              .             EPS         
Kenora   .CLT     .2023          .              .              .             EPS         
Kenora   .CLT     .2024          .              .              .             EPS         
Kenora   .CLT     .2025          .              .              .             EPS         
Kenora   .CLT     .2026          .              .              .             EPS         
Kenora   .CLT     .2027          .              .              .             EPS         
Kenora   .CLT     .2028          .              .              .             EPS         
Kenora   .CLT     .2029          .              .              .             EPS         
Kenora   .CLT     .2030          .              .              .             EPS         
Kenora   .Glulam  .2020          .              .              .             EPS         
Kenora   .Glulam  .2021          .              .              .             EPS         
Kenora   .Glulam  .2022          .              .              .             EPS         
Kenora   .Glulam  .2023          .              .              .             EPS         
Kenora   .Glulam  .2024          .              .              .             EPS         
Kenora   .Glulam  .2025          .              .              .             EPS         
Kenora   .Glulam  .2026          .              .              .             EPS         
Kenora   .Glulam  .2027          .              .              .             EPS         
Kenora   .Glulam  .2028          .              .              .             EPS         
Kenora   .Glulam  .2029          .              .              .             EPS         
Kenora   .Glulam  .2030          .              .              .             EPS         
Kenora   .Lumber  .2020          .              .              .             EPS         
Kenora   .Lumber  .2021          .              .              .             EPS         
Kenora   .Lumber  .2022          .              .              .             EPS         
Kenora   .Lumber  .2023          .              .              .             EPS         
Kenora   .Lumber  .2024          .              .              .             EPS         
Kenora   .Lumber  .2025          .              .              .             EPS         
Kenora   .Lumber  .2026          .              .              .             EPS         
Kenora   .Lumber  .2027          .              .              .             EPS         
Kenora   .Lumber  .2028          .              .              .             EPS         
Kenora   .Lumber  .2029          .              .              .             EPS         
Kenora   .Lumber  .2030          .              .              .             EPS         
Kenora   .Pulpwood.2020          .              .              .             EPS         
Kenora   .Pulpwood.2021          .              .              .             EPS         
Kenora   .Pulpwood.2022          .              .              .             EPS         
Kenora   .Pulpwood.2023          .              .              .             EPS         
Kenora   .Pulpwood.2024          .              .              .             EPS         
Kenora   .Pulpwood.2025          .              .              .             EPS         
Kenora   .Pulpwood.2026          .              .              .             EPS         
Kenora   .Pulpwood.2027          .              .              .             EPS         
Kenora   .Pulpwood.2028          .              .              .             EPS         
Kenora   .Pulpwood.2029          .              .              .             EPS         
Kenora   .Pulpwood.2030          .              .              .             EPS         
Nipissing.CLT     .2020          .              .              .             EPS         
Nipissing.CLT     .2021          .              .              .             EPS         
Nipissing.CLT     .2022          .              .              .             EPS         
Nipissing.CLT     .2023          .              .              .             EPS         
Nipissing.CLT     .2024          .              .              .             EPS         
Nipissing.CLT     .2025          .              .              .             EPS         
Nipissing.CLT     .2026          .              .              .             EPS         
Nipissing.CLT     .2027          .              .              .             EPS         
Nipissing.CLT     .2028          .              .              .             EPS         
Nipissing.CLT     .2029          .              .              .             EPS         
Nipissing.CLT     .2030          .              .              .             EPS         
Nipissing.Glulam  .2020          .              .              .             EPS         
Nipissing.Glulam  .2021          .              .              .             EPS         
Nipissing.Glulam  .2022          .              .              .             EPS         
Nipissing.Glulam  .2023          .              .              .             EPS         
Nipissing.Glulam  .2024          .              .              .             EPS         
Nipissing.Glulam  .2025          .              .              .             EPS         
Nipissing.Glulam  .2026          .              .              .             EPS         
Nipissing.Glulam  .2027          .              .              .             EPS         
Nipissing.Glulam  .2028          .              .              .             EPS         
Nipissing.Glulam  .2029          .              .              .             EPS         
Nipissing.Glulam  .2030          .              .              .             EPS         
Nipissing.Lumber  .2020          .              .              .             EPS         
Nipissing.Lumber  .2021          .              .              .             EPS         
Nipissing.Lumber  .2022          .              .              .             EPS         
Nipissing.Lumber  .2023          .              .              .             EPS         
Nipissing.Lumber  .2024          .              .              .             EPS         
Nipissing.Lumber  .2025          .              .              .             EPS         
Nipissing.Lumber  .2026          .              .              .             EPS         
Nipissing.Lumber  .2027          .              .              .             EPS         
Nipissing.Lumber  .2028          .              .              .             EPS         
Nipissing.Lumber  .2029          .              .              .             EPS         
Nipissing.Lumber  .2030          .              .              .             EPS         
Nipissing.Pulpwood.2020          .              .              .             EPS         
Nipissing.Pulpwood.2021          .              .              .             EPS         
Nipissing.Pulpwood.2022          .              .              .             EPS         
Nipissing.Pulpwood.2023          .              .              .             EPS         
Nipissing.Pulpwood.2024          .              .              .             EPS         
Nipissing.Pulpwood.2025          .              .              .             EPS         
Nipissing.Pulpwood.2026          .              .              .             EPS         
Nipissing.Pulpwood.2027          .              .              .             EPS         
Nipissing.Pulpwood.2028          .              .              .             EPS         
Nipissing.Pulpwood.2029          .              .              .             EPS         
Nipissing.Pulpwood.2030          .              .              .             EPS         
Algonquin.CLT     .2020          .              .              .             EPS         
Algonquin.CLT     .2021          .              .              .             EPS         
Algonquin.CLT     .2022          .              .              .             EPS         
Algonquin.CLT     .2023          .              .              .             EPS         
Algonquin.CLT     .2024          .              .              .             EPS         
Algonquin.CLT     .2025          .              .              .             EPS         
Algonquin.CLT     .2026          .              .              .             EPS         
Algonquin.CLT     .2027          .              .              .             EPS         
Algonquin.CLT     .2028          .              .              .             EPS         
Algonquin.CLT     .2029          .              .              .             EPS         
Algonquin.CLT     .2030          .              .              .             EPS         
Algonquin.Glulam  .2020          .              .              .             EPS         
Algonquin.Glulam  .2021          .              .              .             EPS         
Algonquin.Glulam  .2022          .              .              .             EPS         
Algonquin.Glulam  .2023          .              .              .             EPS         
Algonquin.Glulam  .2024          .              .              .             EPS         
Algonquin.Glulam  .2025          .              .              .             EPS         
Algonquin.Glulam  .2026          .              .              .             EPS         
Algonquin.Glulam  .2027          .              .              .             EPS         
Algonquin.Glulam  .2028          .              .              .             EPS         
Algonquin.Glulam  .2029          .              .              .             EPS         
Algonquin.Glulam  .2030          .              .              .             EPS         
Algonquin.Lumber  .2020          .              .              .             EPS         
Algonquin.Lumber  .2021          .              .              .             EPS         
Algonquin.Lumber  .2022          .              .              .             EPS         
Algonquin.Lumber  .2023          .              .              .             EPS         
Algonquin.Lumber  .2024          .              .              .             EPS         
Algonquin.Lumber  .2025          .              .              .             EPS         
Algonquin.Lumber  .2026          .              .              .             EPS         
Algonquin.Lumber  .2027          .              .              .             EPS         
Algonquin.Lumber  .2028          .              .              .             EPS         
Algonquin.Lumber  .2029          .              .              .             EPS         
Algonquin.Lumber  .2030          .              .              .             EPS         
Algonquin.Pulpwood.2020          .              .              .             EPS         
Algonquin.Pulpwood.2021          .              .              .             EPS         
Algonquin.Pulpwood.2022          .              .              .             EPS         
Algonquin.Pulpwood.2023          .              .              .             EPS         
Algonquin.Pulpwood.2024          .              .              .             EPS         
Algonquin.Pulpwood.2025          .              .              .             EPS         
Algonquin.Pulpwood.2026          .              .              .             EPS         
Algonquin.Pulpwood.2027          .              .              .             EPS         
Algonquin.Pulpwood.2028          .              .              .             EPS         
Algonquin.Pulpwood.2029          .              .              .             EPS         
Algonquin.Pulpwood.2030          .              .              .             EPS         

---- EQU carbonEmitEq  

                               LOWER          LEVEL          UPPER         MARGINAL

TroutLake.CLT     .2020          .              .              .          -170.0000      
TroutLake.CLT     .2021          .              .              .          -170.0000      
TroutLake.CLT     .2022          .              .              .          -170.0000      
TroutLake.CLT     .2023          .              .              .          -170.0000      
TroutLake.CLT     .2024          .              .              .          -170.0000      
TroutLake.CLT     .2025          .              .              .          -170.0000      
TroutLake.CLT     .2026          .              .              .          -170.0000      
TroutLake.CLT     .2027          .              .              .          -170.0000      
TroutLake.CLT     .2028          .              .              .          -170.0000      
TroutLake.CLT     .2029          .              .              .          -170.0000      
TroutLake.CLT     .2030          .              .              .          -170.0000      
TroutLake.Glulam  .2020          .              .              .          -170.0000      
TroutLake.Glulam  .2021          .              .              .          -170.0000      
TroutLake.Glulam  .2022          .              .              .          -170.0000      
TroutLake.Glulam  .2023          .              .              .          -170.0000      
TroutLake.Glulam  .2024          .              .              .          -170.0000      
TroutLake.Glulam  .2025          .              .              .          -170.0000      
TroutLake.Glulam  .2026          .              .              .          -170.0000      
TroutLake.Glulam  .2027          .              .              .          -170.0000      
TroutLake.Glulam  .2028          .              .              .          -170.0000      
TroutLake.Glulam  .2029          .              .              .          -170.0000      
TroutLake.Glulam  .2030          .              .              .          -170.0000      
TroutLake.Lumber  .2020          .              .              .          -170.0000      
TroutLake.Lumber  .2021          .              .              .          -170.0000      
TroutLake.Lumber  .2022          .              .              .          -170.0000      
TroutLake.Lumber  .2023          .              .              .          -170.0000      
TroutLake.Lumber  .2024          .              .              .          -170.0000      
TroutLake.Lumber  .2025          .              .              .          -170.0000      
TroutLake.Lumber  .2026          .              .              .          -170.0000      
TroutLake.Lumber  .2027          .              .              .          -170.0000      
TroutLake.Lumber  .2028          .              .              .          -170.0000      
TroutLake.Lumber  .2029          .              .              .          -170.0000      
TroutLake.Lumber  .2030          .              .              .          -170.0000      
TroutLake.Pulpwood.2020          .              .              .          -170.0000      
TroutLake.Pulpwood.2021          .              .              .          -170.0000      
TroutLake.Pulpwood.2022          .              .              .          -170.0000      
TroutLake.Pulpwood.2023          .              .              .          -170.0000      
TroutLake.Pulpwood.2024          .              .              .          -170.0000      
TroutLake.Pulpwood.2025          .              .              .          -170.0000      
TroutLake.Pulpwood.2026          .              .              .          -170.0000      
TroutLake.Pulpwood.2027          .              .              .          -170.0000      
TroutLake.Pulpwood.2028          .              .              .          -170.0000      
TroutLake.Pulpwood.2029          .              .              .          -170.0000      
TroutLake.Pulpwood.2030          .              .              .          -170.0000      
Abitibi  .CLT     .2020          .              .              .          -170.0000      
Abitibi  .CLT     .2021          .              .              .          -170.0000      
Abitibi  .CLT     .2022          .              .              .          -170.0000      
Abitibi  .CLT     .2023          .              .              .          -170.0000      
Abitibi  .CLT     .2024          .              .              .          -170.0000      
Abitibi  .CLT     .2025          .              .              .          -170.0000      
Abitibi  .CLT     .2026          .              .              .          -170.0000      
Abitibi  .CLT     .2027          .              .              .          -170.0000      
Abitibi  .CLT     .2028          .              .              .          -170.0000      
Abitibi  .CLT     .2029          .              .              .          -170.0000      
Abitibi  .CLT     .2030          .              .              .          -170.0000      
Abitibi  .Glulam  .2020          .              .              .          -170.0000      
Abitibi  .Glulam  .2021          .              .              .          -170.0000      
Abitibi  .Glulam  .2022          .              .              .          -170.0000      
Abitibi  .Glulam  .2023          .              .              .          -170.0000      
Abitibi  .Glulam  .2024          .              .              .          -170.0000      
Abitibi  .Glulam  .2025          .              .              .          -170.0000      
Abitibi  .Glulam  .2026          .              .              .          -170.0000      
Abitibi  .Glulam  .2027          .              .              .          -170.0000      
Abitibi  .Glulam  .2028          .              .              .          -170.0000      
Abitibi  .Glulam  .2029          .              .              .          -170.0000      
Abitibi  .Glulam  .2030          .              .              .          -170.0000      
Abitibi  .Lumber  .2020          .              .              .          -170.0000      
Abitibi  .Lumber  .2021          .              .              .          -170.0000      
Abitibi  .Lumber  .2022          .              .              .          -170.0000      
Abitibi  .Lumber  .2023          .              .              .          -170.0000      
Abitibi  .Lumber  .2024          .              .              .          -170.0000      
Abitibi  .Lumber  .2025          .              .              .          -170.0000      
Abitibi  .Lumber  .2026          .              .              .          -170.0000      
Abitibi  .Lumber  .2027          .              .              .          -170.0000      
Abitibi  .Lumber  .2028          .              .              .          -170.0000      
Abitibi  .Lumber  .2029          .              .              .          -170.0000      
Abitibi  .Lumber  .2030          .              .              .          -170.0000      
Abitibi  .Pulpwood.2020          .              .              .          -170.0000      
Abitibi  .Pulpwood.2021          .              .              .          -170.0000      
Abitibi  .Pulpwood.2022          .              .              .          -170.0000      
Abitibi  .Pulpwood.2023          .              .              .          -170.0000      
Abitibi  .Pulpwood.2024          .              .              .          -170.0000      
Abitibi  .Pulpwood.2025          .              .              .          -170.0000      
Abitibi  .Pulpwood.2026          .              .              .          -170.0000      
Abitibi  .Pulpwood.2027          .              .              .          -170.0000      
Abitibi  .Pulpwood.2028          .              .              .          -170.0000      
Abitibi  .Pulpwood.2029          .              .              .          -170.0000      
Abitibi  .Pulpwood.2030          .              .              .          -170.0000      
Algoma   .CLT     .2020          .              .              .          -170.0000      
Algoma   .CLT     .2021          .              .              .          -170.0000      
Algoma   .CLT     .2022          .              .              .          -170.0000      
Algoma   .CLT     .2023          .              .              .          -170.0000      
Algoma   .CLT     .2024          .              .              .          -170.0000      
Algoma   .CLT     .2025          .              .              .          -170.0000      
Algoma   .CLT     .2026          .              .              .          -170.0000      
Algoma   .CLT     .2027          .              .              .          -170.0000      
Algoma   .CLT     .2028          .              .              .          -170.0000      
Algoma   .CLT     .2029          .              .              .          -170.0000      
Algoma   .CLT     .2030          .              .              .          -170.0000      
Algoma   .Glulam  .2020          .              .              .          -170.0000      
Algoma   .Glulam  .2021          .              .              .          -170.0000      
Algoma   .Glulam  .2022          .              .              .          -170.0000      
Algoma   .Glulam  .2023          .              .              .          -170.0000      
Algoma   .Glulam  .2024          .              .              .          -170.0000      
Algoma   .Glulam  .2025          .              .              .          -170.0000      
Algoma   .Glulam  .2026          .              .              .          -170.0000      
Algoma   .Glulam  .2027          .              .              .          -170.0000      
Algoma   .Glulam  .2028          .              .              .          -170.0000      
Algoma   .Glulam  .2029          .              .              .          -170.0000      
Algoma   .Glulam  .2030          .              .              .          -170.0000      
Algoma   .Lumber  .2020          .              .              .          -170.0000      
Algoma   .Lumber  .2021          .              .              .          -170.0000      
Algoma   .Lumber  .2022          .              .              .          -170.0000      
Algoma   .Lumber  .2023          .              .              .          -170.0000      
Algoma   .Lumber  .2024          .              .              .          -170.0000      
Algoma   .Lumber  .2025          .              .              .          -170.0000      
Algoma   .Lumber  .2026          .              .              .          -170.0000      
Algoma   .Lumber  .2027          .              .              .          -170.0000      
Algoma   .Lumber  .2028          .              .              .          -170.0000      
Algoma   .Lumber  .2029          .              .              .          -170.0000      
Algoma   .Lumber  .2030          .              .              .          -170.0000      
Algoma   .Pulpwood.2020          .              .              .          -170.0000      
Algoma   .Pulpwood.2021          .              .              .          -170.0000      
Algoma   .Pulpwood.2022          .              .              .          -170.0000      
Algoma   .Pulpwood.2023          .              .              .          -170.0000      
Algoma   .Pulpwood.2024          .              .              .          -170.0000      
Algoma   .Pulpwood.2025          .              .              .          -170.0000      
Algoma   .Pulpwood.2026          .              .              .          -170.0000      
Algoma   .Pulpwood.2027          .              .              .          -170.0000      
Algoma   .Pulpwood.2028          .              .              .          -170.0000      
Algoma   .Pulpwood.2029          .              .              .          -170.0000      
Algoma   .Pulpwood.2030          .              .              .          -170.0000      
Kenora   .CLT     .2020          .              .              .          -170.0000      
Kenora   .CLT     .2021          .              .              .          -170.0000      
Kenora   .CLT     .2022          .              .              .          -170.0000      
Kenora   .CLT     .2023          .              .              .          -170.0000      
Kenora   .CLT     .2024          .              .              .          -170.0000      
Kenora   .CLT     .2025          .              .              .          -170.0000      
Kenora   .CLT     .2026          .              .              .          -170.0000      
Kenora   .CLT     .2027          .              .              .          -170.0000      
Kenora   .CLT     .2028          .              .              .          -170.0000      
Kenora   .CLT     .2029          .              .              .          -170.0000      
Kenora   .CLT     .2030          .              .              .          -170.0000      
Kenora   .Glulam  .2020          .              .              .          -170.0000      
Kenora   .Glulam  .2021          .              .              .          -170.0000      
Kenora   .Glulam  .2022          .              .              .          -170.0000      
Kenora   .Glulam  .2023          .              .              .          -170.0000      
Kenora   .Glulam  .2024          .              .              .          -170.0000      
Kenora   .Glulam  .2025          .              .              .          -170.0000      
Kenora   .Glulam  .2026          .              .              .          -170.0000      
Kenora   .Glulam  .2027          .              .              .          -170.0000      
Kenora   .Glulam  .2028          .              .              .          -170.0000      
Kenora   .Glulam  .2029          .              .              .          -170.0000      
Kenora   .Glulam  .2030          .              .              .          -170.0000      
Kenora   .Lumber  .2020          .              .              .          -170.0000      
Kenora   .Lumber  .2021          .              .              .          -170.0000      
Kenora   .Lumber  .2022          .              .              .          -170.0000      
Kenora   .Lumber  .2023          .              .              .          -170.0000      
Kenora   .Lumber  .2024          .              .              .          -170.0000      
Kenora   .Lumber  .2025          .              .              .          -170.0000      
Kenora   .Lumber  .2026          .              .              .          -170.0000      
Kenora   .Lumber  .2027          .              .              .          -170.0000      
Kenora   .Lumber  .2028          .              .              .          -170.0000      
Kenora   .Lumber  .2029          .              .              .          -170.0000      
Kenora   .Lumber  .2030          .              .              .          -170.0000      
Kenora   .Pulpwood.2020          .              .              .          -170.0000      
Kenora   .Pulpwood.2021          .              .              .          -170.0000      
Kenora   .Pulpwood.2022          .              .              .          -170.0000      
Kenora   .Pulpwood.2023          .              .              .          -170.0000      
Kenora   .Pulpwood.2024          .              .              .          -170.0000      
Kenora   .Pulpwood.2025          .              .              .          -170.0000      
Kenora   .Pulpwood.2026          .              .              .          -170.0000      
Kenora   .Pulpwood.2027          .              .              .          -170.0000      
Kenora   .Pulpwood.2028          .              .              .          -170.0000      
Kenora   .Pulpwood.2029          .              .              .          -170.0000      
Kenora   .Pulpwood.2030          .              .              .          -170.0000      
Nipissing.CLT     .2020          .              .              .          -170.0000      
Nipissing.CLT     .2021          .              .              .          -170.0000      
Nipissing.CLT     .2022          .              .              .          -170.0000      
Nipissing.CLT     .2023          .              .              .          -170.0000      
Nipissing.CLT     .2024          .              .              .          -170.0000      
Nipissing.CLT     .2025          .              .              .          -170.0000      
Nipissing.CLT     .2026          .              .              .          -170.0000      
Nipissing.CLT     .2027          .              .              .          -170.0000      
Nipissing.CLT     .2028          .              .              .          -170.0000      
Nipissing.CLT     .2029          .              .              .          -170.0000      
Nipissing.CLT     .2030          .              .              .          -170.0000      
Nipissing.Glulam  .2020          .              .              .          -170.0000      
Nipissing.Glulam  .2021          .              .              .          -170.0000      
Nipissing.Glulam  .2022          .              .              .          -170.0000      
Nipissing.Glulam  .2023          .              .              .          -170.0000      
Nipissing.Glulam  .2024          .              .              .          -170.0000      
Nipissing.Glulam  .2025          .              .              .          -170.0000      
Nipissing.Glulam  .2026          .              .              .          -170.0000      
Nipissing.Glulam  .2027          .              .              .          -170.0000      
Nipissing.Glulam  .2028          .              .              .          -170.0000      
Nipissing.Glulam  .2029          .              .              .          -170.0000      
Nipissing.Glulam  .2030          .              .              .          -170.0000      
Nipissing.Lumber  .2020          .              .              .          -170.0000      
Nipissing.Lumber  .2021          .              .              .          -170.0000      
Nipissing.Lumber  .2022          .              .              .          -170.0000      
Nipissing.Lumber  .2023          .              .              .          -170.0000      
Nipissing.Lumber  .2024          .              .              .          -170.0000      
Nipissing.Lumber  .2025          .              .              .          -170.0000      
Nipissing.Lumber  .2026          .              .              .          -170.0000      
Nipissing.Lumber  .2027          .              .              .          -170.0000      
Nipissing.Lumber  .2028          .              .              .          -170.0000      
Nipissing.Lumber  .2029          .              .              .          -170.0000      
Nipissing.Lumber  .2030          .              .              .          -170.0000      
Nipissing.Pulpwood.2020          .              .              .          -170.0000      
Nipissing.Pulpwood.2021          .              .              .          -170.0000      
Nipissing.Pulpwood.2022          .              .              .          -170.0000      
Nipissing.Pulpwood.2023          .              .              .          -170.0000      
Nipissing.Pulpwood.2024          .              .              .          -170.0000      
Nipissing.Pulpwood.2025          .              .              .          -170.0000      
Nipissing.Pulpwood.2026          .              .              .          -170.0000      
Nipissing.Pulpwood.2027          .              .              .          -170.0000      
Nipissing.Pulpwood.2028          .              .              .          -170.0000      
Nipissing.Pulpwood.2029          .              .              .          -170.0000      
Nipissing.Pulpwood.2030          .              .              .          -170.0000      
Algonquin.CLT     .2020          .              .              .          -170.0000      
Algonquin.CLT     .2021          .              .              .          -170.0000      
Algonquin.CLT     .2022          .              .              .          -170.0000      
Algonquin.CLT     .2023          .              .              .          -170.0000      
Algonquin.CLT     .2024          .              .              .          -170.0000      
Algonquin.CLT     .2025          .              .              .          -170.0000      
Algonquin.CLT     .2026          .              .              .          -170.0000      
Algonquin.CLT     .2027          .              .              .          -170.0000      
Algonquin.CLT     .2028          .              .              .          -170.0000      
Algonquin.CLT     .2029          .              .              .          -170.0000      
Algonquin.CLT     .2030          .              .              .          -170.0000      
Algonquin.Glulam  .2020          .              .              .          -170.0000      
Algonquin.Glulam  .2021          .              .              .          -170.0000      
Algonquin.Glulam  .2022          .              .              .          -170.0000      
Algonquin.Glulam  .2023          .              .              .          -170.0000      
Algonquin.Glulam  .2024          .              .              .          -170.0000      
Algonquin.Glulam  .2025          .              .              .          -170.0000      
Algonquin.Glulam  .2026          .              .              .          -170.0000      
Algonquin.Glulam  .2027          .              .              .          -170.0000      
Algonquin.Glulam  .2028          .              .              .          -170.0000      
Algonquin.Glulam  .2029          .              .              .          -170.0000      
Algonquin.Glulam  .2030          .              .              .          -170.0000      
Algonquin.Lumber  .2020          .              .              .          -170.0000      
Algonquin.Lumber  .2021          .              .              .          -170.0000      
Algonquin.Lumber  .2022          .              .              .          -170.0000      
Algonquin.Lumber  .2023          .              .              .          -170.0000      
Algonquin.Lumber  .2024          .              .              .          -170.0000      
Algonquin.Lumber  .2025          .              .              .          -170.0000      
Algonquin.Lumber  .2026          .              .              .          -170.0000      
Algonquin.Lumber  .2027          .              .              .          -170.0000      
Algonquin.Lumber  .2028          .              .              .          -170.0000      
Algonquin.Lumber  .2029          .              .              .          -170.0000      
Algonquin.Lumber  .2030          .              .              .          -170.0000      
Algonquin.Pulpwood.2020          .              .              .          -170.0000      
Algonquin.Pulpwood.2021          .              .              .          -170.0000      
Algonquin.Pulpwood.2022          .              .              .          -170.0000      
Algonquin.Pulpwood.2023          .              .              .          -170.0000      
Algonquin.Pulpwood.2024          .              .              .          -170.0000      
Algonquin.Pulpwood.2025          .              .              .          -170.0000      
Algonquin.Pulpwood.2026          .              .              .          -170.0000      
Algonquin.Pulpwood.2027          .              .              .          -170.0000      
Algonquin.Pulpwood.2028          .              .              .          -170.0000      
Algonquin.Pulpwood.2029          .              .              .          -170.0000      
Algonquin.Pulpwood.2030          .              .              .          -170.0000      

                           LOWER          LEVEL          UPPER         MARGINAL

---- EQU emissionEq          .              .              .          -170.0000      
---- EQU storageEq           .       2.842171E-14          .             EPS         
---- EQU netCarbon~          .              .              .             EPS         
---- EQU eCarbonCo~          .              .              .            -1.0000      
---- EQU revenueEq           .              .              .             1.0000      
---- EQU harvestCo~          .              .              .            -1.0000      
---- EQU procCostEq          .              .              .            -1.0000      
---- EQU transCost~          .              .              .            -1.0000      
---- EQU profitEq            .              .              .             1.0000      
---- EQU scalarObj~          .              .              .             1.0000      

---- VAR stockRW  Roundwood stock (MILLION m3)

                      LOWER          LEVEL          UPPER         MARGINAL

TroutLake.2020          .         28992.2195        +INF             .          
TroutLake.2021          .         31260.2764        +INF             .          
TroutLake.2022          .         33618.8406        +INF             .          
TroutLake.2023          .         35552.0209        +INF             .          
TroutLake.2024          .         37575.5825        +INF             .          
TroutLake.2025     14499.7400     39689.1330        +INF             .          
TroutLake.2026     14499.7400     41893.7799        +INF             .          
TroutLake.2027     14499.7400     44188.2483        +INF             .          
TroutLake.2028     14499.7400     46574.0295        +INF             .          
TroutLake.2029     14499.7400     48533.6264        +INF             .          
TroutLake.2030     14499.7400     50583.7640        +INF             .          
Abitibi  .2020          .        107762.8942        +INF             .          
Abitibi  .2021          .        114901.9397        +INF             .          
Abitibi  .2022          .        122378.1100        +INF             .          
Abitibi  .2023          .        130190.5468        +INF             .          
Abitibi  .2024          .        138339.7469        +INF             .          
Abitibi  .2025     53887.6100    146824.3504        +INF             .          
Abitibi  .2026     53887.6100    155644.7797        +INF             .          
Abitibi  .2027     53887.6100    162883.5839        +INF             .          
Abitibi  .2028     53887.6100    170458.3686        +INF             .          
Abitibi  .2029     53887.6100    178370.2408        +INF             .          
Abitibi  .2030     53887.6100    186617.2868        +INF             .          
Algoma   .2020          .         54874.8219        +INF             .          
Algoma   .2021          .         59749.5941        +INF             .          
Algoma   .2022          .         64837.6385        +INF             .          
Algoma   .2023          .         70136.9455        +INF             .          
Algoma   .2024          .         75648.4001        +INF             .          
Algoma   .2025     27442.4450     80163.6281        +INF             .          
Algoma   .2026     27442.4450     84891.1190        +INF             .          
Algoma   .2027     27442.4450     89829.8705        +INF             .          
Algoma   .2028     27442.4450     94979.2513        +INF             .          
Algoma   .2029     27442.4450    100340.0383        +INF             .          
Algoma   .2030     27442.4450    105913.3557        +INF             .          
Kenora   .2020          .         49741.1641        +INF             .          
Kenora   .2021          .         53677.4903        +INF             .          
Kenora   .2022          .         57771.4985        +INF             .          
Kenora   .2023          .         61121.6388        +INF             .          
Kenora   .2024          .         64629.9757        +INF             .          
Kenora   .2025     24873.0950     68296.3274        +INF             .          
Kenora   .2026     24873.0950     72121.2769        +INF             .          
Kenora   .2027     24873.0950     76103.9197        +INF             .          
Kenora   .2028     24873.0950     80244.8314        +INF             .          
Kenora   .2029     24873.0950     83641.2656        +INF             .          
Kenora   .2030     24873.0950     87196.0065        +INF             .          
Nipissing.2020          .         45246.1414        +INF             .          
Nipissing.2021          .         48977.7740        +INF             .          
Nipissing.2022          .         52888.3627        +INF             .          
Nipissing.2023          .         56975.0226        +INF             .          
Nipissing.2024          .         61241.2885        +INF             .          
Nipissing.2025     22630.8450     65683.3256        +INF             .          
Nipissing.2026     22630.8450     70305.6429        +INF             .          
Nipissing.2027     22630.8450     74090.0689        +INF             .          
Nipissing.2028     22630.8450     78052.1910        +INF             .          
Nipissing.2029     22630.8450     82192.0812        +INF             .          
Nipissing.2030     22630.8450     86509.7854        +INF             .          
Algonquin.2020          .         36716.1473        +INF             .          
Algonquin.2021          .         40035.1132        +INF             .          
Algonquin.2022          .         43499.9888        +INF             .          
Algonquin.2023          .         47110.1847        +INF             .          
Algonquin.2024          .         50866.0617        +INF             .          
Algonquin.2025     18362.6300     53936.8671        +INF             .          
Algonquin.2026     18362.6300     57153.2513        +INF             .          
Algonquin.2027     18362.6300     60514.8912        +INF             .          
Algonquin.2028     18362.6300     64021.7987        +INF             .          
Algonquin.2029     18362.6300     67674.5993        +INF             .          
Algonquin.2030     18362.6300     71473.9512        +INF             .          

---- VAR harvestRW  Roundwood harvest (MILLION m3)

                      LOWER          LEVEL          UPPER         MARGINAL

TroutLake.2020          .             7.2605        +INF             .          
TroutLake.2021          .             7.5070        +INF             .          
TroutLake.2022          .             7.4548        +INF             .          
TroutLake.2023          .             7.1680        +INF             .          
TroutLake.2024          .             7.2419        +INF             .          
TroutLake.2025          .             7.7078        +INF             .          
TroutLake.2026          .             7.0665        +INF             .          
TroutLake.2027          .             7.7000        +INF             .          
TroutLake.2028          .             6.8422        +INF             .          
TroutLake.2029          .             7.3559        +INF             .          
TroutLake.2030          .             7.2702        +INF             .          
Abitibi  .2020          .            12.3258        +INF             .          
Abitibi  .2021          .            12.8447        +INF             .          
Abitibi  .2022          .            11.8917        +INF             .          
Abitibi  .2023          .            11.7970        +INF             .          
Abitibi  .2024          .            11.2055        +INF             .          
Abitibi  .2025          .            11.9739        +INF             .          
Abitibi  .2026          .            12.3199        +INF             .          
Abitibi  .2027          .            11.9600        +INF             .          
Abitibi  .2028          .            12.1513        +INF             .          
Abitibi  .2029          .            11.2356        +INF             .          
Abitibi  .2030          .            12.2336        +INF             .          
Algoma   .2020          .            10.0681        +INF             .          
Algoma   .2021          .            11.6713        +INF             .          
Algoma   .2022          .             9.9514        +INF             .          
Algoma   .2023          .            10.2410        +INF             .          
Algoma   .2024          .             9.6459        +INF             .          
Algoma   .2025          .            10.3321        +INF             .          
Algoma   .2026          .             9.6215        +INF             .          
Algoma   .2027          .             9.9132        +INF             .          
Algoma   .2028          .            10.8362        +INF             .          
Algoma   .2029          .            10.9824        +INF             .          
Algoma   .2030          .            10.0043        +INF             .          
Kenora   .2020          .             5.0259        +INF             .          
Kenora   .2021          .             5.2995        +INF             .          
Kenora   .2022          .             5.7788        +INF             .          
Kenora   .2023          .             5.3585        +INF             .          
Kenora   .2024          .             5.3231        +INF             .          
Kenora   .2025          .             5.4696        +INF             .          
Kenora   .2026          .             5.0330        +INF             .          
Kenora   .2027          .             5.5009        +INF             .          
Kenora   .2028          .             5.3932        +INF             .          
Kenora   .2029          .             5.5826        +INF             .          
Kenora   .2030          .             5.4372        +INF             .          
Nipissing.2020          .            15.5486        +INF             .          
Nipissing.2021          .            14.3922        +INF             .          
Nipissing.2022          .            13.4859        +INF             .          
Nipissing.2023          .            15.4643        +INF             .          
Nipissing.2024          .            13.9079        +INF             .          
Nipissing.2025          .            16.1864        +INF             .          
Nipissing.2026          .            13.9558        +INF             .          
Nipissing.2027          .            13.9664        +INF             .          
Nipissing.2028          .            14.3200        +INF             .          
Nipissing.2029          .            14.6015        +INF             .          
Nipissing.2030          .            14.8372        +INF             .          
Algonquin.2020          .             9.1127        +INF             .          
Algonquin.2021          .             9.0022        +INF             .          
Algonquin.2022          .             8.6554        +INF             .          
Algonquin.2023          .             8.8980        +INF             .          
Algonquin.2024          .             8.7799        +INF             .          
Algonquin.2025          .             8.8495        +INF             .          
Algonquin.2026          .             8.8336        +INF             .          
Algonquin.2027          .             9.1408        +INF             .          
Algonquin.2028          .             9.4362        +INF             .          
Algonquin.2029          .             9.1059        +INF             .          
Algonquin.2030          .             8.1176        +INF             .          

---- VAR production  Output production (MILLION m3)

                               LOWER          LEVEL          UPPER         MARGINAL

TroutLake.CLT     .2020          .             0.1735        +INF             .          
TroutLake.CLT     .2021          .             0.1749        +INF             .          
TroutLake.CLT     .2022          .             0.1655        +INF             .          
TroutLake.CLT     .2023          .             0.1642        +INF             .          
TroutLake.CLT     .2024          .             0.1595        +INF             .          
TroutLake.CLT     .2025          .             0.1597        +INF             .          
TroutLake.CLT     .2026          .             0.1549        +INF             .          
TroutLake.CLT     .2027          .             0.1877        +INF             .          
TroutLake.CLT     .2028          .             0.1651        +INF             .          
TroutLake.CLT     .2029          .             0.1816        +INF             .          
TroutLake.CLT     .2030          .             0.1618        +INF             .          
TroutLake.Glulam  .2020          .             0.1547        +INF             .          
TroutLake.Glulam  .2021          .             0.1802        +INF             .          
TroutLake.Glulam  .2022          .             0.1524        +INF             .          
TroutLake.Glulam  .2023          .             0.1578        +INF             .          
TroutLake.Glulam  .2024          .             0.1498        +INF             .          
TroutLake.Glulam  .2025          .             0.1606        +INF             .          
TroutLake.Glulam  .2026          .             0.1700        +INF             .          
TroutLake.Glulam  .2027          .             0.1558        +INF             .          
TroutLake.Glulam  .2028          .             0.1567        +INF             .          
TroutLake.Glulam  .2029          .             0.1631        +INF             .          
TroutLake.Glulam  .2030          .             0.1625        +INF             .          
TroutLake.Lumber  .2020          .             3.7289        +INF             .          
TroutLake.Lumber  .2021          .             4.2978        +INF             .          
TroutLake.Lumber  .2022          .             4.2809        +INF             .          
TroutLake.Lumber  .2023          .             3.7614        +INF             .          
TroutLake.Lumber  .2024          .             3.7494        +INF             .          
TroutLake.Lumber  .2025          .             4.0967        +INF             .          
TroutLake.Lumber  .2026          .             3.7861        +INF             .          
TroutLake.Lumber  .2027          .             4.2436        +INF             .          
TroutLake.Lumber  .2028          .             3.5509        +INF             .          
TroutLake.Lumber  .2029          .             4.0951        +INF             .          
TroutLake.Lumber  .2030          .             3.4995        +INF             .          
TroutLake.Pulpwood.2020          .             3.0549        +INF             .          
TroutLake.Pulpwood.2021          .             2.6770        +INF             .          
TroutLake.Pulpwood.2022          .             2.6443        +INF             .          
TroutLake.Pulpwood.2023          .             2.9289        +INF             .          
TroutLake.Pulpwood.2024          .             3.0143        +INF             .          
TroutLake.Pulpwood.2025          .             3.0928        +INF             .          
TroutLake.Pulpwood.2026          .             2.8025        +INF             .          
TroutLake.Pulpwood.2027          .             2.9252        +INF             .          
TroutLake.Pulpwood.2028          .             2.8387        +INF             .          
TroutLake.Pulpwood.2029          .             2.7497        +INF             .          
TroutLake.Pulpwood.2030          .             3.3142        +INF             .          
Abitibi  .CLT     .2020          .             0.1668        +INF             .          
Abitibi  .CLT     .2021          .             0.1551        +INF             .          
Abitibi  .CLT     .2022          .             0.1654        +INF             .          
Abitibi  .CLT     .2023          .             0.1649        +INF             .          
Abitibi  .CLT     .2024          .             0.1606        +INF             .          
Abitibi  .CLT     .2025          .             0.1883        +INF             .          
Abitibi  .CLT     .2026          .             0.1573        +INF             .          
Abitibi  .CLT     .2027          .             0.1617        +INF             .          
Abitibi  .CLT     .2028          .             0.1526        +INF             .          
Abitibi  .CLT     .2029          .             0.1660        +INF             .          
Abitibi  .CLT     .2030          .             0.1537        +INF             .          
Abitibi  .Glulam  .2020          .             0.1653        +INF             .          
Abitibi  .Glulam  .2021          .             0.1628        +INF             .          
Abitibi  .Glulam  .2022          .             0.1574        +INF             .          
Abitibi  .Glulam  .2023          .             0.1542        +INF             .          
Abitibi  .Glulam  .2024          .             0.1739        +INF             .          
Abitibi  .Glulam  .2025          .             0.1705        +INF             .          
Abitibi  .Glulam  .2026          .             0.1514        +INF             .          
Abitibi  .Glulam  .2027          .             0.1816        +INF             .          
Abitibi  .Glulam  .2028          .             0.1882        +INF             .          
Abitibi  .Glulam  .2029          .             0.1739        +INF             .          
Abitibi  .Glulam  .2030          .             0.1744        +INF             .          
Abitibi  .Lumber  .2020          .             5.2170        +INF             .          
Abitibi  .Lumber  .2021          .             5.4781        +INF             .          
Abitibi  .Lumber  .2022          .             5.5874        +INF             .          
Abitibi  .Lumber  .2023          .             5.3754        +INF             .          
Abitibi  .Lumber  .2024          .             4.9751        +INF             .          
Abitibi  .Lumber  .2025          .             5.6017        +INF             .          
Abitibi  .Lumber  .2026          .             5.3840        +INF             .          
Abitibi  .Lumber  .2027          .             4.9431        +INF             .          
Abitibi  .Lumber  .2028          .             5.9742        +INF             .          
Abitibi  .Lumber  .2029          .             5.0642        +INF             .          
Abitibi  .Lumber  .2030          .             5.5871        +INF             .          
Abitibi  .Pulpwood.2020          .             6.3986        +INF             .          
Abitibi  .Pulpwood.2021          .             6.6227        +INF             .          
Abitibi  .Pulpwood.2022          .             5.5698        +INF             .          
Abitibi  .Pulpwood.2023          .             5.7079        +INF             .          
Abitibi  .Pulpwood.2024          .             5.5640        +INF             .          
Abitibi  .Pulpwood.2025          .             5.6347        +INF             .          
Abitibi  .Pulpwood.2026          .             6.2109        +INF             .          
Abitibi  .Pulpwood.2027          .             6.3384        +INF             .          
Abitibi  .Pulpwood.2028          .             5.4030        +INF             .          
Abitibi  .Pulpwood.2029          .             5.4965        +INF             .          
Abitibi  .Pulpwood.2030          .             5.9052        +INF             .          
Algoma   .CLT     .2020          .             0.1572        +INF             .          
Algoma   .CLT     .2021          .             0.1779        +INF             .          
Algoma   .CLT     .2022          .             0.1807        +INF             .          
Algoma   .CLT     .2023          .             0.1559        +INF             .          
Algoma   .CLT     .2024          .             0.1655        +INF             .          
Algoma   .CLT     .2025          .             0.1780        +INF             .          
Algoma   .CLT     .2026          .             0.1841        +INF             .          
Algoma   .CLT     .2027          .             0.1746        +INF             .          
Algoma   .CLT     .2028          .             0.1894        +INF             .          
Algoma   .CLT     .2029          .             0.1507        +INF             .          
Algoma   .CLT     .2030          .             0.1572        +INF             .          
Algoma   .Glulam  .2020          .             0.1532        +INF             .          
Algoma   .Glulam  .2021          .             0.1716        +INF             .          
Algoma   .Glulam  .2022          .             0.1548        +INF             .          
Algoma   .Glulam  .2023          .             0.1795        +INF             .          
Algoma   .Glulam  .2024          .             0.1542        +INF             .          
Algoma   .Glulam  .2025          .             0.1695        +INF             .          
Algoma   .Glulam  .2026          .             0.1821        +INF             .          
Algoma   .Glulam  .2027          .             0.1697        +INF             .          
Algoma   .Glulam  .2028          .             0.1714        +INF             .          
Algoma   .Glulam  .2029          .             0.1500        +INF             .          
Algoma   .Glulam  .2030          .             0.1718        +INF             .          
Algoma   .Lumber  .2020          .             4.8044        +INF             .          
Algoma   .Lumber  .2021          .             5.4156        +INF             .          
Algoma   .Lumber  .2022          .             4.5457        +INF             .          
Algoma   .Lumber  .2023          .             4.5212        +INF             .          
Algoma   .Lumber  .2024          .             4.3548        +INF             .          
Algoma   .Lumber  .2025          .             4.5521        +INF             .          
Algoma   .Lumber  .2026          .             4.4474        +INF             .          
Algoma   .Lumber  .2027          .             4.3741        +INF             .          
Algoma   .Lumber  .2028          .             5.2783        +INF             .          
Algoma   .Lumber  .2029          .             4.9557        +INF             .          
Algoma   .Lumber  .2030          .             4.3668        +INF             .          
Algoma   .Pulpwood.2020          .             4.6353        +INF             .          
Algoma   .Pulpwood.2021          .             5.5409        +INF             .          
Algoma   .Pulpwood.2022          .             4.8027        +INF             .          
Algoma   .Pulpwood.2023          .             5.1131        +INF             .          
Algoma   .Pulpwood.2024          .             4.7110        +INF             .          
Algoma   .Pulpwood.2025          .             5.1688        +INF             .          
Algoma   .Pulpwood.2026          .             4.5863        +INF             .          
Algoma   .Pulpwood.2027          .             4.9520        +INF             .          
Algoma   .Pulpwood.2028          .             4.8720        +INF             .          
Algoma   .Pulpwood.2029          .             5.3666        +INF             .          
Algoma   .Pulpwood.2030          .             5.0492        +INF             .          
Kenora   .CLT     .2020          .             0.1655        +INF             .          
Kenora   .CLT     .2021          .             0.1724        +INF             .          
Kenora   .CLT     .2022          .             0.1877        +INF             .          
Kenora   .CLT     .2023          .             0.1638        +INF             .          
Kenora   .CLT     .2024          .             0.1499        +INF             .          
Kenora   .CLT     .2025          .             0.1883        +INF             .          
Kenora   .CLT     .2026          .             0.1729        +INF             .          
Kenora   .CLT     .2027          .             0.1632        +INF             .          
Kenora   .CLT     .2028          .             0.1897        +INF             .          
Kenora   .CLT     .2029          .             0.1809        +INF             .          
Kenora   .CLT     .2030          .             0.1541        +INF             .          
Kenora   .Glulam  .2020          .             0.1902        +INF             .          
Kenora   .Glulam  .2021          .             0.1733        +INF             .          
Kenora   .Glulam  .2022          .             0.1564        +INF             .          
Kenora   .Glulam  .2023          .             0.1758        +INF             .          
Kenora   .Glulam  .2024          .             0.1636        +INF             .          
Kenora   .Glulam  .2025          .             0.1868        +INF             .          
Kenora   .Glulam  .2026          .             0.1863        +INF             .          
Kenora   .Glulam  .2027          .             0.1503        +INF             .          
Kenora   .Glulam  .2028          .             0.1646        +INF             .          
Kenora   .Glulam  .2029          .             0.1767        +INF             .          
Kenora   .Glulam  .2030          .             0.1738        +INF             .          
Kenora   .Lumber  .2020          .             2.6286        +INF             .          
Kenora   .Lumber  .2021          .             3.1025        +INF             .          
Kenora   .Lumber  .2022          .             3.1565        +INF             .          
Kenora   .Lumber  .2023          .             2.8948        +INF             .          
Kenora   .Lumber  .2024          .             2.7397        +INF             .          
Kenora   .Lumber  .2025          .             2.9295        +INF             .          
Kenora   .Lumber  .2026          .             2.6394        +INF             .          
Kenora   .Lumber  .2027          .             3.0254        +INF             .          
Kenora   .Lumber  .2028          .             2.9286        +INF             .          
Kenora   .Lumber  .2029          .             3.0595        +INF             .          
Kenora   .Lumber  .2030          .             3.0081        +INF             .          
Kenora   .Pulpwood.2020          .             2.0632        +INF             .          
Kenora   .Pulpwood.2021          .             1.8152        +INF             .          
Kenora   .Pulpwood.2022          .             2.2262        +INF             .          
Kenora   .Pulpwood.2023          .             2.0992        +INF             .          
Kenora   .Pulpwood.2024          .             2.2334        +INF             .          
Kenora   .Pulpwood.2025          .             2.1703        +INF             .          
Kenora   .Pulpwood.2026          .             2.0583        +INF             .          
Kenora   .Pulpwood.2027          .             2.0966        +INF             .          
Kenora   .Pulpwood.2028          .             2.0964        +INF             .          
Kenora   .Pulpwood.2029          .             2.1395        +INF             .          
Kenora   .Pulpwood.2030          .             2.0529        +INF             .          
Nipissing.CLT     .2020          .             0.1518        +INF             .          
Nipissing.CLT     .2021          .             0.1694        +INF             .          
Nipissing.CLT     .2022          .             0.1517        +INF             .          
Nipissing.CLT     .2023          .             0.1781        +INF             .          
Nipissing.CLT     .2024          .             0.1575        +INF             .          
Nipissing.CLT     .2025          .             0.1588        +INF             .          
Nipissing.CLT     .2026          .             0.1828        +INF             .          
Nipissing.CLT     .2027          .             0.1901        +INF             .          
Nipissing.CLT     .2028          .             0.1802        +INF             .          
Nipissing.CLT     .2029          .             0.1789        +INF             .          
Nipissing.CLT     .2030          .             0.1496        +INF             .          
Nipissing.Glulam  .2020          .             0.1604        +INF             .          
Nipissing.Glulam  .2021          .             0.1832        +INF             .          
Nipissing.Glulam  .2022          .             0.1830        +INF             .          
Nipissing.Glulam  .2023          .             0.1847        +INF             .          
Nipissing.Glulam  .2024          .             0.1583        +INF             .          
Nipissing.Glulam  .2025          .             0.1682        +INF             .          
Nipissing.Glulam  .2026          .             0.1512        +INF             .          
Nipissing.Glulam  .2027          .             0.1628        +INF             .          
Nipissing.Glulam  .2028          .             0.1675        +INF             .          
Nipissing.Glulam  .2029          .             0.1625        +INF             .          
Nipissing.Glulam  .2030          .             0.1551        +INF             .          
Nipissing.Lumber  .2020          .             7.3437        +INF             .          
Nipissing.Lumber  .2021          .             6.7750        +INF             .          
Nipissing.Lumber  .2022          .             6.3246        +INF             .          
Nipissing.Lumber  .2023          .             6.8631        +INF             .          
Nipissing.Lumber  .2024          .             6.5246        +INF             .          
Nipissing.Lumber  .2025          .             7.4929        +INF             .          
Nipissing.Lumber  .2026          .             6.2061        +INF             .          
Nipissing.Lumber  .2027          .             6.7739        +INF             .          
Nipissing.Lumber  .2028          .             6.6535        +INF             .          
Nipissing.Lumber  .2029          .             6.8439        +INF             .          
Nipissing.Lumber  .2030          .             7.0727        +INF             .          
Nipissing.Pulpwood.2020          .             7.2412        +INF             .          
Nipissing.Pulpwood.2021          .             6.7272        +INF             .          
Nipissing.Pulpwood.2022          .             6.3294        +INF             .          
Nipissing.Pulpwood.2023          .             7.6818        +INF             .          
Nipissing.Pulpwood.2024          .             6.5251        +INF             .          
Nipissing.Pulpwood.2025          .             7.7037        +INF             .          
Nipissing.Pulpwood.2026          .             6.9189        +INF             .          
Nipissing.Pulpwood.2027          .             6.3111        +INF             .          
Nipissing.Pulpwood.2028          .             6.7887        +INF             .          
Nipissing.Pulpwood.2029          .             6.8572        +INF             .          
Nipissing.Pulpwood.2030          .             6.8390        +INF             .          
Algonquin.CLT     .2020          .             0.1542        +INF             .          
Algonquin.CLT     .2021          .             0.1802        +INF             .          
Algonquin.CLT     .2022          .             0.1824        +INF             .          
Algonquin.CLT     .2023          .             0.1506        +INF             .          
Algonquin.CLT     .2024          .             0.1692        +INF             .          
Algonquin.CLT     .2025          .             0.1610        +INF             .          
Algonquin.CLT     .2026          .             0.1864        +INF             .          
Algonquin.CLT     .2027          .             0.1503        +INF             .          
Algonquin.CLT     .2028          .             0.1774        +INF             .          
Algonquin.CLT     .2029          .             0.1884        +INF             .          
Algonquin.CLT     .2030          .             0.1863        +INF             .          
Algonquin.Glulam  .2020          .             0.1863        +INF             .          
Algonquin.Glulam  .2021          .             0.1853        +INF             .          
Algonquin.Glulam  .2022          .             0.1656        +INF             .          
Algonquin.Glulam  .2023          .             0.1702        +INF             .          
Algonquin.Glulam  .2024          .             0.1835        +INF             .          
Algonquin.Glulam  .2025          .             0.1742        +INF             .          
Algonquin.Glulam  .2026          .             0.1530        +INF             .          
Algonquin.Glulam  .2027          .             0.1732        +INF             .          
Algonquin.Glulam  .2028          .             0.1738        +INF             .          
Algonquin.Glulam  .2029          .             0.1775        +INF             .          
Algonquin.Glulam  .2030          .             0.1561        +INF             .          
Algonquin.Lumber  .2020          .             4.2284        +INF             .          
Algonquin.Lumber  .2021          .             4.2433        +INF             .          
Algonquin.Lumber  .2022          .             4.4201        +INF             .          
Algonquin.Lumber  .2023          .             4.2371        +INF             .          
Algonquin.Lumber  .2024          .             4.0860        +INF             .          
Algonquin.Lumber  .2025          .             4.5605        +INF             .          
Algonquin.Lumber  .2026          .             4.3971        +INF             .          
Algonquin.Lumber  .2027          .             4.4441        +INF             .          
Algonquin.Lumber  .2028          .             4.6151        +INF             .          
Algonquin.Lumber  .2029          .             4.5977        +INF             .          
Algonquin.Lumber  .2030          .             3.9343        +INF             .          
Algonquin.Pulpwood.2020          .             4.3262        +INF             .          
Algonquin.Pulpwood.2021          .             4.2016        +INF             .          
Algonquin.Pulpwood.2022          .             3.6693        +INF             .          
Algonquin.Pulpwood.2023          .             4.1063        +INF             .          
Algonquin.Pulpwood.2024          .             4.1551        +INF             .          
Algonquin.Pulpwood.2025          .             3.7066        +INF             .          
Algonquin.Pulpwood.2026          .             3.8690        +INF             .          
Algonquin.Pulpwood.2027          .             4.1189        +INF             .          
Algonquin.Pulpwood.2028          .             4.2221        +INF             .          
Algonquin.Pulpwood.2029          .             3.9174        +INF             .          
Algonquin.Pulpwood.2030          .             3.6712        +INF             .          

---- VAR sales  Final sales / served demand (MILLION m3)

                               LOWER          LEVEL          UPPER         MARGINAL

TroutLake.CLT     .2020          .             0.1735        +INF             .          
TroutLake.CLT     .2021          .             0.1749        +INF             .          
TroutLake.CLT     .2022          .             0.1655        +INF             .          
TroutLake.CLT     .2023          .             0.1642        +INF             .          
TroutLake.CLT     .2024          .             0.1595        +INF             .          
TroutLake.CLT     .2025          .             0.1597        +INF             .          
TroutLake.CLT     .2026          .             0.1549        +INF             .          
TroutLake.CLT     .2027          .             0.1877        +INF             .          
TroutLake.CLT     .2028          .             0.1651        +INF             .          
TroutLake.CLT     .2029          .             0.1816        +INF             .          
TroutLake.CLT     .2030          .             0.1618        +INF             .          
TroutLake.Glulam  .2020          .             0.1547        +INF             .          
TroutLake.Glulam  .2021          .             0.1802        +INF             .          
TroutLake.Glulam  .2022          .             0.1524        +INF             .          
TroutLake.Glulam  .2023          .             0.1578        +INF             .          
TroutLake.Glulam  .2024          .             0.1498        +INF             .          
TroutLake.Glulam  .2025          .             0.1606        +INF             .          
TroutLake.Glulam  .2026          .             0.1700        +INF             .          
TroutLake.Glulam  .2027          .             0.1558        +INF             .          
TroutLake.Glulam  .2028          .             0.1567        +INF             .          
TroutLake.Glulam  .2029          .             0.1631        +INF             .          
TroutLake.Glulam  .2030          .             0.1625        +INF             .          
TroutLake.Lumber  .2020          .             3.3506        +INF             .          
TroutLake.Lumber  .2021          .             3.8897        +INF             .          
TroutLake.Lumber  .2022          .             3.9146        +INF             .          
TroutLake.Lumber  .2023          .             3.3907        +INF             .          
TroutLake.Lumber  .2024          .             3.3932        +INF             .          
TroutLake.Lumber  .2025          .             3.7285        +INF             .          
TroutLake.Lumber  .2026          .             3.4132        +INF             .          
TroutLake.Lumber  .2027          .             3.8470        +INF             .          
TroutLake.Lumber  .2028          .             3.1804        +INF             .          
TroutLake.Lumber  .2029          .             3.6978        +INF             .          
TroutLake.Lumber  .2030          .             3.1266        +INF             .          
TroutLake.Pulpwood.2020          .             3.0549        +INF             .          
TroutLake.Pulpwood.2021          .             2.6770        +INF             .          
TroutLake.Pulpwood.2022          .             2.6443        +INF             .          
TroutLake.Pulpwood.2023          .             2.9289        +INF             .          
TroutLake.Pulpwood.2024          .             3.0143        +INF             .          
TroutLake.Pulpwood.2025          .             3.0928        +INF             .          
TroutLake.Pulpwood.2026          .             2.8025        +INF             .          
TroutLake.Pulpwood.2027          .             2.9252        +INF             .          
TroutLake.Pulpwood.2028          .             2.8387        +INF             .          
TroutLake.Pulpwood.2029          .             2.7497        +INF             .          
TroutLake.Pulpwood.2030          .             3.3142        +INF             .          
Abitibi  .CLT     .2020          .             0.1668        +INF             .          
Abitibi  .CLT     .2021          .             0.1551        +INF             .          
Abitibi  .CLT     .2022          .             0.1654        +INF             .          
Abitibi  .CLT     .2023          .             0.1649        +INF             .          
Abitibi  .CLT     .2024          .             0.1606        +INF             .          
Abitibi  .CLT     .2025          .             0.1883        +INF             .          
Abitibi  .CLT     .2026          .             0.1573        +INF             .          
Abitibi  .CLT     .2027          .             0.1617        +INF             .          
Abitibi  .CLT     .2028          .             0.1526        +INF             .          
Abitibi  .CLT     .2029          .             0.1660        +INF             .          
Abitibi  .CLT     .2030          .             0.1537        +INF             .          
Abitibi  .Glulam  .2020          .             0.1653        +INF             .          
Abitibi  .Glulam  .2021          .             0.1628        +INF             .          
Abitibi  .Glulam  .2022          .             0.1574        +INF             .          
Abitibi  .Glulam  .2023          .             0.1542        +INF             .          
Abitibi  .Glulam  .2024          .             0.1739        +INF             .          
Abitibi  .Glulam  .2025          .             0.1705        +INF             .          
Abitibi  .Glulam  .2026          .             0.1514        +INF             .          
Abitibi  .Glulam  .2027          .             0.1816        +INF             .          
Abitibi  .Glulam  .2028          .             0.1882        +INF             .          
Abitibi  .Glulam  .2029          .             0.1739        +INF             .          
Abitibi  .Glulam  .2030          .             0.1744        +INF             .          
Abitibi  .Lumber  .2020          .             4.8350        +INF             .          
Abitibi  .Lumber  .2021          .             5.1129        +INF             .          
Abitibi  .Lumber  .2022          .             5.2158        +INF             .          
Abitibi  .Lumber  .2023          .             5.0079        +INF             .          
Abitibi  .Lumber  .2024          .             4.5911        +INF             .          
Abitibi  .Lumber  .2025          .             5.1883        +INF             .          
Abitibi  .Lumber  .2026          .             5.0287        +INF             .          
Abitibi  .Lumber  .2027          .             4.5493        +INF             .          
Abitibi  .Lumber  .2028          .             5.5841        +INF             .          
Abitibi  .Lumber  .2029          .             4.6737        +INF             .          
Abitibi  .Lumber  .2030          .             5.2108        +INF             .          
Abitibi  .Pulpwood.2020          .             6.3986        +INF             .          
Abitibi  .Pulpwood.2021          .             6.6227        +INF             .          
Abitibi  .Pulpwood.2022          .             5.5698        +INF             .          
Abitibi  .Pulpwood.2023          .             5.7079        +INF             .          
Abitibi  .Pulpwood.2024          .             5.5640        +INF             .          
Abitibi  .Pulpwood.2025          .             5.6347        +INF             .          
Abitibi  .Pulpwood.2026          .             6.2109        +INF             .          
Abitibi  .Pulpwood.2027          .             6.3384        +INF             .          
Abitibi  .Pulpwood.2028          .             5.4030        +INF             .          
Abitibi  .Pulpwood.2029          .             5.4965        +INF             .          
Abitibi  .Pulpwood.2030          .             5.9052        +INF             .          
Algoma   .CLT     .2020          .             0.1572        +INF             .          
Algoma   .CLT     .2021          .             0.1779        +INF             .          
Algoma   .CLT     .2022          .             0.1807        +INF             .          
Algoma   .CLT     .2023          .             0.1559        +INF             .          
Algoma   .CLT     .2024          .             0.1655        +INF             .          
Algoma   .CLT     .2025          .             0.1780        +INF             .          
Algoma   .CLT     .2026          .             0.1841        +INF             .          
Algoma   .CLT     .2027          .             0.1746        +INF             .          
Algoma   .CLT     .2028          .             0.1894        +INF             .          
Algoma   .CLT     .2029          .             0.1507        +INF             .          
Algoma   .CLT     .2030          .             0.1572        +INF             .          
Algoma   .Glulam  .2020          .             0.1532        +INF             .          
Algoma   .Glulam  .2021          .             0.1716        +INF             .          
Algoma   .Glulam  .2022          .             0.1548        +INF             .          
Algoma   .Glulam  .2023          .             0.1795        +INF             .          
Algoma   .Glulam  .2024          .             0.1542        +INF             .          
Algoma   .Glulam  .2025          .             0.1695        +INF             .          
Algoma   .Glulam  .2026          .             0.1821        +INF             .          
Algoma   .Glulam  .2027          .             0.1697        +INF             .          
Algoma   .Glulam  .2028          .             0.1714        +INF             .          
Algoma   .Glulam  .2029          .             0.1500        +INF             .          
Algoma   .Glulam  .2030          .             0.1718        +INF             .          
Algoma   .Lumber  .2020          .             4.4472        +INF             .          
Algoma   .Lumber  .2021          .             5.0134        +INF             .          
Algoma   .Lumber  .2022          .             4.1586        +INF             .          
Algoma   .Lumber  .2023          .             4.1366        +INF             .          
Algoma   .Lumber  .2024          .             3.9866        +INF             .          
Algoma   .Lumber  .2025          .             4.1520        +INF             .          
Algoma   .Lumber  .2026          .             4.0262        +INF             .          
Algoma   .Lumber  .2027          .             3.9780        +INF             .          
Algoma   .Lumber  .2028          .             4.8625        +INF             .          
Algoma   .Lumber  .2029          .             4.6098        +INF             .          
Algoma   .Lumber  .2030          .             3.9892        +INF             .          
Algoma   .Pulpwood.2020          .             4.6353        +INF             .          
Algoma   .Pulpwood.2021          .             5.5409        +INF             .          
Algoma   .Pulpwood.2022          .             4.8027        +INF             .          
Algoma   .Pulpwood.2023          .             5.1131        +INF             .          
Algoma   .Pulpwood.2024          .             4.7110        +INF             .          
Algoma   .Pulpwood.2025          .             5.1688        +INF             .          
Algoma   .Pulpwood.2026          .             4.5863        +INF             .          
Algoma   .Pulpwood.2027          .             4.9520        +INF             .          
Algoma   .Pulpwood.2028          .             4.8720        +INF             .          
Algoma   .Pulpwood.2029          .             5.3666        +INF             .          
Algoma   .Pulpwood.2030          .             5.0492        +INF             .          
Kenora   .CLT     .2020          .             0.1655        +INF             .          
Kenora   .CLT     .2021          .             0.1724        +INF             .          
Kenora   .CLT     .2022          .             0.1877        +INF             .          
Kenora   .CLT     .2023          .             0.1638        +INF             .          
Kenora   .CLT     .2024          .             0.1499        +INF             .          
Kenora   .CLT     .2025          .             0.1883        +INF             .          
Kenora   .CLT     .2026          .             0.1729        +INF             .          
Kenora   .CLT     .2027          .             0.1632        +INF             .          
Kenora   .CLT     .2028          .             0.1897        +INF             .          
Kenora   .CLT     .2029          .             0.1809        +INF             .          
Kenora   .CLT     .2030          .             0.1541        +INF             .          
Kenora   .Glulam  .2020          .             0.1902        +INF             .          
Kenora   .Glulam  .2021          .             0.1733        +INF             .          
Kenora   .Glulam  .2022          .             0.1564        +INF             .          
Kenora   .Glulam  .2023          .             0.1758        +INF             .          
Kenora   .Glulam  .2024          .             0.1636        +INF             .          
Kenora   .Glulam  .2025          .             0.1868        +INF             .          
Kenora   .Glulam  .2026          .             0.1863        +INF             .          
Kenora   .Glulam  .2027          .             0.1503        +INF             .          
Kenora   .Glulam  .2028          .             0.1646        +INF             .          
Kenora   .Glulam  .2029          .             0.1767        +INF             .          
Kenora   .Glulam  .2030          .             0.1738        +INF             .          
Kenora   .Lumber  .2020          .             2.2207        +INF             .          
Kenora   .Lumber  .2021          .             2.7051        +INF             .          
Kenora   .Lumber  .2022          .             2.7592        +INF             .          
Kenora   .Lumber  .2023          .             2.5048        +INF             .          
Kenora   .Lumber  .2024          .             2.3798        +INF             .          
Kenora   .Lumber  .2025          .             2.4980        +INF             .          
Kenora   .Lumber  .2026          .             2.2270        +INF             .          
Kenora   .Lumber  .2027          .             2.6642        +INF             .          
Kenora   .Lumber  .2028          .             2.5198        +INF             .          
Kenora   .Lumber  .2029          .             2.6481        +INF             .          
Kenora   .Lumber  .2030          .             2.6320        +INF             .          
Kenora   .Pulpwood.2020          .             2.0632        +INF             .          
Kenora   .Pulpwood.2021          .             1.8152        +INF             .          
Kenora   .Pulpwood.2022          .             2.2262        +INF             .          
Kenora   .Pulpwood.2023          .             2.0992        +INF             .          
Kenora   .Pulpwood.2024          .             2.2334        +INF             .          
Kenora   .Pulpwood.2025          .             2.1703        +INF             .          
Kenora   .Pulpwood.2026          .             2.0583        +INF             .          
Kenora   .Pulpwood.2027          .             2.0966        +INF             .          
Kenora   .Pulpwood.2028          .             2.0964        +INF             .          
Kenora   .Pulpwood.2029          .             2.1395        +INF             .          
Kenora   .Pulpwood.2030          .             2.0529        +INF             .          
Nipissing.CLT     .2020          .             0.1518        +INF             .          
Nipissing.CLT     .2021          .             0.1694        +INF             .          
Nipissing.CLT     .2022          .             0.1517        +INF             .          
Nipissing.CLT     .2023          .             0.1781        +INF             .          
Nipissing.CLT     .2024          .             0.1575        +INF             .          
Nipissing.CLT     .2025          .             0.1588        +INF             .          
Nipissing.CLT     .2026          .             0.1828        +INF             .          
Nipissing.CLT     .2027          .             0.1901        +INF             .          
Nipissing.CLT     .2028          .             0.1802        +INF             .          
Nipissing.CLT     .2029          .             0.1789        +INF             .          
Nipissing.CLT     .2030          .             0.1496        +INF             .          
Nipissing.Glulam  .2020          .             0.1604        +INF             .          
Nipissing.Glulam  .2021          .             0.1832        +INF             .          
Nipissing.Glulam  .2022          .             0.1830        +INF             .          
Nipissing.Glulam  .2023          .             0.1847        +INF             .          
Nipissing.Glulam  .2024          .             0.1583        +INF             .          
Nipissing.Glulam  .2025          .             0.1682        +INF             .          
Nipissing.Glulam  .2026          .             0.1512        +INF             .          
Nipissing.Glulam  .2027          .             0.1628        +INF             .          
Nipissing.Glulam  .2028          .             0.1675        +INF             .          
Nipissing.Glulam  .2029          .             0.1625        +INF             .          
Nipissing.Glulam  .2030          .             0.1551        +INF             .          
Nipissing.Lumber  .2020          .             6.9851        +INF             .          
Nipissing.Lumber  .2021          .             6.3702        +INF             .          
Nipissing.Lumber  .2022          .             5.9412        +INF             .          
Nipissing.Lumber  .2023          .             6.4462        +INF             .          
Nipissing.Lumber  .2024          .             6.1615        +INF             .          
Nipissing.Lumber  .2025          .             7.1173        +INF             .          
Nipissing.Lumber  .2026          .             5.8205        +INF             .          
Nipissing.Lumber  .2027          .             6.3668        +INF             .          
Nipissing.Lumber  .2028          .             6.2529        +INF             .          
Nipissing.Lumber  .2029          .             6.4505        +INF             .          
Nipissing.Lumber  .2030          .             6.7226        +INF             .          
Nipissing.Pulpwood.2020          .             7.2412        +INF             .          
Nipissing.Pulpwood.2021          .             6.7272        +INF             .          
Nipissing.Pulpwood.2022          .             6.3294        +INF             .          
Nipissing.Pulpwood.2023          .             7.6818        +INF             .          
Nipissing.Pulpwood.2024          .             6.5251        +INF             .          
Nipissing.Pulpwood.2025          .             7.7037        +INF             .          
Nipissing.Pulpwood.2026          .             6.9189        +INF             .          
Nipissing.Pulpwood.2027          .             6.3111        +INF             .          
Nipissing.Pulpwood.2028          .             6.7887        +INF             .          
Nipissing.Pulpwood.2029          .             6.8572        +INF             .          
Nipissing.Pulpwood.2030          .             6.8390        +INF             .          
Algonquin.CLT     .2020          .             0.1542        +INF             .          
Algonquin.CLT     .2021          .             0.1802        +INF             .          
Algonquin.CLT     .2022          .             0.1824        +INF             .          
Algonquin.CLT     .2023          .             0.1506        +INF             .          
Algonquin.CLT     .2024          .             0.1692        +INF             .          
Algonquin.CLT     .2025          .             0.1610        +INF             .          
Algonquin.CLT     .2026          .             0.1864        +INF             .          
Algonquin.CLT     .2027          .             0.1503        +INF             .          
Algonquin.CLT     .2028          .             0.1774        +INF             .          
Algonquin.CLT     .2029          .             0.1884        +INF             .          
Algonquin.CLT     .2030          .             0.1863        +INF             .          
Algonquin.Glulam  .2020          .             0.1863        +INF             .          
Algonquin.Glulam  .2021          .             0.1853        +INF             .          
Algonquin.Glulam  .2022          .             0.1656        +INF             .          
Algonquin.Glulam  .2023          .             0.1702        +INF             .          
Algonquin.Glulam  .2024          .             0.1835        +INF             .          
Algonquin.Glulam  .2025          .             0.1742        +INF             .          
Algonquin.Glulam  .2026          .             0.1530        +INF             .          
Algonquin.Glulam  .2027          .             0.1732        +INF             .          
Algonquin.Glulam  .2028          .             0.1738        +INF             .          
Algonquin.Glulam  .2029          .             0.1775        +INF             .          
Algonquin.Glulam  .2030          .             0.1561        +INF             .          
Algonquin.Lumber  .2020          .             3.8385        +INF             .          
Algonquin.Lumber  .2021          .             3.8232        +INF             .          
Algonquin.Lumber  .2022          .             4.0191        +INF             .          
Algonquin.Lumber  .2023          .             3.8692        +INF             .          
Algonquin.Lumber  .2024          .             3.6810        +INF             .          
Algonquin.Lumber  .2025          .             4.1758        +INF             .          
Algonquin.Lumber  .2026          .             4.0052        +INF             .          
Algonquin.Lumber  .2027          .             4.0732        +INF             .          
Algonquin.Lumber  .2028          .             4.2110        +INF             .          
Algonquin.Lumber  .2029          .             4.1764        +INF             .          
Algonquin.Lumber  .2030          .             3.5391        +INF             .          
Algonquin.Pulpwood.2020          .             4.3262        +INF             .          
Algonquin.Pulpwood.2021          .             4.2016        +INF             .          
Algonquin.Pulpwood.2022          .             3.6693        +INF             .          
Algonquin.Pulpwood.2023          .             4.1063        +INF             .          
Algonquin.Pulpwood.2024          .             4.1551        +INF             .          
Algonquin.Pulpwood.2025          .             3.7066        +INF             .          
Algonquin.Pulpwood.2026          .             3.8690        +INF             .          
Algonquin.Pulpwood.2027          .             4.1189        +INF             .          
Algonquin.Pulpwood.2028          .             4.2221        +INF             .          
Algonquin.Pulpwood.2029          .             3.9174        +INF             .          
Algonquin.Pulpwood.2030          .             3.6712        +INF             .          

---- VAR exports  Interregional shipments (MILLION m3)

                                         LOWER          LEVEL          UPPER         MARGINAL

TroutLake.Abitibi  .CLT     .2020          .              .            +INF          -36.9359      
TroutLake.Abitibi  .CLT     .2021          .              .            +INF          -39.5616      
TroutLake.Abitibi  .CLT     .2022          .              .            +INF          -38.9130      
TroutLake.Abitibi  .CLT     .2023          .              .            +INF          -42.7872      
TroutLake.Abitibi  .CLT     .2024          .              .            +INF          -37.5386      
TroutLake.Abitibi  .CLT     .2025          .              .            +INF          -41.7140      
TroutLake.Abitibi  .CLT     .2026          .              .            +INF          -42.0708      
TroutLake.Abitibi  .CLT     .2027          .              .            +INF          -42.9584      
TroutLake.Abitibi  .CLT     .2028          .              .            +INF          -37.3285      
TroutLake.Abitibi  .CLT     .2029          .              .            +INF          -42.4838      
TroutLake.Abitibi  .CLT     .2030          .              .            +INF          -47.6130      
TroutLake.Abitibi  .Glulam  .2020          .              .            +INF          -37.2795      
TroutLake.Abitibi  .Glulam  .2021          .              .            +INF          -39.6865      
TroutLake.Abitibi  .Glulam  .2022          .              .            +INF          -39.0919      
TroutLake.Abitibi  .Glulam  .2023          .              .            +INF          -42.6432      
TroutLake.Abitibi  .Glulam  .2024          .              .            +INF          -37.8320      
TroutLake.Abitibi  .Glulam  .2025          .              .            +INF          -41.6595      
TroutLake.Abitibi  .Glulam  .2026          .              .            +INF          -41.9866      
TroutLake.Abitibi  .Glulam  .2027          .              .            +INF          -42.8002      
TroutLake.Abitibi  .Glulam  .2028          .              .            +INF          -37.6394      
TroutLake.Abitibi  .Glulam  .2029          .              .            +INF          -42.3652      
TroutLake.Abitibi  .Glulam  .2030          .              .            +INF          -47.0669      
TroutLake.Abitibi  .Lumber  .2020          .              .            +INF          -37.6232      
TroutLake.Abitibi  .Lumber  .2021          .              .            +INF          -39.8114      
TroutLake.Abitibi  .Lumber  .2022          .              .            +INF          -39.2708      
TroutLake.Abitibi  .Lumber  .2023          .              .            +INF          -42.4993      
TroutLake.Abitibi  .Lumber  .2024          .              .            +INF          -38.1255      
TroutLake.Abitibi  .Lumber  .2025          .              .            +INF          -41.6050      
TroutLake.Abitibi  .Lumber  .2026          .              .            +INF          -41.9023      
TroutLake.Abitibi  .Lumber  .2027          .              .            +INF          -42.6420      
TroutLake.Abitibi  .Lumber  .2028          .              .            +INF          -37.9504      
TroutLake.Abitibi  .Lumber  .2029          .              .            +INF          -42.2465      
TroutLake.Abitibi  .Lumber  .2030          .              .            +INF          -46.5208      
TroutLake.Abitibi  .Pulpwood.2020          .              .            +INF          -37.9038      
TroutLake.Abitibi  .Pulpwood.2021          .              .            +INF          -39.9133      
TroutLake.Abitibi  .Pulpwood.2022          .              .            +INF          -39.4169      
TroutLake.Abitibi  .Pulpwood.2023          .              .            +INF          -42.3818      
TroutLake.Abitibi  .Pulpwood.2024          .              .            +INF          -38.3651      
TroutLake.Abitibi  .Pulpwood.2025          .              .            +INF          -41.5605      
TroutLake.Abitibi  .Pulpwood.2026          .              .            +INF          -41.8336      
TroutLake.Abitibi  .Pulpwood.2027          .              .            +INF          -42.5129      
TroutLake.Abitibi  .Pulpwood.2028          .              .            +INF          -38.2042      
TroutLake.Abitibi  .Pulpwood.2029          .              .            +INF          -42.1497      
TroutLake.Abitibi  .Pulpwood.2030          .              .            +INF          -46.0750      
TroutLake.Algoma   .CLT     .2020          .              .            +INF          -45.4679      
TroutLake.Algoma   .CLT     .2021          .              .            +INF          -52.0841      
TroutLake.Algoma   .CLT     .2022          .              .            +INF          -44.6675      
TroutLake.Algoma   .CLT     .2023          .              .            +INF          -39.6918      
TroutLake.Algoma   .CLT     .2024          .              .            +INF          -45.6821      
TroutLake.Algoma   .CLT     .2025          .              .            +INF          -40.5843      
TroutLake.Algoma   .CLT     .2026          .              .            +INF          -40.7429      
TroutLake.Algoma   .CLT     .2027          .              .            +INF          -50.6598      
TroutLake.Algoma   .CLT     .2028          .              .            +INF          -44.6204      
TroutLake.Algoma   .CLT     .2029          .              .            +INF          -45.0380      
TroutLake.Algoma   .CLT     .2030          .              .            +INF          -53.5512      
TroutLake.Algoma   .Glulam  .2020          .              .            +INF          -45.4339      
TroutLake.Algoma   .Glulam  .2021          .              .            +INF          -51.4987      
TroutLake.Algoma   .Glulam  .2022          .              .            +INF          -44.7002      
TroutLake.Algoma   .Glulam  .2023          .              .            +INF          -40.1392      
TroutLake.Algoma   .Glulam  .2024          .              .            +INF          -45.6303      
TroutLake.Algoma   .Glulam  .2025          .              .            +INF          -40.9573      
TroutLake.Algoma   .Glulam  .2026          .              .            +INF          -41.1027      
TroutLake.Algoma   .Glulam  .2027          .              .            +INF          -50.1932      
TroutLake.Algoma   .Glulam  .2028          .              .            +INF          -44.6571      
TroutLake.Algoma   .Glulam  .2029          .              .            +INF          -45.0398      
TroutLake.Algoma   .Glulam  .2030          .              .            +INF          -52.8436      
TroutLake.Algoma   .Lumber  .2020          .              .            +INF          -45.3999      
TroutLake.Algoma   .Lumber  .2021          .              .            +INF          -50.9134      
TroutLake.Algoma   .Lumber  .2022          .              .            +INF          -44.7329      
TroutLake.Algoma   .Lumber  .2023          .              .            +INF          -40.5865      
TroutLake.Algoma   .Lumber  .2024          .              .            +INF          -45.5785      
TroutLake.Algoma   .Lumber  .2025          .              .            +INF          -41.3302      
TroutLake.Algoma   .Lumber  .2026          .              .            +INF          -41.4624      
TroutLake.Algoma   .Lumber  .2027          .              .            +INF          -49.7265      
TroutLake.Algoma   .Lumber  .2028          .              .            +INF          -44.6937      
TroutLake.Algoma   .Lumber  .2029          .              .            +INF          -45.0416      
TroutLake.Algoma   .Lumber  .2030          .              .            +INF          -52.1360      
TroutLake.Algoma   .Pulpwood.2020          .              .            +INF          -45.3722      
TroutLake.Algoma   .Pulpwood.2021          .              .            +INF          -50.4356      
TroutLake.Algoma   .Pulpwood.2022          .              .            +INF          -44.7596      
TroutLake.Algoma   .Pulpwood.2023          .              .            +INF          -40.9517      
TroutLake.Algoma   .Pulpwood.2024          .              .            +INF          -45.5361      
TroutLake.Algoma   .Pulpwood.2025          .              .            +INF          -41.6347      
TroutLake.Algoma   .Pulpwood.2026          .              .            +INF          -41.7561      
TroutLake.Algoma   .Pulpwood.2027          .              .            +INF          -49.3456      
TroutLake.Algoma   .Pulpwood.2028          .              .            +INF          -44.7236      
TroutLake.Algoma   .Pulpwood.2029          .              .            +INF          -45.0431      
TroutLake.Algoma   .Pulpwood.2030          .              .            +INF          -51.5583      
TroutLake.Kenora   .CLT     .2020          .              .            +INF          -95.9594      
TroutLake.Kenora   .CLT     .2021          .              .            +INF         -108.9186      
TroutLake.Kenora   .CLT     .2022          .              .            +INF         -105.7409      
TroutLake.Kenora   .CLT     .2023          .              .            +INF         -100.0928      
TroutLake.Kenora   .CLT     .2024          .              .            +INF          -98.6975      
TroutLake.Kenora   .CLT     .2025          .              .            +INF          -98.9641      
TroutLake.Kenora   .CLT     .2026          .              .            +INF         -101.9051      
TroutLake.Kenora   .CLT     .2027          .              .            +INF         -107.5487      
TroutLake.Kenora   .CLT     .2028          .              .            +INF         -102.5474      
TroutLake.Kenora   .CLT     .2029          .              .            +INF         -104.9448      
TroutLake.Kenora   .CLT     .2030          .              .            +INF         -112.7025      
TroutLake.Kenora   .Glulam  .2020          .              .            +INF          -96.5511      
TroutLake.Kenora   .Glulam  .2021          .              .            +INF         -108.4304      
TroutLake.Kenora   .Glulam  .2022          .              .            +INF         -105.5175      
TroutLake.Kenora   .Glulam  .2023          .              .            +INF         -100.3400      
TroutLake.Kenora   .Glulam  .2024          .              .            +INF          -99.0611      
TroutLake.Kenora   .Glulam  .2025          .              .            +INF          -99.3055      
TroutLake.Kenora   .Glulam  .2026          .              .            +INF         -102.0014      
TroutLake.Kenora   .Glulam  .2027          .              .            +INF         -107.1746      
TroutLake.Kenora   .Glulam  .2028          .              .            +INF         -102.5902      
TroutLake.Kenora   .Glulam  .2029          .              .            +INF         -104.7877      
TroutLake.Kenora   .Glulam  .2030          .              .            +INF         -111.8990      
TroutLake.Kenora   .Lumber  .2020          .              .            +INF          -97.1428      
TroutLake.Kenora   .Lumber  .2021          .              .            +INF         -107.9422      
TroutLake.Kenora   .Lumber  .2022          .              .            +INF         -105.2941      
TroutLake.Kenora   .Lumber  .2023          .              .            +INF         -100.5873      
TroutLake.Kenora   .Lumber  .2024          .              .            +INF          -99.4246      
TroutLake.Kenora   .Lumber  .2025          .              .            +INF          -99.6468      
TroutLake.Kenora   .Lumber  .2026          .              .            +INF         -102.0976      
TroutLake.Kenora   .Lumber  .2027          .              .            +INF         -106.8006      
TroutLake.Kenora   .Lumber  .2028          .              .            +INF         -102.6329      
TroutLake.Kenora   .Lumber  .2029          .              .            +INF         -104.6307      
TroutLake.Kenora   .Lumber  .2030          .              .            +INF         -111.0954      
TroutLake.Kenora   .Pulpwood.2020          .              .            +INF          -97.6259      
TroutLake.Kenora   .Pulpwood.2021          .              .            +INF         -107.5436      
TroutLake.Kenora   .Pulpwood.2022          .              .            +INF         -105.1117      
TroutLake.Kenora   .Pulpwood.2023          .              .            +INF         -100.7892      
TroutLake.Kenora   .Pulpwood.2024          .              .            +INF          -99.7214      
TroutLake.Kenora   .Pulpwood.2025          .              .            +INF          -99.9254      
TroutLake.Kenora   .Pulpwood.2026          .              .            +INF         -102.1762      
TroutLake.Kenora   .Pulpwood.2027          .              .            +INF         -106.4952      
TroutLake.Kenora   .Pulpwood.2028          .              .            +INF         -102.6677      
TroutLake.Kenora   .Pulpwood.2029          .              .            +INF         -104.5024      
TroutLake.Kenora   .Pulpwood.2030          .              .            +INF         -110.4395      
TroutLake.Nipissing.CLT     .2020          .              .            +INF          -15.3697      
TroutLake.Nipissing.CLT     .2021          .              .            +INF          -23.7598      
TroutLake.Nipissing.CLT     .2022          .              .            +INF          -16.0938      
TroutLake.Nipissing.CLT     .2023          .              .            +INF          -14.4293      
TroutLake.Nipissing.CLT     .2024          .              .            +INF          -12.2188      
TroutLake.Nipissing.CLT     .2025          .              .            +INF          -16.3126      
TroutLake.Nipissing.CLT     .2026          .              .            +INF          -13.9057      
TroutLake.Nipissing.CLT     .2027          .              .            +INF          -18.0779      
TroutLake.Nipissing.CLT     .2028          .              .            +INF          -11.3820      
TroutLake.Nipissing.CLT     .2029          .              .            +INF          -19.2523      
TroutLake.Nipissing.CLT     .2030          .              .            +INF          -26.2985      
TroutLake.Nipissing.Glulam  .2020          .              .            +INF          -15.5106      
TroutLake.Nipissing.Glulam  .2021          .              .            +INF          -23.2015      
TroutLake.Nipissing.Glulam  .2022          .              .            +INF          -16.1743      
TroutLake.Nipissing.Glulam  .2023          .              .            +INF          -14.6485      
TroutLake.Nipissing.Glulam  .2024          .              .            +INF          -12.6222      
TroutLake.Nipissing.Glulam  .2025          .              .            +INF          -16.3749      
TroutLake.Nipissing.Glulam  .2026          .              .            +INF          -14.1686      
TroutLake.Nipissing.Glulam  .2027          .              .            +INF          -17.9931      
TroutLake.Nipissing.Glulam  .2028          .              .            +INF          -11.8551      
TroutLake.Nipissing.Glulam  .2029          .              .            +INF          -19.0696      
TroutLake.Nipissing.Glulam  .2030          .              .            +INF          -25.5286      
TroutLake.Nipissing.Lumber  .2020          .              .            +INF          -15.6514      
TroutLake.Nipissing.Lumber  .2021          .              .            +INF          -22.6432      
TroutLake.Nipissing.Lumber  .2022          .              .            +INF          -16.2548      
TroutLake.Nipissing.Lumber  .2023          .              .            +INF          -14.8678      
TroutLake.Nipissing.Lumber  .2024          .              .            +INF          -13.0257      
TroutLake.Nipissing.Lumber  .2025          .              .            +INF          -16.4372      
TroutLake.Nipissing.Lumber  .2026          .              .            +INF          -14.4314      
TroutLake.Nipissing.Lumber  .2027          .              .            +INF          -17.9082      
TroutLake.Nipissing.Lumber  .2028          .              .            +INF          -12.3283      
TroutLake.Nipissing.Lumber  .2029          .              .            +INF          -18.8869      
TroutLake.Nipissing.Lumber  .2030          .              .            +INF          -24.7587      
TroutLake.Nipissing.Pulpwood.2020          .              .            +INF          -15.7664      
TroutLake.Nipissing.Pulpwood.2021          .              .            +INF          -22.1874      
TroutLake.Nipissing.Pulpwood.2022          .              .            +INF          -16.3205      
TroutLake.Nipissing.Pulpwood.2023          .              .            +INF          -15.0467      
TroutLake.Nipissing.Pulpwood.2024          .              .            +INF          -13.3550      
TroutLake.Nipissing.Pulpwood.2025          .              .            +INF          -16.4880      
TroutLake.Nipissing.Pulpwood.2026          .              .            +INF          -14.6460      
TroutLake.Nipissing.Pulpwood.2027          .              .            +INF          -17.8390      
TroutLake.Nipissing.Pulpwood.2028          .              .            +INF          -12.7146      
TroutLake.Nipissing.Pulpwood.2029          .              .            +INF          -18.7378      
TroutLake.Nipissing.Pulpwood.2030          .              .            +INF          -24.1303      
TroutLake.Algonquin.CLT     .2020          .              .            +INF          -12.7616      
TroutLake.Algonquin.CLT     .2021          .              .            +INF          -14.1071      
TroutLake.Algonquin.CLT     .2022          .              .            +INF          -12.1113      
TroutLake.Algonquin.CLT     .2023          .              .            +INF          -14.7921      
TroutLake.Algonquin.CLT     .2024          .              .            +INF           -6.9918      
TroutLake.Algonquin.CLT     .2025          .              .            +INF          -13.5930      
TroutLake.Algonquin.CLT     .2026          .              .            +INF          -13.8249      
TroutLake.Algonquin.CLT     .2027          .              .            +INF          -15.4105      
TroutLake.Algonquin.CLT     .2028          .              .            +INF           -5.1380      
TroutLake.Algonquin.CLT     .2029          .              .            +INF          -15.3238      
TroutLake.Algonquin.CLT     .2030          .              .            +INF          -21.8283      
TroutLake.Algonquin.Glulam  .2020          .              .            +INF          -12.7031      
TroutLake.Algonquin.Glulam  .2021          .              .            +INF          -13.9365      
TroutLake.Algonquin.Glulam  .2022          .              .            +INF          -12.1071      
TroutLake.Algonquin.Glulam  .2023          .              .            +INF          -14.5644      
TroutLake.Algonquin.Glulam  .2024          .              .            +INF           -7.4142      
TroutLake.Algonquin.Glulam  .2025          .              .            +INF          -13.4653      
TroutLake.Algonquin.Glulam  .2026          .              .            +INF          -13.6778      
TroutLake.Algonquin.Glulam  .2027          .              .            +INF          -15.1313      
TroutLake.Algonquin.Glulam  .2028          .              .            +INF           -5.7148      
TroutLake.Algonquin.Glulam  .2029          .              .            +INF          -15.0518      
TroutLake.Algonquin.Glulam  .2030          .              .            +INF          -21.0143      
TroutLake.Algonquin.Lumber  .2020          .              .            +INF          -12.6446      
TroutLake.Algonquin.Lumber  .2021          .              .            +INF          -13.7659      
TroutLake.Algonquin.Lumber  .2022          .              .            +INF          -12.1028      
TroutLake.Algonquin.Lumber  .2023          .              .            +INF          -14.3367      
TroutLake.Algonquin.Lumber  .2024          .              .            +INF           -7.8365      
TroutLake.Algonquin.Lumber  .2025          .              .            +INF          -13.3375      
TroutLake.Algonquin.Lumber  .2026          .              .            +INF          -13.5308      
TroutLake.Algonquin.Lumber  .2027          .              .            +INF          -14.8521      
TroutLake.Algonquin.Lumber  .2028          .              .            +INF           -6.2917      
TroutLake.Algonquin.Lumber  .2029          .              .            +INF          -14.7798      
TroutLake.Algonquin.Lumber  .2030          .              .            +INF          -20.2002      
TroutLake.Algonquin.Pulpwood.2020          .              .            +INF          -12.5969      
TroutLake.Algonquin.Pulpwood.2021          .              .            +INF          -13.6267      
TroutLake.Algonquin.Pulpwood.2022          .              .            +INF          -12.0993      
TroutLake.Algonquin.Pulpwood.2023          .              .            +INF          -14.1509      
TroutLake.Algonquin.Pulpwood.2024          .              .            +INF           -8.1813      
TroutLake.Algonquin.Pulpwood.2025          .              .            +INF          -13.2332      
TroutLake.Algonquin.Pulpwood.2026          .              .            +INF          -13.4107      
TroutLake.Algonquin.Pulpwood.2027          .              .            +INF          -14.6241      
TroutLake.Algonquin.Pulpwood.2028          .              .            +INF           -6.7625      
TroutLake.Algonquin.Pulpwood.2029          .              .            +INF          -14.5578      
TroutLake.Algonquin.Pulpwood.2030          .              .            +INF          -19.5357      
Abitibi  .TroutLake.CLT     .2020          .              .            +INF          -33.1841      
Abitibi  .TroutLake.CLT     .2021          .              .            +INF          -30.5584      
Abitibi  .TroutLake.CLT     .2022          .              .            +INF          -31.2070      
Abitibi  .TroutLake.CLT     .2023          .              .            +INF          -27.3328      
Abitibi  .TroutLake.CLT     .2024          .              .            +INF          -32.5814      
Abitibi  .TroutLake.CLT     .2025          .              .            +INF          -28.4060      
Abitibi  .TroutLake.CLT     .2026          .              .            +INF          -28.0492      
Abitibi  .TroutLake.CLT     .2027          .              .            +INF          -27.1616      
Abitibi  .TroutLake.CLT     .2028          .              .            +INF          -32.7915      
Abitibi  .TroutLake.CLT     .2029          .              .            +INF          -27.6362      
Abitibi  .TroutLake.CLT     .2030          .              .            +INF          -22.5070      
Abitibi  .TroutLake.Glulam  .2020          .              .            +INF          -32.8405      
Abitibi  .TroutLake.Glulam  .2021          .              .            +INF          -30.4335      
Abitibi  .TroutLake.Glulam  .2022          .              .            +INF          -31.0281      
Abitibi  .TroutLake.Glulam  .2023          .              .            +INF          -27.4768      
Abitibi  .TroutLake.Glulam  .2024          .              .            +INF          -32.2880      
Abitibi  .TroutLake.Glulam  .2025          .              .            +INF          -28.4605      
Abitibi  .TroutLake.Glulam  .2026          .              .            +INF          -28.1334      
Abitibi  .TroutLake.Glulam  .2027          .              .            +INF          -27.3198      
Abitibi  .TroutLake.Glulam  .2028          .              .            +INF          -32.4806      
Abitibi  .TroutLake.Glulam  .2029          .              .            +INF          -27.7548      
Abitibi  .TroutLake.Glulam  .2030          .              .            +INF          -23.0531      
Abitibi  .TroutLake.Lumber  .2020          .              .            +INF          -32.4968      
Abitibi  .TroutLake.Lumber  .2021          .              .            +INF          -30.3086      
Abitibi  .TroutLake.Lumber  .2022          .              .            +INF          -30.8492      
Abitibi  .TroutLake.Lumber  .2023          .              .            +INF          -27.6207      
Abitibi  .TroutLake.Lumber  .2024          .              .            +INF          -31.9945      
Abitibi  .TroutLake.Lumber  .2025          .              .            +INF          -28.5150      
Abitibi  .TroutLake.Lumber  .2026          .              .            +INF          -28.2177      
Abitibi  .TroutLake.Lumber  .2027          .              .            +INF          -27.4780      
Abitibi  .TroutLake.Lumber  .2028          .              .            +INF          -32.1696      
Abitibi  .TroutLake.Lumber  .2029          .              .            +INF          -27.8735      
Abitibi  .TroutLake.Lumber  .2030          .              .            +INF          -23.5992      
Abitibi  .TroutLake.Pulpwood.2020          .              .            +INF          -32.2162      
Abitibi  .TroutLake.Pulpwood.2021          .              .            +INF          -30.2067      
Abitibi  .TroutLake.Pulpwood.2022          .              .            +INF          -30.7031      
Abitibi  .TroutLake.Pulpwood.2023          .              .            +INF          -27.7382      
Abitibi  .TroutLake.Pulpwood.2024          .              .            +INF          -31.7549      
Abitibi  .TroutLake.Pulpwood.2025          .              .            +INF          -28.5595      
Abitibi  .TroutLake.Pulpwood.2026          .              .            +INF          -28.2864      
Abitibi  .TroutLake.Pulpwood.2027          .              .            +INF          -27.6071      
Abitibi  .TroutLake.Pulpwood.2028          .              .            +INF          -31.9158      
Abitibi  .TroutLake.Pulpwood.2029          .              .            +INF          -27.9703      
Abitibi  .TroutLake.Pulpwood.2030          .              .            +INF          -24.0450      
Abitibi  .Algoma   .CLT     .2020          .              .            +INF          -42.5921      
Abitibi  .Algoma   .CLT     .2021          .              .            +INF          -46.5825      
Abitibi  .Algoma   .CLT     .2022          .              .            +INF          -39.8145      
Abitibi  .Algoma   .CLT     .2023          .              .            +INF          -30.9646      
Abitibi  .Algoma   .CLT     .2024          .              .            +INF          -42.2036      
Abitibi  .Algoma   .CLT     .2025          .              .            +INF          -32.9303      
Abitibi  .Algoma   .CLT     .2026          .              .            +INF          -32.7321      
Abitibi  .Algoma   .CLT     .2027          .              .            +INF          -41.7614      
Abitibi  .Algoma   .CLT     .2028          .              .            +INF          -41.3520      
Abitibi  .Algoma   .CLT     .2029          .              .            +INF          -36.6141      
Abitibi  .Algoma   .CLT     .2030          .              .            +INF          -39.9982      
Abitibi  .Algoma   .Glulam  .2020          .              .            +INF          -42.2144      
Abitibi  .Algoma   .Glulam  .2021          .              .            +INF          -45.8722      
Abitibi  .Algoma   .Glulam  .2022          .              .            +INF          -39.6682      
Abitibi  .Algoma   .Glulam  .2023          .              .            +INF          -31.5559      
Abitibi  .Algoma   .Glulam  .2024          .              .            +INF          -41.8583      
Abitibi  .Algoma   .Glulam  .2025          .              .            +INF          -33.3578      
Abitibi  .Algoma   .Glulam  .2026          .              .            +INF          -33.1761      
Abitibi  .Algoma   .Glulam  .2027          .              .            +INF          -41.4530      
Abitibi  .Algoma   .Glulam  .2028          .              .            +INF          -41.0776      
Abitibi  .Algoma   .Glulam  .2029          .              .            +INF          -36.7346      
Abitibi  .Algoma   .Glulam  .2030          .              .            +INF          -39.8367      
Abitibi  .Algoma   .Lumber  .2020          .              .            +INF          -41.8367      
Abitibi  .Algoma   .Lumber  .2021          .              .            +INF          -45.1620      
Abitibi  .Algoma   .Lumber  .2022          .              .            +INF          -39.5220      
Abitibi  .Algoma   .Lumber  .2023          .              .            +INF          -32.1472      
Abitibi  .Algoma   .Lumber  .2024          .              .            +INF          -41.5130      
Abitibi  .Algoma   .Lumber  .2025          .              .            +INF          -33.7853      
Abitibi  .Algoma   .Lumber  .2026          .              .            +INF          -33.6201      
Abitibi  .Algoma   .Lumber  .2027          .              .            +INF          -41.1445      
Abitibi  .Algoma   .Lumber  .2028          .              .            +INF          -40.8033      
Abitibi  .Algoma   .Lumber  .2029          .              .            +INF          -36.8551      
Abitibi  .Algoma   .Lumber  .2030          .              .            +INF          -39.6752      
Abitibi  .Algoma   .Pulpwood.2020          .              .            +INF          -41.5284      
Abitibi  .Algoma   .Pulpwood.2021          .              .            +INF          -44.5823      
Abitibi  .Algoma   .Pulpwood.2022          .              .            +INF          -39.4027      
Abitibi  .Algoma   .Pulpwood.2023          .              .            +INF          -32.6299      
Abitibi  .Algoma   .Pulpwood.2024          .              .            +INF          -41.2311      
Abitibi  .Algoma   .Pulpwood.2025          .              .            +INF          -34.1342      
Abitibi  .Algoma   .Pulpwood.2026          .              .            +INF          -33.9825      
Abitibi  .Algoma   .Pulpwood.2027          .              .            +INF          -40.8927      
Abitibi  .Algoma   .Pulpwood.2028          .              .            +INF          -40.5794      
Abitibi  .Algoma   .Pulpwood.2029          .              .            +INF          -36.9535      
Abitibi  .Algoma   .Pulpwood.2030          .              .            +INF          -39.5433      
Abitibi  .Kenora   .CLT     .2020          .              .            +INF          -75.0835      
Abitibi  .Kenora   .CLT     .2021          .              .            +INF          -85.4170      
Abitibi  .Kenora   .CLT     .2022          .              .            +INF          -82.8879      
Abitibi  .Kenora   .CLT     .2023          .              .            +INF          -73.3656      
Abitibi  .Kenora   .CLT     .2024          .              .            +INF          -77.2189      
Abitibi  .Kenora   .CLT     .2025          .              .            +INF          -73.3102      
Abitibi  .Kenora   .CLT     .2026          .              .            +INF          -75.8943      
Abitibi  .Kenora   .CLT     .2027          .              .            +INF          -80.6503      
Abitibi  .Kenora   .CLT     .2028          .              .            +INF          -81.2790      
Abitibi  .Kenora   .CLT     .2029          .              .            +INF          -78.5209      
Abitibi  .Kenora   .CLT     .2030          .              .            +INF          -81.1496      
Abitibi  .Kenora   .Glulam  .2020          .              .            +INF          -75.3316      
Abitibi  .Kenora   .Glulam  .2021          .              .            +INF          -84.8039      
Abitibi  .Kenora   .Glulam  .2022          .              .            +INF          -82.4856      
Abitibi  .Kenora   .Glulam  .2023          .              .            +INF          -73.7568      
Abitibi  .Kenora   .Glulam  .2024          .              .            +INF          -77.2890      
Abitibi  .Kenora   .Glulam  .2025          .              .            +INF          -73.7060      
Abitibi  .Kenora   .Glulam  .2026          .              .            +INF          -76.0748      
Abitibi  .Kenora   .Glulam  .2027          .              .            +INF          -80.4344      
Abitibi  .Kenora   .Glulam  .2028          .              .            +INF          -81.0107      
Abitibi  .Kenora   .Glulam  .2029          .              .            +INF          -78.4825      
Abitibi  .Kenora   .Glulam  .2030          .              .            +INF          -80.8921      
Abitibi  .Kenora   .Lumber  .2020          .              .            +INF          -75.5796      
Abitibi  .Kenora   .Lumber  .2021          .              .            +INF          -84.1908      
Abitibi  .Kenora   .Lumber  .2022          .              .            +INF          -82.0832      
Abitibi  .Kenora   .Lumber  .2023          .              .            +INF          -74.1480      
Abitibi  .Kenora   .Lumber  .2024          .              .            +INF          -77.3591      
Abitibi  .Kenora   .Lumber  .2025          .              .            +INF          -74.1018      
Abitibi  .Kenora   .Lumber  .2026          .              .            +INF          -76.2553      
Abitibi  .Kenora   .Lumber  .2027          .              .            +INF          -80.2186      
Abitibi  .Kenora   .Lumber  .2028          .              .            +INF          -80.7425      
Abitibi  .Kenora   .Lumber  .2029          .              .            +INF          -78.4441      
Abitibi  .Kenora   .Lumber  .2030          .              .            +INF          -80.6346      
Abitibi  .Kenora   .Pulpwood.2020          .              .            +INF          -75.7821      
Abitibi  .Kenora   .Pulpwood.2021          .              .            +INF          -83.6903      
Abitibi  .Kenora   .Pulpwood.2022          .              .            +INF          -81.7548      
Abitibi  .Kenora   .Pulpwood.2023          .              .            +INF          -74.4673      
Abitibi  .Kenora   .Pulpwood.2024          .              .            +INF          -77.4163      
Abitibi  .Kenora   .Pulpwood.2025          .              .            +INF          -74.4249      
Abitibi  .Kenora   .Pulpwood.2026          .              .            +INF          -76.4026      
Abitibi  .Kenora   .Pulpwood.2027          .              .            +INF          -80.0424      
Abitibi  .Kenora   .Pulpwood.2028          .              .            +INF          -80.5235      
Abitibi  .Kenora   .Pulpwood.2029          .              .            +INF          -78.4128      
Abitibi  .Kenora   .Pulpwood.2030          .              .            +INF          -80.4245      
Abitibi  .Nipissing.CLT     .2020          .              .            +INF          -30.4939      
Abitibi  .Nipissing.CLT     .2021          .              .            +INF          -36.2582      
Abitibi  .Nipissing.CLT     .2022          .              .            +INF          -29.2408      
Abitibi  .Nipissing.CLT     .2023          .              .            +INF          -23.7021      
Abitibi  .Nipissing.CLT     .2024          .              .            +INF          -26.7402      
Abitibi  .Nipissing.CLT     .2025          .              .            +INF          -26.6587      
Abitibi  .Nipissing.CLT     .2026          .              .            +INF          -23.8949      
Abitibi  .Nipissing.CLT     .2027          .              .            +INF          -27.1795      
Abitibi  .Nipissing.CLT     .2028          .              .            +INF          -26.1135      
Abitibi  .Nipissing.CLT     .2029          .              .            +INF          -28.8285      
Abitibi  .Nipissing.CLT     .2030          .              .            +INF          -30.7455      
Abitibi  .Nipissing.Glulam  .2020          .              .            +INF          -30.2910      
Abitibi  .Nipissing.Glulam  .2021          .              .            +INF          -35.5750      
Abitibi  .Nipissing.Glulam  .2022          .              .            +INF          -29.1424      
Abitibi  .Nipissing.Glulam  .2023          .              .            +INF          -24.0653      
Abitibi  .Nipissing.Glulam  .2024          .              .            +INF          -26.8502      
Abitibi  .Nipissing.Glulam  .2025          .              .            +INF          -26.7755      
Abitibi  .Nipissing.Glulam  .2026          .              .            +INF          -24.2420      
Abitibi  .Nipissing.Glulam  .2027          .              .            +INF          -27.2529      
Abitibi  .Nipissing.Glulam  .2028          .              .            +INF          -26.2757      
Abitibi  .Nipissing.Glulam  .2029          .              .            +INF          -28.7644      
Abitibi  .Nipissing.Glulam  .2030          .              .            +INF          -30.5217      
Abitibi  .Nipissing.Lumber  .2020          .              .            +INF          -30.0882      
Abitibi  .Nipissing.Lumber  .2021          .              .            +INF          -34.8918      
Abitibi  .Nipissing.Lumber  .2022          .              .            +INF          -29.0440      
Abitibi  .Nipissing.Lumber  .2023          .              .            +INF          -24.4284      
Abitibi  .Nipissing.Lumber  .2024          .              .            +INF          -26.9602      
Abitibi  .Nipissing.Lumber  .2025          .              .            +INF          -26.8922      
Abitibi  .Nipissing.Lumber  .2026          .              .            +INF          -24.5891      
Abitibi  .Nipissing.Lumber  .2027          .              .            +INF          -27.3262      
Abitibi  .Nipissing.Lumber  .2028          .              .            +INF          -26.4379      
Abitibi  .Nipissing.Lumber  .2029          .              .            +INF          -28.7004      
Abitibi  .Nipissing.Lumber  .2030          .              .            +INF          -30.2979      
Abitibi  .Nipissing.Pulpwood.2020          .              .            +INF          -29.9226      
Abitibi  .Nipissing.Pulpwood.2021          .              .            +INF          -34.3341      
Abitibi  .Nipissing.Pulpwood.2022          .              .            +INF          -28.9637      
Abitibi  .Nipissing.Pulpwood.2023          .              .            +INF          -24.7249      
Abitibi  .Nipissing.Pulpwood.2024          .              .            +INF          -27.0500      
Abitibi  .Nipissing.Pulpwood.2025          .              .            +INF          -26.9876      
Abitibi  .Nipissing.Pulpwood.2026          .              .            +INF          -24.8725      
Abitibi  .Nipissing.Pulpwood.2027          .              .            +INF          -27.3861      
Abitibi  .Nipissing.Pulpwood.2028          .              .            +INF          -26.5703      
Abitibi  .Nipissing.Pulpwood.2029          .              .            +INF          -28.6481      
Abitibi  .Nipissing.Pulpwood.2030          .              .            +INF          -30.1152      
Abitibi  .Algonquin.CLT     .2020          .              .            +INF          -39.8857      
Abitibi  .Algonquin.CLT     .2021          .              .            +INF          -38.6055      
Abitibi  .Algonquin.CLT     .2022          .              .            +INF          -37.2583      
Abitibi  .Algonquin.CLT     .2023          .              .            +INF          -36.0649      
Abitibi  .Algonquin.CLT     .2024          .              .            +INF          -33.5132      
Abitibi  .Algonquin.CLT     .2025          .              .            +INF          -35.9391      
Abitibi  .Algonquin.CLT     .2026          .              .            +INF          -35.8141      
Abitibi  .Algonquin.CLT     .2027          .              .            +INF          -36.5121      
Abitibi  .Algonquin.CLT     .2028          .              .            +INF          -31.8695      
Abitibi  .Algonquin.CLT     .2029          .              .            +INF          -36.9000      
Abitibi  .Algonquin.CLT     .2030          .              .            +INF          -38.2753      
Abitibi  .Algonquin.Glulam  .2020          .              .            +INF          -39.4835      
Abitibi  .Algonquin.Glulam  .2021          .              .            +INF          -38.3100      
Abitibi  .Algonquin.Glulam  .2022          .              .            +INF          -37.0751      
Abitibi  .Algonquin.Glulam  .2023          .              .            +INF          -35.9812      
Abitibi  .Algonquin.Glulam  .2024          .              .            +INF          -33.6421      
Abitibi  .Algonquin.Glulam  .2025          .              .            +INF          -35.8658      
Abitibi  .Algonquin.Glulam  .2026          .              .            +INF          -35.7513      
Abitibi  .Algonquin.Glulam  .2027          .              .            +INF          -36.3911      
Abitibi  .Algonquin.Glulam  .2028          .              .            +INF          -32.1354      
Abitibi  .Algonquin.Glulam  .2029          .              .            +INF          -36.7466      
Abitibi  .Algonquin.Glulam  .2030          .              .            +INF          -38.0074      
Abitibi  .Algonquin.Lumber  .2020          .              .            +INF          -39.0814      
Abitibi  .Algonquin.Lumber  .2021          .              .            +INF          -38.0146      
Abitibi  .Algonquin.Lumber  .2022          .              .            +INF          -36.8919      
Abitibi  .Algonquin.Lumber  .2023          .              .            +INF          -35.8974      
Abitibi  .Algonquin.Lumber  .2024          .              .            +INF          -33.7710      
Abitibi  .Algonquin.Lumber  .2025          .              .            +INF          -35.7926      
Abitibi  .Algonquin.Lumber  .2026          .              .            +INF          -35.6884      
Abitibi  .Algonquin.Lumber  .2027          .              .            +INF          -36.2701      
Abitibi  .Algonquin.Lumber  .2028          .              .            +INF          -32.4013      
Abitibi  .Algonquin.Lumber  .2029          .              .            +INF          -36.5933      
Abitibi  .Algonquin.Lumber  .2030          .              .            +INF          -37.7394      
Abitibi  .Algonquin.Pulpwood.2020          .              .            +INF          -38.7531      
Abitibi  .Algonquin.Pulpwood.2021          .              .            +INF          -37.7734      
Abitibi  .Algonquin.Pulpwood.2022          .              .            +INF          -36.7424      
Abitibi  .Algonquin.Pulpwood.2023          .              .            +INF          -35.8291      
Abitibi  .Algonquin.Pulpwood.2024          .              .            +INF          -33.8762      
Abitibi  .Algonquin.Pulpwood.2025          .              .            +INF          -35.7328      
Abitibi  .Algonquin.Pulpwood.2026          .              .            +INF          -35.6371      
Abitibi  .Algonquin.Pulpwood.2027          .              .            +INF          -36.1713      
Abitibi  .Algonquin.Pulpwood.2028          .              .            +INF          -32.6183      
Abitibi  .Algonquin.Pulpwood.2029          .              .            +INF          -36.4681      
Abitibi  .Algonquin.Pulpwood.2030          .              .            +INF          -37.5207      
Algoma   .TroutLake.CLT     .2020          .              .            +INF          -33.6521      
Algoma   .TroutLake.CLT     .2021          .              .            +INF          -27.0359      
Algoma   .TroutLake.CLT     .2022          .              .            +INF          -34.4525      
Algoma   .TroutLake.CLT     .2023          .              .            +INF          -39.4282      
Algoma   .TroutLake.CLT     .2024          .              .            +INF          -33.4379      
Algoma   .TroutLake.CLT     .2025          .              .            +INF          -38.5357      
Algoma   .TroutLake.CLT     .2026          .              .            +INF          -38.3771      
Algoma   .TroutLake.CLT     .2027          .              .            +INF          -28.4602      
Algoma   .TroutLake.CLT     .2028          .              .            +INF          -34.4996      
Algoma   .TroutLake.CLT     .2029          .              .            +INF          -34.0820      
Algoma   .TroutLake.CLT     .2030          .              .            +INF          -25.5688      
Algoma   .TroutLake.Glulam  .2020          .              .            +INF          -33.6861      
Algoma   .TroutLake.Glulam  .2021          .              .            +INF          -27.6213      
Algoma   .TroutLake.Glulam  .2022          .              .            +INF          -34.4198      
Algoma   .TroutLake.Glulam  .2023          .              .            +INF          -38.9808      
Algoma   .TroutLake.Glulam  .2024          .              .            +INF          -33.4897      
Algoma   .TroutLake.Glulam  .2025          .              .            +INF          -38.1627      
Algoma   .TroutLake.Glulam  .2026          .              .            +INF          -38.0173      
Algoma   .TroutLake.Glulam  .2027          .              .            +INF          -28.9268      
Algoma   .TroutLake.Glulam  .2028          .              .            +INF          -34.4629      
Algoma   .TroutLake.Glulam  .2029          .              .            +INF          -34.0802      
Algoma   .TroutLake.Glulam  .2030          .              .            +INF          -26.2764      
Algoma   .TroutLake.Lumber  .2020          .              .            +INF          -33.7201      
Algoma   .TroutLake.Lumber  .2021          .              .            +INF          -28.2066      
Algoma   .TroutLake.Lumber  .2022          .              .            +INF          -34.3871      
Algoma   .TroutLake.Lumber  .2023          .              .            +INF          -38.5335      
Algoma   .TroutLake.Lumber  .2024          .              .            +INF          -33.5415      
Algoma   .TroutLake.Lumber  .2025          .              .            +INF          -37.7898      
Algoma   .TroutLake.Lumber  .2026          .              .            +INF          -37.6576      
Algoma   .TroutLake.Lumber  .2027          .              .            +INF          -29.3935      
Algoma   .TroutLake.Lumber  .2028          .              .            +INF          -34.4263      
Algoma   .TroutLake.Lumber  .2029          .              .            +INF          -34.0784      
Algoma   .TroutLake.Lumber  .2030          .              .            +INF          -26.9840      
Algoma   .TroutLake.Pulpwood.2020          .              .            +INF          -33.7478      
Algoma   .TroutLake.Pulpwood.2021          .              .            +INF          -28.6844      
Algoma   .TroutLake.Pulpwood.2022          .              .            +INF          -34.3604      
Algoma   .TroutLake.Pulpwood.2023          .              .            +INF          -38.1683      
Algoma   .TroutLake.Pulpwood.2024          .              .            +INF          -33.5839      
Algoma   .TroutLake.Pulpwood.2025          .              .            +INF          -37.4853      
Algoma   .TroutLake.Pulpwood.2026          .              .            +INF          -37.3639      
Algoma   .TroutLake.Pulpwood.2027          .              .            +INF          -29.7744      
Algoma   .TroutLake.Pulpwood.2028          .              .            +INF          -34.3964      
Algoma   .TroutLake.Pulpwood.2029          .              .            +INF          -34.0769      
Algoma   .TroutLake.Pulpwood.2030          .              .            +INF          -27.5617      
Algoma   .Abitibi  .CLT     .2020          .              .            +INF          -26.5279      
Algoma   .Abitibi  .CLT     .2021          .              .            +INF          -22.5375      
Algoma   .Abitibi  .CLT     .2022          .              .            +INF          -29.3055      
Algoma   .Abitibi  .CLT     .2023          .              .            +INF          -38.1554      
Algoma   .Abitibi  .CLT     .2024          .              .            +INF          -26.9164      
Algoma   .Abitibi  .CLT     .2025          .              .            +INF          -36.1897      
Algoma   .Abitibi  .CLT     .2026          .              .            +INF          -36.3879      
Algoma   .Abitibi  .CLT     .2027          .              .            +INF          -27.3586      
Algoma   .Abitibi  .CLT     .2028          .              .            +INF          -27.7680      
Algoma   .Abitibi  .CLT     .2029          .              .            +INF          -32.5059      
Algoma   .Abitibi  .CLT     .2030          .              .            +INF          -29.1218      
Algoma   .Abitibi  .Glulam  .2020          .              .            +INF          -26.9056      
Algoma   .Abitibi  .Glulam  .2021          .              .            +INF          -23.2478      
Algoma   .Abitibi  .Glulam  .2022          .              .            +INF          -29.4518      
Algoma   .Abitibi  .Glulam  .2023          .              .            +INF          -37.5641      
Algoma   .Abitibi  .Glulam  .2024          .              .            +INF          -27.2617      
Algoma   .Abitibi  .Glulam  .2025          .              .            +INF          -35.7622      
Algoma   .Abitibi  .Glulam  .2026          .              .            +INF          -35.9439      
Algoma   .Abitibi  .Glulam  .2027          .              .            +INF          -27.6670      
Algoma   .Abitibi  .Glulam  .2028          .              .            +INF          -28.0424      
Algoma   .Abitibi  .Glulam  .2029          .              .            +INF          -32.3854      
Algoma   .Abitibi  .Glulam  .2030          .              .            +INF          -29.2833      
Algoma   .Abitibi  .Lumber  .2020          .              .            +INF          -27.2833      
Algoma   .Abitibi  .Lumber  .2021          .              .            +INF          -23.9580      
Algoma   .Abitibi  .Lumber  .2022          .              .            +INF          -29.5980      
Algoma   .Abitibi  .Lumber  .2023          .              .            +INF          -36.9728      
Algoma   .Abitibi  .Lumber  .2024          .              .            +INF          -27.6070      
Algoma   .Abitibi  .Lumber  .2025          .              .            +INF          -35.3347      
Algoma   .Abitibi  .Lumber  .2026          .              .            +INF          -35.4999      
Algoma   .Abitibi  .Lumber  .2027          .              .            +INF          -27.9755      
Algoma   .Abitibi  .Lumber  .2028          .              .            +INF          -28.3167      
Algoma   .Abitibi  .Lumber  .2029          .              .            +INF          -32.2649      
Algoma   .Abitibi  .Lumber  .2030          .              .            +INF          -29.4448      
Algoma   .Abitibi  .Pulpwood.2020          .              .            +INF          -27.5916      
Algoma   .Abitibi  .Pulpwood.2021          .              .            +INF          -24.5377      
Algoma   .Abitibi  .Pulpwood.2022          .              .            +INF          -29.7173      
Algoma   .Abitibi  .Pulpwood.2023          .              .            +INF          -36.4901      
Algoma   .Abitibi  .Pulpwood.2024          .              .            +INF          -27.8889      
Algoma   .Abitibi  .Pulpwood.2025          .              .            +INF          -34.9858      
Algoma   .Abitibi  .Pulpwood.2026          .              .            +INF          -35.1375      
Algoma   .Abitibi  .Pulpwood.2027          .              .            +INF          -28.2273      
Algoma   .Abitibi  .Pulpwood.2028          .              .            +INF          -28.5406      
Algoma   .Abitibi  .Pulpwood.2029          .              .            +INF          -32.1665      
Algoma   .Abitibi  .Pulpwood.2030          .              .            +INF          -29.5767      
Algoma   .Kenora   .CLT     .2020          .              .            +INF          -55.5515      
Algoma   .Kenora   .CLT     .2021          .              .            +INF          -61.8945      
Algoma   .Kenora   .CLT     .2022          .              .            +INF          -66.1334      
Algoma   .Kenora   .CLT     .2023          .              .            +INF          -65.4610      
Algoma   .Kenora   .CLT     .2024          .              .            +INF          -58.0754      
Algoma   .Kenora   .CLT     .2025          .              .            +INF          -63.4399      
Algoma   .Kenora   .CLT     .2026          .              .            +INF          -66.2222      
Algoma   .Kenora   .CLT     .2027          .              .            +INF          -61.9489      
Algoma   .Kenora   .CLT     .2028          .              .            +INF          -62.9870      
Algoma   .Kenora   .CLT     .2029          .              .            +INF          -64.9668      
Algoma   .Kenora   .CLT     .2030          .              .            +INF          -64.2114      
Algoma   .Kenora   .Glulam  .2020          .              .            +INF          -56.1772      
Algoma   .Kenora   .Glulam  .2021          .              .            +INF          -61.9917      
Algoma   .Kenora   .Glulam  .2022          .              .            +INF          -65.8773      
Algoma   .Kenora   .Glulam  .2023          .              .            +INF          -65.2609      
Algoma   .Kenora   .Glulam  .2024          .              .            +INF          -58.4908      
Algoma   .Kenora   .Glulam  .2025          .              .            +INF          -63.4082      
Algoma   .Kenora   .Glulam  .2026          .              .            +INF          -65.9587      
Algoma   .Kenora   .Glulam  .2027          .              .            +INF          -62.0415      
Algoma   .Kenora   .Glulam  .2028          .              .            +INF          -62.9931      
Algoma   .Kenora   .Glulam  .2029          .              .            +INF          -64.8079      
Algoma   .Kenora   .Glulam  .2030          .              .            +INF          -64.1154      
Algoma   .Kenora   .Lumber  .2020          .              .            +INF          -56.8029      
Algoma   .Kenora   .Lumber  .2021          .              .            +INF          -62.0888      
Algoma   .Kenora   .Lumber  .2022          .              .            +INF          -65.6212      
Algoma   .Kenora   .Lumber  .2023          .              .            +INF          -65.0608      
Algoma   .Kenora   .Lumber  .2024          .              .            +INF          -58.9061      
Algoma   .Kenora   .Lumber  .2025          .              .            +INF          -63.3765      
Algoma   .Kenora   .Lumber  .2026          .              .            +INF          -65.6952      
Algoma   .Kenora   .Lumber  .2027          .              .            +INF          -62.1341      
Algoma   .Kenora   .Lumber  .2028          .              .            +INF          -62.9992      
Algoma   .Kenora   .Lumber  .2029          .              .            +INF          -64.6490      
Algoma   .Kenora   .Lumber  .2030          .              .            +INF          -64.0195      
Algoma   .Kenora   .Pulpwood.2020          .              .            +INF          -57.3137      
Algoma   .Kenora   .Pulpwood.2021          .              .            +INF          -62.1681      
Algoma   .Kenora   .Pulpwood.2022          .              .            +INF          -65.4121      
Algoma   .Kenora   .Pulpwood.2023          .              .            +INF          -64.8975      
Algoma   .Kenora   .Pulpwood.2024          .              .            +INF          -59.2452      
Algoma   .Kenora   .Pulpwood.2025          .              .            +INF          -63.3507      
Algoma   .Kenora   .Pulpwood.2026          .              .            +INF          -65.4801      
Algoma   .Kenora   .Pulpwood.2027          .              .            +INF          -62.2097      
Algoma   .Kenora   .Pulpwood.2028          .              .            +INF          -63.0041      
Algoma   .Kenora   .Pulpwood.2029          .              .            +INF          -64.5193      
Algoma   .Kenora   .Pulpwood.2030          .              .            +INF          -63.9411      
Algoma   .Nipissing.CLT     .2020          .              .            +INF          -31.9618      
Algoma   .Nipissing.CLT     .2021          .              .            +INF          -33.7358      
Algoma   .Nipissing.CLT     .2022          .              .            +INF          -33.4863      
Algoma   .Nipissing.CLT     .2023          .              .            +INF          -36.7975      
Algoma   .Nipissing.CLT     .2024          .              .            +INF          -28.5967      
Algoma   .Nipissing.CLT     .2025          .              .            +INF          -37.7883      
Algoma   .Nipissing.CLT     .2026          .              .            +INF          -35.2228      
Algoma   .Nipissing.CLT     .2027          .              .            +INF          -29.4781      
Algoma   .Nipissing.CLT     .2028          .              .            +INF          -28.8215      
Algoma   .Nipissing.CLT     .2029          .              .            +INF          -36.2743      
Algoma   .Nipissing.CLT     .2030          .              .            +INF          -34.8073      
Algoma   .Nipissing.Glulam  .2020          .              .            +INF          -32.1367      
Algoma   .Nipissing.Glulam  .2021          .              .            +INF          -33.7628      
Algoma   .Nipissing.Glulam  .2022          .              .            +INF          -33.5341      
Algoma   .Nipissing.Glulam  .2023          .              .            +INF          -36.5694      
Algoma   .Nipissing.Glulam  .2024          .              .            +INF          -29.0519      
Algoma   .Nipissing.Glulam  .2025          .              .            +INF          -37.4776      
Algoma   .Nipissing.Glulam  .2026          .              .            +INF          -35.1259      
Algoma   .Nipissing.Glulam  .2027          .              .            +INF          -29.8599      
Algoma   .Nipissing.Glulam  .2028          .              .            +INF          -29.2581      
Algoma   .Nipissing.Glulam  .2029          .              .            +INF          -36.0898      
Algoma   .Nipissing.Glulam  .2030          .              .            +INF          -34.7450      
Algoma   .Nipissing.Lumber  .2020          .              .            +INF          -32.3115      
Algoma   .Nipissing.Lumber  .2021          .              .            +INF          -33.7898      
Algoma   .Nipissing.Lumber  .2022          .              .            +INF          -33.5819      
Algoma   .Nipissing.Lumber  .2023          .              .            +INF          -36.3412      
Algoma   .Nipissing.Lumber  .2024          .              .            +INF          -29.5072      
Algoma   .Nipissing.Lumber  .2025          .              .            +INF          -37.1670      
Algoma   .Nipissing.Lumber  .2026          .              .            +INF          -35.0290      
Algoma   .Nipissing.Lumber  .2027          .              .            +INF          -30.2417      
Algoma   .Nipissing.Lumber  .2028          .              .            +INF          -29.6946      
Algoma   .Nipissing.Lumber  .2029          .              .            +INF          -35.9053      
Algoma   .Nipissing.Lumber  .2030          .              .            +INF          -34.6828      
Algoma   .Nipissing.Pulpwood.2020          .              .            +INF          -32.4542      
Algoma   .Nipissing.Pulpwood.2021          .              .            +INF          -33.8119      
Algoma   .Nipissing.Pulpwood.2022          .              .            +INF          -33.6210      
Algoma   .Nipissing.Pulpwood.2023          .              .            +INF          -36.1550      
Algoma   .Nipissing.Pulpwood.2024          .              .            +INF          -29.8789      
Algoma   .Nipissing.Pulpwood.2025          .              .            +INF          -36.9133      
Algoma   .Nipissing.Pulpwood.2026          .              .            +INF          -34.9499      
Algoma   .Nipissing.Pulpwood.2027          .              .            +INF          -30.5534      
Algoma   .Nipissing.Pulpwood.2028          .              .            +INF          -30.0510      
Algoma   .Nipissing.Pulpwood.2029          .              .            +INF          -35.7547      
Algoma   .Nipissing.Pulpwood.2030          .              .            +INF          -34.6319      
Algoma   .Algonquin.CLT     .2020          .              .            +INF          -41.3536      
Algoma   .Algonquin.CLT     .2021          .              .            +INF          -36.0830      
Algoma   .Algonquin.CLT     .2022          .              .            +INF          -41.5039      
Algoma   .Algonquin.CLT     .2023          .              .            +INF          -49.1603      
Algoma   .Algonquin.CLT     .2024          .              .            +INF          -35.3697      
Algoma   .Algonquin.CLT     .2025          .              .            +INF          -47.0687      
Algoma   .Algonquin.CLT     .2026          .              .            +INF          -47.1420      
Algoma   .Algonquin.CLT     .2027          .              .            +INF          -38.8107      
Algoma   .Algonquin.CLT     .2028          .              .            +INF          -34.5776      
Algoma   .Algonquin.CLT     .2029          .              .            +INF          -44.3458      
Algoma   .Algonquin.CLT     .2030          .              .            +INF          -42.3371      
Algoma   .Algonquin.Glulam  .2020          .              .            +INF          -41.3292      
Algoma   .Algonquin.Glulam  .2021          .              .            +INF          -36.4978      
Algoma   .Algonquin.Glulam  .2022          .              .            +INF          -41.4669      
Algoma   .Algonquin.Glulam  .2023          .              .            +INF          -48.4852      
Algoma   .Algonquin.Glulam  .2024          .              .            +INF          -35.8439      
Algoma   .Algonquin.Glulam  .2025          .              .            +INF          -46.5680      
Algoma   .Algonquin.Glulam  .2026          .              .            +INF          -46.6352      
Algoma   .Algonquin.Glulam  .2027          .              .            +INF          -38.9981      
Algoma   .Algonquin.Glulam  .2028          .              .            +INF          -35.1178      
Algoma   .Algonquin.Glulam  .2029          .              .            +INF          -44.0720      
Algoma   .Algonquin.Glulam  .2030          .              .            +INF          -42.2307      
Algoma   .Algonquin.Lumber  .2020          .              .            +INF          -41.3047      
Algoma   .Algonquin.Lumber  .2021          .              .            +INF          -36.9125      
Algoma   .Algonquin.Lumber  .2022          .              .            +INF          -41.4299      
Algoma   .Algonquin.Lumber  .2023          .              .            +INF          -47.8102      
Algoma   .Algonquin.Lumber  .2024          .              .            +INF          -36.3181      
Algoma   .Algonquin.Lumber  .2025          .              .            +INF          -46.0673      
Algoma   .Algonquin.Lumber  .2026          .              .            +INF          -46.1283      
Algoma   .Algonquin.Lumber  .2027          .              .            +INF          -39.1856      
Algoma   .Algonquin.Lumber  .2028          .              .            +INF          -35.6580      
Algoma   .Algonquin.Lumber  .2029          .              .            +INF          -43.7982      
Algoma   .Algonquin.Lumber  .2030          .              .            +INF          -42.1243      
Algoma   .Algonquin.Pulpwood.2020          .              .            +INF          -41.2847      
Algoma   .Algonquin.Pulpwood.2021          .              .            +INF          -37.2511      
Algoma   .Algonquin.Pulpwood.2022          .              .            +INF          -41.3997      
Algoma   .Algonquin.Pulpwood.2023          .              .            +INF          -47.2592      
Algoma   .Algonquin.Pulpwood.2024          .              .            +INF          -36.7052      
Algoma   .Algonquin.Pulpwood.2025          .              .            +INF          -45.6585      
Algoma   .Algonquin.Pulpwood.2026          .              .            +INF          -45.7146      
Algoma   .Algonquin.Pulpwood.2027          .              .            +INF          -39.3386      
Algoma   .Algonquin.Pulpwood.2028          .              .            +INF          -36.0989      
Algoma   .Algonquin.Pulpwood.2029          .              .            +INF          -43.5747      
Algoma   .Algonquin.Pulpwood.2030          .              .            +INF          -42.0374      
Kenora   .TroutLake.CLT     .2020          .              .            +INF          -89.1606      
Kenora   .TroutLake.CLT     .2021          .              .            +INF          -76.2014      
Kenora   .TroutLake.CLT     .2022          .              .            +INF          -79.3791      
Kenora   .TroutLake.CLT     .2023          .              .            +INF          -85.0272      
Kenora   .TroutLake.CLT     .2024          .              .            +INF          -86.4225      
Kenora   .TroutLake.CLT     .2025          .              .            +INF          -86.1559      
Kenora   .TroutLake.CLT     .2026          .              .            +INF          -83.2149      
Kenora   .TroutLake.CLT     .2027          .              .            +INF          -77.5713      
Kenora   .TroutLake.CLT     .2028          .              .            +INF          -82.5726      
Kenora   .TroutLake.CLT     .2029          .              .            +INF          -80.1752      
Kenora   .TroutLake.CLT     .2030          .              .            +INF          -72.4175      
Kenora   .TroutLake.Glulam  .2020          .              .            +INF          -88.5689      
Kenora   .TroutLake.Glulam  .2021          .              .            +INF          -76.6896      
Kenora   .TroutLake.Glulam  .2022          .              .            +INF          -79.6025      
Kenora   .TroutLake.Glulam  .2023          .              .            +INF          -84.7800      
Kenora   .TroutLake.Glulam  .2024          .              .            +INF          -86.0589      
Kenora   .TroutLake.Glulam  .2025          .              .            +INF          -85.8145      
Kenora   .TroutLake.Glulam  .2026          .              .            +INF          -83.1186      
Kenora   .TroutLake.Glulam  .2027          .              .            +INF          -77.9454      
Kenora   .TroutLake.Glulam  .2028          .              .            +INF          -82.5298      
Kenora   .TroutLake.Glulam  .2029          .              .            +INF          -80.3323      
Kenora   .TroutLake.Glulam  .2030          .              .            +INF          -73.2210      
Kenora   .TroutLake.Lumber  .2020          .              .            +INF          -87.9772      
Kenora   .TroutLake.Lumber  .2021          .              .            +INF          -77.1778      
Kenora   .TroutLake.Lumber  .2022          .              .            +INF          -79.8259      
Kenora   .TroutLake.Lumber  .2023          .              .            +INF          -84.5327      
Kenora   .TroutLake.Lumber  .2024          .              .            +INF          -85.6954      
Kenora   .TroutLake.Lumber  .2025          .              .            +INF          -85.4732      
Kenora   .TroutLake.Lumber  .2026          .              .            +INF          -83.0224      
Kenora   .TroutLake.Lumber  .2027          .              .            +INF          -78.3194      
Kenora   .TroutLake.Lumber  .2028          .              .            +INF          -82.4871      
Kenora   .TroutLake.Lumber  .2029          .              .            +INF          -80.4893      
Kenora   .TroutLake.Lumber  .2030          .              .            +INF          -74.0246      
Kenora   .TroutLake.Pulpwood.2020          .              .            +INF          -87.4941      
Kenora   .TroutLake.Pulpwood.2021          .              .            +INF          -77.5764      
Kenora   .TroutLake.Pulpwood.2022          .              .            +INF          -80.0083      
Kenora   .TroutLake.Pulpwood.2023          .              .            +INF          -84.3308      
Kenora   .TroutLake.Pulpwood.2024          .              .            +INF          -85.3986      
Kenora   .TroutLake.Pulpwood.2025          .              .            +INF          -85.1946      
Kenora   .TroutLake.Pulpwood.2026          .              .            +INF          -82.9438      
Kenora   .TroutLake.Pulpwood.2027          .              .            +INF          -78.6248      
Kenora   .TroutLake.Pulpwood.2028          .              .            +INF          -82.4523      
Kenora   .TroutLake.Pulpwood.2029          .              .            +INF          -80.6176      
Kenora   .TroutLake.Pulpwood.2030          .              .            +INF          -74.6805      
Kenora   .Abitibi  .CLT     .2020          .              .            +INF          -67.0365      
Kenora   .Abitibi  .CLT     .2021          .              .            +INF          -56.7030      
Kenora   .Abitibi  .CLT     .2022          .              .            +INF          -59.2321      
Kenora   .Abitibi  .CLT     .2023          .              .            +INF          -68.7544      
Kenora   .Abitibi  .CLT     .2024          .              .            +INF          -64.9011      
Kenora   .Abitibi  .CLT     .2025          .              .            +INF          -68.8098      
Kenora   .Abitibi  .CLT     .2026          .              .            +INF          -66.2257      
Kenora   .Abitibi  .CLT     .2027          .              .            +INF          -61.4697      
Kenora   .Abitibi  .CLT     .2028          .              .            +INF          -60.8410      
Kenora   .Abitibi  .CLT     .2029          .              .            +INF          -63.5991      
Kenora   .Abitibi  .CLT     .2030          .              .            +INF          -60.9704      
Kenora   .Abitibi  .Glulam  .2020          .              .            +INF          -66.7884      
Kenora   .Abitibi  .Glulam  .2021          .              .            +INF          -57.3161      
Kenora   .Abitibi  .Glulam  .2022          .              .            +INF          -59.6344      
Kenora   .Abitibi  .Glulam  .2023          .              .            +INF          -68.3632      
Kenora   .Abitibi  .Glulam  .2024          .              .            +INF          -64.8310      
Kenora   .Abitibi  .Glulam  .2025          .              .            +INF          -68.4140      
Kenora   .Abitibi  .Glulam  .2026          .              .            +INF          -66.0452      
Kenora   .Abitibi  .Glulam  .2027          .              .            +INF          -61.6856      
Kenora   .Abitibi  .Glulam  .2028          .              .            +INF          -61.1093      
Kenora   .Abitibi  .Glulam  .2029          .              .            +INF          -63.6375      
Kenora   .Abitibi  .Glulam  .2030          .              .            +INF          -61.2279      
Kenora   .Abitibi  .Lumber  .2020          .              .            +INF          -66.5404      
Kenora   .Abitibi  .Lumber  .2021          .              .            +INF          -57.9292      
Kenora   .Abitibi  .Lumber  .2022          .              .            +INF          -60.0368      
Kenora   .Abitibi  .Lumber  .2023          .              .            +INF          -67.9720      
Kenora   .Abitibi  .Lumber  .2024          .              .            +INF          -64.7609      
Kenora   .Abitibi  .Lumber  .2025          .              .            +INF          -68.0182      
Kenora   .Abitibi  .Lumber  .2026          .              .            +INF          -65.8647      
Kenora   .Abitibi  .Lumber  .2027          .              .            +INF          -61.9014      
Kenora   .Abitibi  .Lumber  .2028          .              .            +INF          -61.3775      
Kenora   .Abitibi  .Lumber  .2029          .              .            +INF          -63.6759      
Kenora   .Abitibi  .Lumber  .2030          .              .            +INF          -61.4854      
Kenora   .Abitibi  .Pulpwood.2020          .              .            +INF          -66.3379      
Kenora   .Abitibi  .Pulpwood.2021          .              .            +INF          -58.4297      
Kenora   .Abitibi  .Pulpwood.2022          .              .            +INF          -60.3652      
Kenora   .Abitibi  .Pulpwood.2023          .              .            +INF          -67.6527      
Kenora   .Abitibi  .Pulpwood.2024          .              .            +INF          -64.7037      
Kenora   .Abitibi  .Pulpwood.2025          .              .            +INF          -67.6951      
Kenora   .Abitibi  .Pulpwood.2026          .              .            +INF          -65.7174      
Kenora   .Abitibi  .Pulpwood.2027          .              .            +INF          -62.0776      
Kenora   .Abitibi  .Pulpwood.2028          .              .            +INF          -61.5965      
Kenora   .Abitibi  .Pulpwood.2029          .              .            +INF          -63.7072      
Kenora   .Abitibi  .Pulpwood.2030          .              .            +INF          -61.6955      
Kenora   .Algoma   .CLT     .2020          .              .            +INF          -59.5685      
Kenora   .Algoma   .CLT     .2021          .              .            +INF          -53.2255      
Kenora   .Algoma   .CLT     .2022          .              .            +INF          -48.9866      
Kenora   .Algoma   .CLT     .2023          .              .            +INF          -49.6590      
Kenora   .Algoma   .CLT     .2024          .              .            +INF          -57.0446      
Kenora   .Algoma   .CLT     .2025          .              .            +INF          -51.6801      
Kenora   .Algoma   .CLT     .2026          .              .            +INF          -48.8978      
Kenora   .Algoma   .CLT     .2027          .              .            +INF          -53.1711      
Kenora   .Algoma   .CLT     .2028          .              .            +INF          -52.1330      
Kenora   .Algoma   .CLT     .2029          .              .            +INF          -50.1532      
Kenora   .Algoma   .CLT     .2030          .              .            +INF          -50.9086      
Kenora   .Algoma   .Glulam  .2020          .              .            +INF          -58.9428      
Kenora   .Algoma   .Glulam  .2021          .              .            +INF          -53.1283      
Kenora   .Algoma   .Glulam  .2022          .              .            +INF          -49.2427      
Kenora   .Algoma   .Glulam  .2023          .              .            +INF          -49.8591      
Kenora   .Algoma   .Glulam  .2024          .              .            +INF          -56.6292      
Kenora   .Algoma   .Glulam  .2025          .              .            +INF          -51.7118      
Kenora   .Algoma   .Glulam  .2026          .              .            +INF          -49.1613      
Kenora   .Algoma   .Glulam  .2027          .              .            +INF          -53.0785      
Kenora   .Algoma   .Glulam  .2028          .              .            +INF          -52.1269      
Kenora   .Algoma   .Glulam  .2029          .              .            +INF          -50.3121      
Kenora   .Algoma   .Glulam  .2030          .              .            +INF          -51.0046      
Kenora   .Algoma   .Lumber  .2020          .              .            +INF          -58.3171      
Kenora   .Algoma   .Lumber  .2021          .              .            +INF          -53.0312      
Kenora   .Algoma   .Lumber  .2022          .              .            +INF          -49.4988      
Kenora   .Algoma   .Lumber  .2023          .              .            +INF          -50.0592      
Kenora   .Algoma   .Lumber  .2024          .              .            +INF          -56.2139      
Kenora   .Algoma   .Lumber  .2025          .              .            +INF          -51.7435      
Kenora   .Algoma   .Lumber  .2026          .              .            +INF          -49.4248      
Kenora   .Algoma   .Lumber  .2027          .              .            +INF          -52.9859      
Kenora   .Algoma   .Lumber  .2028          .              .            +INF          -52.1208      
Kenora   .Algoma   .Lumber  .2029          .              .            +INF          -50.4710      
Kenora   .Algoma   .Lumber  .2030          .              .            +INF          -51.1005      
Kenora   .Algoma   .Pulpwood.2020          .              .            +INF          -57.8063      
Kenora   .Algoma   .Pulpwood.2021          .              .            +INF          -52.9519      
Kenora   .Algoma   .Pulpwood.2022          .              .            +INF          -49.7079      
Kenora   .Algoma   .Pulpwood.2023          .              .            +INF          -50.2225      
Kenora   .Algoma   .Pulpwood.2024          .              .            +INF          -55.8748      
Kenora   .Algoma   .Pulpwood.2025          .              .            +INF          -51.7693      
Kenora   .Algoma   .Pulpwood.2026          .              .            +INF          -49.6399      
Kenora   .Algoma   .Pulpwood.2027          .              .            +INF          -52.9103      
Kenora   .Algoma   .Pulpwood.2028          .              .            +INF          -52.1159      
Kenora   .Algoma   .Pulpwood.2029          .              .            +INF          -50.6007      
Kenora   .Algoma   .Pulpwood.2030          .              .            +INF          -51.1789      
Kenora   .Nipissing.CLT     .2020          .              .            +INF          -87.4703      
Kenora   .Nipissing.CLT     .2021          .              .            +INF          -82.9012      
Kenora   .Nipissing.CLT     .2022          .              .            +INF          -78.4129      
Kenora   .Nipissing.CLT     .2023          .              .            +INF          -82.3965      
Kenora   .Nipissing.CLT     .2024          .              .            +INF          -81.5813      
Kenora   .Nipissing.CLT     .2025          .              .            +INF          -85.4085      
Kenora   .Nipissing.CLT     .2026          .              .            +INF          -80.0606      
Kenora   .Nipissing.CLT     .2027          .              .            +INF          -78.5892      
Kenora   .Nipissing.CLT     .2028          .              .            +INF          -76.8945      
Kenora   .Nipissing.CLT     .2029          .              .            +INF          -82.3675      
Kenora   .Nipissing.CLT     .2030          .              .            +INF          -81.6560      
Kenora   .Nipissing.Glulam  .2020          .              .            +INF          -87.0194      
Kenora   .Nipissing.Glulam  .2021          .              .            +INF          -82.8311      
Kenora   .Nipissing.Glulam  .2022          .              .            +INF          -78.7168      
Kenora   .Nipissing.Glulam  .2023          .              .            +INF          -82.3685      
Kenora   .Nipissing.Glulam  .2024          .              .            +INF          -81.6212      
Kenora   .Nipissing.Glulam  .2025          .              .            +INF          -85.1294      
Kenora   .Nipissing.Glulam  .2026          .              .            +INF          -80.2272      
Kenora   .Nipissing.Glulam  .2027          .              .            +INF          -78.8784      
Kenora   .Nipissing.Glulam  .2028          .              .            +INF          -77.3250      
Kenora   .Nipissing.Glulam  .2029          .              .            +INF          -82.3419      
Kenora   .Nipissing.Glulam  .2030          .              .            +INF          -81.6896      
Kenora   .Nipissing.Lumber  .2020          .              .            +INF          -86.5686      
Kenora   .Nipissing.Lumber  .2021          .              .            +INF          -82.7610      
Kenora   .Nipissing.Lumber  .2022          .              .            +INF          -79.0207      
Kenora   .Nipissing.Lumber  .2023          .              .            +INF          -82.3404      
Kenora   .Nipissing.Lumber  .2024          .              .            +INF          -81.6611      
Kenora   .Nipissing.Lumber  .2025          .              .            +INF          -84.8504      
Kenora   .Nipissing.Lumber  .2026          .              .            +INF          -80.3938      
Kenora   .Nipissing.Lumber  .2027          .              .            +INF          -79.1677      
Kenora   .Nipissing.Lumber  .2028          .              .            +INF          -77.7554      
Kenora   .Nipissing.Lumber  .2029          .              .            +INF          -82.3163      
Kenora   .Nipissing.Lumber  .2030          .              .            +INF          -81.7233      
Kenora   .Nipissing.Pulpwood.2020          .              .            +INF          -86.2005      
Kenora   .Nipissing.Pulpwood.2021          .              .            +INF          -82.7038      
Kenora   .Nipissing.Pulpwood.2022          .              .            +INF          -79.2688      
Kenora   .Nipissing.Pulpwood.2023          .              .            +INF          -82.3175      
Kenora   .Nipissing.Pulpwood.2024          .              .            +INF          -81.6936      
Kenora   .Nipissing.Pulpwood.2025          .              .            +INF          -84.6226      
Kenora   .Nipissing.Pulpwood.2026          .              .            +INF          -80.5299      
Kenora   .Nipissing.Pulpwood.2027          .              .            +INF          -79.4038      
Kenora   .Nipissing.Pulpwood.2028          .              .            +INF          -78.1068      
Kenora   .Nipissing.Pulpwood.2029          .              .            +INF          -82.2954      
Kenora   .Nipissing.Pulpwood.2030          .              .            +INF          -81.7508      
Kenora   .Algonquin.CLT     .2020          .              .            +INF          -97.8621      
Kenora   .Algonquin.CLT     .2021          .              .            +INF          -86.2485      
Kenora   .Algonquin.CLT     .2022          .              .            +INF          -87.4304      
Kenora   .Algonquin.CLT     .2023          .              .            +INF          -95.7593      
Kenora   .Algonquin.CLT     .2024          .              .            +INF          -89.3543      
Kenora   .Algonquin.CLT     .2025          .              .            +INF          -95.6889      
Kenora   .Algonquin.CLT     .2026          .              .            +INF          -92.9798      
Kenora   .Algonquin.CLT     .2027          .              .            +INF          -88.9218      
Kenora   .Algonquin.CLT     .2028          .              .            +INF          -83.6505      
Kenora   .Algonquin.CLT     .2029          .              .            +INF          -91.4390      
Kenora   .Algonquin.CLT     .2030          .              .            +INF          -90.1858      
Kenora   .Algonquin.Glulam  .2020          .              .            +INF          -97.2120      
Kenora   .Algonquin.Glulam  .2021          .              .            +INF          -86.5661      
Kenora   .Algonquin.Glulam  .2022          .              .            +INF          -87.6496      
Kenora   .Algonquin.Glulam  .2023          .              .            +INF          -95.2844      
Kenora   .Algonquin.Glulam  .2024          .              .            +INF          -89.4131      
Kenora   .Algonquin.Glulam  .2025          .              .            +INF          -95.2198      
Kenora   .Algonquin.Glulam  .2026          .              .            +INF          -92.7365      
Kenora   .Algonquin.Glulam  .2027          .              .            +INF          -89.0166      
Kenora   .Algonquin.Glulam  .2028          .              .            +INF          -84.1847      
Kenora   .Algonquin.Glulam  .2029          .              .            +INF          -91.3241      
Kenora   .Algonquin.Glulam  .2030          .              .            +INF          -90.1753      
Kenora   .Algonquin.Lumber  .2020          .              .            +INF          -96.5618      
Kenora   .Algonquin.Lumber  .2021          .              .            +INF          -86.8837      
Kenora   .Algonquin.Lumber  .2022          .              .            +INF          -87.8687      
Kenora   .Algonquin.Lumber  .2023          .              .            +INF          -94.8094      
Kenora   .Algonquin.Lumber  .2024          .              .            +INF          -89.4719      
Kenora   .Algonquin.Lumber  .2025          .              .            +INF          -94.7507      
Kenora   .Algonquin.Lumber  .2026          .              .            +INF          -92.4932      
Kenora   .Algonquin.Lumber  .2027          .              .            +INF          -89.1115      
Kenora   .Algonquin.Lumber  .2028          .              .            +INF          -84.7188      
Kenora   .Algonquin.Lumber  .2029          .              .            +INF          -91.2092      
Kenora   .Algonquin.Lumber  .2030          .              .            +INF          -90.1648      
Kenora   .Algonquin.Pulpwood.2020          .              .            +INF          -96.0310      
Kenora   .Algonquin.Pulpwood.2021          .              .            +INF          -87.1430      
Kenora   .Algonquin.Pulpwood.2022          .              .            +INF          -88.0476      
Kenora   .Algonquin.Pulpwood.2023          .              .            +INF          -94.4217      
Kenora   .Algonquin.Pulpwood.2024          .              .            +INF          -89.5199      
Kenora   .Algonquin.Pulpwood.2025          .              .            +INF          -94.3678      
Kenora   .Algonquin.Pulpwood.2026          .              .            +INF          -92.2945      
Kenora   .Algonquin.Pulpwood.2027          .              .            +INF          -89.1889      
Kenora   .Algonquin.Pulpwood.2028          .              .            +INF          -85.1548      
Kenora   .Algonquin.Pulpwood.2029          .              .            +INF          -91.1154      
Kenora   .Algonquin.Pulpwood.2030          .              .            +INF          -90.1562      
Nipissing.TroutLake.CLT     .2020          .              .            +INF          -18.7503      
Nipissing.TroutLake.CLT     .2021          .              .            +INF          -10.3602      
Nipissing.TroutLake.CLT     .2022          .              .            +INF          -18.0262      
Nipissing.TroutLake.CLT     .2023          .              .            +INF          -19.6907      
Nipissing.TroutLake.CLT     .2024          .              .            +INF          -21.9012      
Nipissing.TroutLake.CLT     .2025          .              .            +INF          -17.8074      
Nipissing.TroutLake.CLT     .2026          .              .            +INF          -20.2143      
Nipissing.TroutLake.CLT     .2027          .              .            +INF          -16.0421      
Nipissing.TroutLake.CLT     .2028          .              .            +INF          -22.7380      
Nipissing.TroutLake.CLT     .2029          .              .            +INF          -14.8677      
Nipissing.TroutLake.CLT     .2030          .              .            +INF           -7.8215      
Nipissing.TroutLake.Glulam  .2020          .              .            +INF          -18.6094      
Nipissing.TroutLake.Glulam  .2021          .              .            +INF          -10.9185      
Nipissing.TroutLake.Glulam  .2022          .              .            +INF          -17.9457      
Nipissing.TroutLake.Glulam  .2023          .              .            +INF          -19.4715      
Nipissing.TroutLake.Glulam  .2024          .              .            +INF          -21.4978      
Nipissing.TroutLake.Glulam  .2025          .              .            +INF          -17.7451      
Nipissing.TroutLake.Glulam  .2026          .              .            +INF          -19.9514      
Nipissing.TroutLake.Glulam  .2027          .              .            +INF          -16.1269      
Nipissing.TroutLake.Glulam  .2028          .              .            +INF          -22.2649      
Nipissing.TroutLake.Glulam  .2029          .              .            +INF          -15.0504      
Nipissing.TroutLake.Glulam  .2030          .              .            +INF           -8.5914      
Nipissing.TroutLake.Lumber  .2020          .              .            +INF          -18.4686      
Nipissing.TroutLake.Lumber  .2021          .              .            +INF          -11.4768      
Nipissing.TroutLake.Lumber  .2022          .              .            +INF          -17.8652      
Nipissing.TroutLake.Lumber  .2023          .              .            +INF          -19.2522      
Nipissing.TroutLake.Lumber  .2024          .              .            +INF          -21.0943      
Nipissing.TroutLake.Lumber  .2025          .              .            +INF          -17.6828      
Nipissing.TroutLake.Lumber  .2026          .              .            +INF          -19.6886      
Nipissing.TroutLake.Lumber  .2027          .              .            +INF          -16.2118      
Nipissing.TroutLake.Lumber  .2028          .              .            +INF          -21.7917      
Nipissing.TroutLake.Lumber  .2029          .              .            +INF          -15.2331      
Nipissing.TroutLake.Lumber  .2030          .              .            +INF           -9.3613      
Nipissing.TroutLake.Pulpwood.2020          .              .            +INF          -18.3536      
Nipissing.TroutLake.Pulpwood.2021          .              .            +INF          -11.9326      
Nipissing.TroutLake.Pulpwood.2022          .              .            +INF          -17.7995      
Nipissing.TroutLake.Pulpwood.2023          .              .            +INF          -19.0733      
Nipissing.TroutLake.Pulpwood.2024          .              .            +INF          -20.7650      
Nipissing.TroutLake.Pulpwood.2025          .              .            +INF          -17.6320      
Nipissing.TroutLake.Pulpwood.2026          .              .            +INF          -19.4740      
Nipissing.TroutLake.Pulpwood.2027          .              .            +INF          -16.2810      
Nipissing.TroutLake.Pulpwood.2028          .              .            +INF          -21.4054      
Nipissing.TroutLake.Pulpwood.2029          .              .            +INF          -15.3822      
Nipissing.TroutLake.Pulpwood.2030          .              .            +INF           -9.9897      
Nipissing.Abitibi  .CLT     .2020          .              .            +INF          -27.6261      
Nipissing.Abitibi  .CLT     .2021          .              .            +INF          -21.8618      
Nipissing.Abitibi  .CLT     .2022          .              .            +INF          -28.8792      
Nipissing.Abitibi  .CLT     .2023          .              .            +INF          -34.4179      
Nipissing.Abitibi  .CLT     .2024          .              .            +INF          -31.3798      
Nipissing.Abitibi  .CLT     .2025          .              .            +INF          -31.4613      
Nipissing.Abitibi  .CLT     .2026          .              .            +INF          -34.2251      
Nipissing.Abitibi  .CLT     .2027          .              .            +INF          -30.9405      
Nipissing.Abitibi  .CLT     .2028          .              .            +INF          -32.0065      
Nipissing.Abitibi  .CLT     .2029          .              .            +INF          -29.2915      
Nipissing.Abitibi  .CLT     .2030          .              .            +INF          -27.3745      
Nipissing.Abitibi  .Glulam  .2020          .              .            +INF          -27.8290      
Nipissing.Abitibi  .Glulam  .2021          .              .            +INF          -22.5450      
Nipissing.Abitibi  .Glulam  .2022          .              .            +INF          -28.9776      
Nipissing.Abitibi  .Glulam  .2023          .              .            +INF          -34.0547      
Nipissing.Abitibi  .Glulam  .2024          .              .            +INF          -31.2698      
Nipissing.Abitibi  .Glulam  .2025          .              .            +INF          -31.3445      
Nipissing.Abitibi  .Glulam  .2026          .              .            +INF          -33.8780      
Nipissing.Abitibi  .Glulam  .2027          .              .            +INF          -30.8671      
Nipissing.Abitibi  .Glulam  .2028          .              .            +INF          -31.8443      
Nipissing.Abitibi  .Glulam  .2029          .              .            +INF          -29.3556      
Nipissing.Abitibi  .Glulam  .2030          .              .            +INF          -27.5983      
Nipissing.Abitibi  .Lumber  .2020          .              .            +INF          -28.0318      
Nipissing.Abitibi  .Lumber  .2021          .              .            +INF          -23.2282      
Nipissing.Abitibi  .Lumber  .2022          .              .            +INF          -29.0760      
Nipissing.Abitibi  .Lumber  .2023          .              .            +INF          -33.6916      
Nipissing.Abitibi  .Lumber  .2024          .              .            +INF          -31.1598      
Nipissing.Abitibi  .Lumber  .2025          .              .            +INF          -31.2278      
Nipissing.Abitibi  .Lumber  .2026          .              .            +INF          -33.5309      
Nipissing.Abitibi  .Lumber  .2027          .              .            +INF          -30.7938      
Nipissing.Abitibi  .Lumber  .2028          .              .            +INF          -31.6821      
Nipissing.Abitibi  .Lumber  .2029          .              .            +INF          -29.4196      
Nipissing.Abitibi  .Lumber  .2030          .              .            +INF          -27.8221      
Nipissing.Abitibi  .Pulpwood.2020          .              .            +INF          -28.1974      
Nipissing.Abitibi  .Pulpwood.2021          .              .            +INF          -23.7859      
Nipissing.Abitibi  .Pulpwood.2022          .              .            +INF          -29.1563      
Nipissing.Abitibi  .Pulpwood.2023          .              .            +INF          -33.3951      
Nipissing.Abitibi  .Pulpwood.2024          .              .            +INF          -31.0700      
Nipissing.Abitibi  .Pulpwood.2025          .              .            +INF          -31.1324      
Nipissing.Abitibi  .Pulpwood.2026          .              .            +INF          -33.2475      
Nipissing.Abitibi  .Pulpwood.2027          .              .            +INF          -30.7339      
Nipissing.Abitibi  .Pulpwood.2028          .              .            +INF          -31.5497      
Nipissing.Abitibi  .Pulpwood.2029          .              .            +INF          -29.4719      
Nipissing.Abitibi  .Pulpwood.2030          .              .            +INF          -28.0048      
Nipissing.Algoma   .CLT     .2020          .              .            +INF          -36.1582      
Nipissing.Algoma   .CLT     .2021          .              .            +INF          -34.3842      
Nipissing.Algoma   .CLT     .2022          .              .            +INF          -34.6337      
Nipissing.Algoma   .CLT     .2023          .              .            +INF          -31.3225      
Nipissing.Algoma   .CLT     .2024          .              .            +INF          -39.5233      
Nipissing.Algoma   .CLT     .2025          .              .            +INF          -30.3317      
Nipissing.Algoma   .CLT     .2026          .              .            +INF          -32.8972      
Nipissing.Algoma   .CLT     .2027          .              .            +INF          -38.6419      
Nipissing.Algoma   .CLT     .2028          .              .            +INF          -39.2985      
Nipissing.Algoma   .CLT     .2029          .              .            +INF          -31.8457      
Nipissing.Algoma   .CLT     .2030          .              .            +INF          -33.3127      
Nipissing.Algoma   .Glulam  .2020          .              .            +INF          -35.9833      
Nipissing.Algoma   .Glulam  .2021          .              .            +INF          -34.3572      
Nipissing.Algoma   .Glulam  .2022          .              .            +INF          -34.5859      
Nipissing.Algoma   .Glulam  .2023          .              .            +INF          -31.5506      
Nipissing.Algoma   .Glulam  .2024          .              .            +INF          -39.0681      
Nipissing.Algoma   .Glulam  .2025          .              .            +INF          -30.6424      
Nipissing.Algoma   .Glulam  .2026          .              .            +INF          -32.9941      
Nipissing.Algoma   .Glulam  .2027          .              .            +INF          -38.2601      
Nipissing.Algoma   .Glulam  .2028          .              .            +INF          -38.8619      
Nipissing.Algoma   .Glulam  .2029          .              .            +INF          -32.0302      
Nipissing.Algoma   .Glulam  .2030          .              .            +INF          -33.3750      
Nipissing.Algoma   .Lumber  .2020          .              .            +INF          -35.8085      
Nipissing.Algoma   .Lumber  .2021          .              .            +INF          -34.3302      
Nipissing.Algoma   .Lumber  .2022          .              .            +INF          -34.5381      
Nipissing.Algoma   .Lumber  .2023          .              .            +INF          -31.7788      
Nipissing.Algoma   .Lumber  .2024          .              .            +INF          -38.6128      
Nipissing.Algoma   .Lumber  .2025          .              .            +INF          -30.9530      
Nipissing.Algoma   .Lumber  .2026          .              .            +INF          -33.0910      
Nipissing.Algoma   .Lumber  .2027          .              .            +INF          -37.8783      
Nipissing.Algoma   .Lumber  .2028          .              .            +INF          -38.4254      
Nipissing.Algoma   .Lumber  .2029          .              .            +INF          -32.2147      
Nipissing.Algoma   .Lumber  .2030          .              .            +INF          -33.4372      
Nipissing.Algoma   .Pulpwood.2020          .              .            +INF          -35.6658      
Nipissing.Algoma   .Pulpwood.2021          .              .            +INF          -34.3081      
Nipissing.Algoma   .Pulpwood.2022          .              .            +INF          -34.4990      
Nipissing.Algoma   .Pulpwood.2023          .              .            +INF          -31.9650      
Nipissing.Algoma   .Pulpwood.2024          .              .            +INF          -38.2411      
Nipissing.Algoma   .Pulpwood.2025          .              .            +INF          -31.2067      
Nipissing.Algoma   .Pulpwood.2026          .              .            +INF          -33.1701      
Nipissing.Algoma   .Pulpwood.2027          .              .            +INF          -37.5666      
Nipissing.Algoma   .Pulpwood.2028          .              .            +INF          -38.0690      
Nipissing.Algoma   .Pulpwood.2029          .              .            +INF          -32.3653      
Nipissing.Algoma   .Pulpwood.2030          .              .            +INF          -33.4881      
Nipissing.Kenora   .CLT     .2020          .              .            +INF          -76.6497      
Nipissing.Kenora   .CLT     .2021          .              .            +INF          -81.2188      
Nipissing.Kenora   .CLT     .2022          .              .            +INF          -85.7071      
Nipissing.Kenora   .CLT     .2023          .              .            +INF          -81.7235      
Nipissing.Kenora   .CLT     .2024          .              .            +INF          -82.5387      
Nipissing.Kenora   .CLT     .2025          .              .            +INF          -78.7115      
Nipissing.Kenora   .CLT     .2026          .              .            +INF          -84.0594      
Nipissing.Kenora   .CLT     .2027          .              .            +INF          -85.5308      
Nipissing.Kenora   .CLT     .2028          .              .            +INF          -87.2255      
Nipissing.Kenora   .CLT     .2029          .              .            +INF          -81.7525      
Nipissing.Kenora   .CLT     .2030          .              .            +INF          -82.4640      
Nipissing.Kenora   .Glulam  .2020          .              .            +INF          -77.1006      
Nipissing.Kenora   .Glulam  .2021          .              .            +INF          -81.2889      
Nipissing.Kenora   .Glulam  .2022          .              .            +INF          -85.4032      
Nipissing.Kenora   .Glulam  .2023          .              .            +INF          -81.7515      
Nipissing.Kenora   .Glulam  .2024          .              .            +INF          -82.4988      
Nipissing.Kenora   .Glulam  .2025          .              .            +INF          -78.9906      
Nipissing.Kenora   .Glulam  .2026          .              .            +INF          -83.8928      
Nipissing.Kenora   .Glulam  .2027          .              .            +INF          -85.2416      
Nipissing.Kenora   .Glulam  .2028          .              .            +INF          -86.7950      
Nipissing.Kenora   .Glulam  .2029          .              .            +INF          -81.7781      
Nipissing.Kenora   .Glulam  .2030          .              .            +INF          -82.4304      
Nipissing.Kenora   .Lumber  .2020          .              .            +INF          -77.5514      
Nipissing.Kenora   .Lumber  .2021          .              .            +INF          -81.3590      
Nipissing.Kenora   .Lumber  .2022          .              .            +INF          -85.0993      
Nipissing.Kenora   .Lumber  .2023          .              .            +INF          -81.7796      
Nipissing.Kenora   .Lumber  .2024          .              .            +INF          -82.4589      
Nipissing.Kenora   .Lumber  .2025          .              .            +INF          -79.2696      
Nipissing.Kenora   .Lumber  .2026          .              .            +INF          -83.7262      
Nipissing.Kenora   .Lumber  .2027          .              .            +INF          -84.9523      
Nipissing.Kenora   .Lumber  .2028          .              .            +INF          -86.3646      
Nipissing.Kenora   .Lumber  .2029          .              .            +INF          -81.8037      
Nipissing.Kenora   .Lumber  .2030          .              .            +INF          -82.3967      
Nipissing.Kenora   .Pulpwood.2020          .              .            +INF          -77.9195      
Nipissing.Kenora   .Pulpwood.2021          .              .            +INF          -81.4162      
Nipissing.Kenora   .Pulpwood.2022          .              .            +INF          -84.8512      
Nipissing.Kenora   .Pulpwood.2023          .              .            +INF          -81.8025      
Nipissing.Kenora   .Pulpwood.2024          .              .            +INF          -82.4264      
Nipissing.Kenora   .Pulpwood.2025          .              .            +INF          -79.4974      
Nipissing.Kenora   .Pulpwood.2026          .              .            +INF          -83.5901      
Nipissing.Kenora   .Pulpwood.2027          .              .            +INF          -84.7162      
Nipissing.Kenora   .Pulpwood.2028          .              .            +INF          -86.0132      
Nipissing.Kenora   .Pulpwood.2029          .              .            +INF          -81.8246      
Nipissing.Kenora   .Pulpwood.2030          .              .            +INF          -82.3692      
Nipissing.Algonquin.CLT     .2020          .              .            +INF          -13.4518      
Nipissing.Algonquin.CLT     .2021          .              .            +INF           -6.4073      
Nipissing.Algonquin.CLT     .2022          .              .            +INF          -12.0776      
Nipissing.Algonquin.CLT     .2023          .              .            +INF          -16.4228      
Nipissing.Algonquin.CLT     .2024          .              .            +INF          -10.8330      
Nipissing.Algonquin.CLT     .2025          .              .            +INF          -13.3404      
Nipissing.Algonquin.CLT     .2026          .              .            +INF          -15.9792      
Nipissing.Algonquin.CLT     .2027          .              .            +INF          -13.3926      
Nipissing.Algonquin.CLT     .2028          .              .            +INF           -9.8160      
Nipissing.Algonquin.CLT     .2029          .              .            +INF          -12.1315      
Nipissing.Algonquin.CLT     .2030          .              .            +INF          -11.5898      
Nipissing.Algonquin.Glulam  .2020          .              .            +INF          -13.2525      
Nipissing.Algonquin.Glulam  .2021          .              .            +INF           -6.7950      
Nipissing.Algonquin.Glulam  .2022          .              .            +INF          -11.9928      
Nipissing.Algonquin.Glulam  .2023          .              .            +INF          -15.9759      
Nipissing.Algonquin.Glulam  .2024          .              .            +INF          -10.8519      
Nipissing.Algonquin.Glulam  .2025          .              .            +INF          -13.1504      
Nipissing.Algonquin.Glulam  .2026          .              .            +INF          -15.5692      
Nipissing.Algonquin.Glulam  .2027          .              .            +INF          -13.1982      
Nipissing.Algonquin.Glulam  .2028          .              .            +INF           -9.9197      
Nipissing.Algonquin.Glulam  .2029          .              .            +INF          -12.0422      
Nipissing.Algonquin.Glulam  .2030          .              .            +INF          -11.5457      
Nipissing.Algonquin.Lumber  .2020          .              .            +INF          -13.0532      
Nipissing.Algonquin.Lumber  .2021          .              .            +INF           -7.1827      
Nipissing.Algonquin.Lumber  .2022          .              .            +INF          -11.9080      
Nipissing.Algonquin.Lumber  .2023          .              .            +INF          -15.5290      
Nipissing.Algonquin.Lumber  .2024          .              .            +INF          -10.8709      
Nipissing.Algonquin.Lumber  .2025          .              .            +INF          -12.9603      
Nipissing.Algonquin.Lumber  .2026          .              .            +INF          -15.1593      
Nipissing.Algonquin.Lumber  .2027          .              .            +INF          -13.0038      
Nipissing.Algonquin.Lumber  .2028          .              .            +INF          -10.0234      
Nipissing.Algonquin.Lumber  .2029          .              .            +INF          -11.9529      
Nipissing.Algonquin.Lumber  .2030          .              .            +INF          -11.5015      
Nipissing.Algonquin.Pulpwood.2020          .              .            +INF          -12.8905      
Nipissing.Algonquin.Pulpwood.2021          .              .            +INF           -7.4992      
Nipissing.Algonquin.Pulpwood.2022          .              .            +INF          -11.8387      
Nipissing.Algonquin.Pulpwood.2023          .              .            +INF          -15.1642      
Nipissing.Algonquin.Pulpwood.2024          .              .            +INF          -10.8863      
Nipissing.Algonquin.Pulpwood.2025          .              .            +INF          -12.8052      
Nipissing.Algonquin.Pulpwood.2026          .              .            +INF          -14.8247      
Nipissing.Algonquin.Pulpwood.2027          .              .            +INF          -12.8451      
Nipissing.Algonquin.Pulpwood.2028          .              .            +INF          -10.1080      
Nipissing.Algonquin.Pulpwood.2029          .              .            +INF          -11.8800      
Nipissing.Algonquin.Pulpwood.2030          .              .            +INF          -11.4655      
Algonquin.TroutLake.CLT     .2020          .              .            +INF          -11.3584      
Algonquin.TroutLake.CLT     .2021          .              .            +INF          -10.0129      
Algonquin.TroutLake.CLT     .2022          .              .            +INF          -12.0087      
Algonquin.TroutLake.CLT     .2023          .              .            +INF           -9.3279      
Algonquin.TroutLake.CLT     .2024          .              .            +INF          -17.1282      
Algonquin.TroutLake.CLT     .2025          .              .            +INF          -10.5270      
Algonquin.TroutLake.CLT     .2026          .              .            +INF          -10.2951      
Algonquin.TroutLake.CLT     .2027          .              .            +INF           -8.7095      
Algonquin.TroutLake.CLT     .2028          .              .            +INF          -18.9820      
Algonquin.TroutLake.CLT     .2029          .              .            +INF           -8.7962      
Algonquin.TroutLake.CLT     .2030          .              .            +INF           -2.2917      
Algonquin.TroutLake.Glulam  .2020          .              .            +INF          -11.4169      
Algonquin.TroutLake.Glulam  .2021          .              .            +INF          -10.1835      
Algonquin.TroutLake.Glulam  .2022          .              .            +INF          -12.0129      
Algonquin.TroutLake.Glulam  .2023          .              .            +INF           -9.5556      
Algonquin.TroutLake.Glulam  .2024          .              .            +INF          -16.7058      
Algonquin.TroutLake.Glulam  .2025          .              .            +INF          -10.6547      
Algonquin.TroutLake.Glulam  .2026          .              .            +INF          -10.4422      
Algonquin.TroutLake.Glulam  .2027          .              .            +INF           -8.9887      
Algonquin.TroutLake.Glulam  .2028          .              .            +INF          -18.4052      
Algonquin.TroutLake.Glulam  .2029          .              .            +INF           -9.0682      
Algonquin.TroutLake.Glulam  .2030          .              .            +INF           -3.1057      
Algonquin.TroutLake.Lumber  .2020          .              .            +INF          -11.4754      
Algonquin.TroutLake.Lumber  .2021          .              .            +INF          -10.3541      
Algonquin.TroutLake.Lumber  .2022          .              .            +INF          -12.0172      
Algonquin.TroutLake.Lumber  .2023          .              .            +INF           -9.7833      
Algonquin.TroutLake.Lumber  .2024          .              .            +INF          -16.2835      
Algonquin.TroutLake.Lumber  .2025          .              .            +INF          -10.7825      
Algonquin.TroutLake.Lumber  .2026          .              .            +INF          -10.5892      
Algonquin.TroutLake.Lumber  .2027          .              .            +INF           -9.2679      
Algonquin.TroutLake.Lumber  .2028          .              .            +INF          -17.8283      
Algonquin.TroutLake.Lumber  .2029          .              .            +INF           -9.3402      
Algonquin.TroutLake.Lumber  .2030          .              .            +INF           -3.9198      
Algonquin.TroutLake.Pulpwood.2020          .              .            +INF          -11.5231      
Algonquin.TroutLake.Pulpwood.2021          .              .            +INF          -10.4933      
Algonquin.TroutLake.Pulpwood.2022          .              .            +INF          -12.0207      
Algonquin.TroutLake.Pulpwood.2023          .              .            +INF           -9.9691      
Algonquin.TroutLake.Pulpwood.2024          .              .            +INF          -15.9387      
Algonquin.TroutLake.Pulpwood.2025          .              .            +INF          -10.8868      
Algonquin.TroutLake.Pulpwood.2026          .              .            +INF          -10.7093      
Algonquin.TroutLake.Pulpwood.2027          .              .            +INF           -9.4959      
Algonquin.TroutLake.Pulpwood.2028          .              .            +INF          -17.3575      
Algonquin.TroutLake.Pulpwood.2029          .              .            +INF           -9.5622      
Algonquin.TroutLake.Pulpwood.2030          .              .            +INF           -4.5843      
Algonquin.Abitibi  .CLT     .2020          .              .            +INF          -32.2343      
Algonquin.Abitibi  .CLT     .2021          .              .            +INF          -33.5145      
Algonquin.Abitibi  .CLT     .2022          .              .            +INF          -34.8617      
Algonquin.Abitibi  .CLT     .2023          .              .            +INF          -36.0551      
Algonquin.Abitibi  .CLT     .2024          .              .            +INF          -38.6068      
Algonquin.Abitibi  .CLT     .2025          .              .            +INF          -36.1809      
Algonquin.Abitibi  .CLT     .2026          .              .            +INF          -36.3059      
Algonquin.Abitibi  .CLT     .2027          .              .            +INF          -35.6079      
Algonquin.Abitibi  .CLT     .2028          .              .            +INF          -40.2505      
Algonquin.Abitibi  .CLT     .2029          .              .            +INF          -35.2200      
Algonquin.Abitibi  .CLT     .2030          .              .            +INF          -33.8447      
Algonquin.Abitibi  .Glulam  .2020          .              .            +INF          -32.6365      
Algonquin.Abitibi  .Glulam  .2021          .              .            +INF          -33.8100      
Algonquin.Abitibi  .Glulam  .2022          .              .            +INF          -35.0449      
Algonquin.Abitibi  .Glulam  .2023          .              .            +INF          -36.1388      
Algonquin.Abitibi  .Glulam  .2024          .              .            +INF          -38.4779      
Algonquin.Abitibi  .Glulam  .2025          .              .            +INF          -36.2542      
Algonquin.Abitibi  .Glulam  .2026          .              .            +INF          -36.3687      
Algonquin.Abitibi  .Glulam  .2027          .              .            +INF          -35.7289      
Algonquin.Abitibi  .Glulam  .2028          .              .            +INF          -39.9846      
Algonquin.Abitibi  .Glulam  .2029          .              .            +INF          -35.3734      
Algonquin.Abitibi  .Glulam  .2030          .              .            +INF          -34.1126      
Algonquin.Abitibi  .Lumber  .2020          .              .            +INF          -33.0386      
Algonquin.Abitibi  .Lumber  .2021          .              .            +INF          -34.1054      
Algonquin.Abitibi  .Lumber  .2022          .              .            +INF          -35.2281      
Algonquin.Abitibi  .Lumber  .2023          .              .            +INF          -36.2226      
Algonquin.Abitibi  .Lumber  .2024          .              .            +INF          -38.3490      
Algonquin.Abitibi  .Lumber  .2025          .              .            +INF          -36.3274      
Algonquin.Abitibi  .Lumber  .2026          .              .            +INF          -36.4316      
Algonquin.Abitibi  .Lumber  .2027          .              .            +INF          -35.8499      
Algonquin.Abitibi  .Lumber  .2028          .              .            +INF          -39.7187      
Algonquin.Abitibi  .Lumber  .2029          .              .            +INF          -35.5267      
Algonquin.Abitibi  .Lumber  .2030          .              .            +INF          -34.3806      
Algonquin.Abitibi  .Pulpwood.2020          .              .            +INF          -33.3669      
Algonquin.Abitibi  .Pulpwood.2021          .              .            +INF          -34.3466      
Algonquin.Abitibi  .Pulpwood.2022          .              .            +INF          -35.3776      
Algonquin.Abitibi  .Pulpwood.2023          .              .            +INF          -36.2909      
Algonquin.Abitibi  .Pulpwood.2024          .              .            +INF          -38.2438      
Algonquin.Abitibi  .Pulpwood.2025          .              .            +INF          -36.3872      
Algonquin.Abitibi  .Pulpwood.2026          .              .            +INF          -36.4829      
Algonquin.Abitibi  .Pulpwood.2027          .              .            +INF          -35.9487      
Algonquin.Abitibi  .Pulpwood.2028          .              .            +INF          -39.5017      
Algonquin.Abitibi  .Pulpwood.2029          .              .            +INF          -35.6519      
Algonquin.Abitibi  .Pulpwood.2030          .              .            +INF          -34.5993      
Algonquin.Algoma   .CLT     .2020          .              .            +INF          -40.7664      
Algonquin.Algoma   .CLT     .2021          .              .            +INF          -46.0370      
Algonquin.Algoma   .CLT     .2022          .              .            +INF          -40.6161      
Algonquin.Algoma   .CLT     .2023          .              .            +INF          -32.9597      
Algonquin.Algoma   .CLT     .2024          .              .            +INF          -46.7503      
Algonquin.Algoma   .CLT     .2025          .              .            +INF          -35.0513      
Algonquin.Algoma   .CLT     .2026          .              .            +INF          -34.9780      
Algonquin.Algoma   .CLT     .2027          .              .            +INF          -43.3093      
Algonquin.Algoma   .CLT     .2028          .              .            +INF          -47.5424      
Algonquin.Algoma   .CLT     .2029          .              .            +INF          -37.7742      
Algonquin.Algoma   .CLT     .2030          .              .            +INF          -39.7829      
Algonquin.Algoma   .Glulam  .2020          .              .            +INF          -40.7908      
Algonquin.Algoma   .Glulam  .2021          .              .            +INF          -45.6222      
Algonquin.Algoma   .Glulam  .2022          .              .            +INF          -40.6531      
Algonquin.Algoma   .Glulam  .2023          .              .            +INF          -33.6348      
Algonquin.Algoma   .Glulam  .2024          .              .            +INF          -46.2761      
Algonquin.Algoma   .Glulam  .2025          .              .            +INF          -35.5520      
Algonquin.Algoma   .Glulam  .2026          .              .            +INF          -35.4848      
Algonquin.Algoma   .Glulam  .2027          .              .            +INF          -43.1219      
Algonquin.Algoma   .Glulam  .2028          .              .            +INF          -47.0022      
Algonquin.Algoma   .Glulam  .2029          .              .            +INF          -38.0480      
Algonquin.Algoma   .Glulam  .2030          .              .            +INF          -39.8893      
Algonquin.Algoma   .Lumber  .2020          .              .            +INF          -40.8153      
Algonquin.Algoma   .Lumber  .2021          .              .            +INF          -45.2075      
Algonquin.Algoma   .Lumber  .2022          .              .            +INF          -40.6901      
Algonquin.Algoma   .Lumber  .2023          .              .            +INF          -34.3098      
Algonquin.Algoma   .Lumber  .2024          .              .            +INF          -45.8019      
Algonquin.Algoma   .Lumber  .2025          .              .            +INF          -36.0527      
Algonquin.Algoma   .Lumber  .2026          .              .            +INF          -35.9917      
Algonquin.Algoma   .Lumber  .2027          .              .            +INF          -42.9344      
Algonquin.Algoma   .Lumber  .2028          .              .            +INF          -46.4620      
Algonquin.Algoma   .Lumber  .2029          .              .            +INF          -38.3218      
Algonquin.Algoma   .Lumber  .2030          .              .            +INF          -39.9957      
Algonquin.Algoma   .Pulpwood.2020          .              .            +INF          -40.8353      
Algonquin.Algoma   .Pulpwood.2021          .              .            +INF          -44.8689      
Algonquin.Algoma   .Pulpwood.2022          .              .            +INF          -40.7203      
Algonquin.Algoma   .Pulpwood.2023          .              .            +INF          -34.8608      
Algonquin.Algoma   .Pulpwood.2024          .              .            +INF          -45.4148      
Algonquin.Algoma   .Pulpwood.2025          .              .            +INF          -36.4615      
Algonquin.Algoma   .Pulpwood.2026          .              .            +INF          -36.4054      
Algonquin.Algoma   .Pulpwood.2027          .              .            +INF          -42.7814      
Algonquin.Algoma   .Pulpwood.2028          .              .            +INF          -46.0211      
Algonquin.Algoma   .Pulpwood.2029          .              .            +INF          -38.5453      
Algonquin.Algoma   .Pulpwood.2030          .              .            +INF          -40.0826      
Algonquin.Kenora   .CLT     .2020          .              .            +INF          -82.2579      
Algonquin.Kenora   .CLT     .2021          .              .            +INF          -93.8715      
Algonquin.Kenora   .CLT     .2022          .              .            +INF          -92.6896      
Algonquin.Kenora   .CLT     .2023          .              .            +INF          -84.3607      
Algonquin.Kenora   .CLT     .2024          .              .            +INF          -90.7657      
Algonquin.Kenora   .CLT     .2025          .              .            +INF          -84.4311      
Algonquin.Kenora   .CLT     .2026          .              .            +INF          -87.1402      
Algonquin.Kenora   .CLT     .2027          .              .            +INF          -91.1982      
Algonquin.Kenora   .CLT     .2028          .              .            +INF          -96.4695      
Algonquin.Kenora   .CLT     .2029          .              .            +INF          -88.6810      
Algonquin.Kenora   .CLT     .2030          .              .            +INF          -89.9342      
Algonquin.Kenora   .Glulam  .2020          .              .            +INF          -82.9080      
Algonquin.Kenora   .Glulam  .2021          .              .            +INF          -93.5539      
Algonquin.Kenora   .Glulam  .2022          .              .            +INF          -92.4704      
Algonquin.Kenora   .Glulam  .2023          .              .            +INF          -84.8356      
Algonquin.Kenora   .Glulam  .2024          .              .            +INF          -90.7069      
Algonquin.Kenora   .Glulam  .2025          .              .            +INF          -84.9002      
Algonquin.Kenora   .Glulam  .2026          .              .            +INF          -87.3835      
Algonquin.Kenora   .Glulam  .2027          .              .            +INF          -91.1034      
Algonquin.Kenora   .Glulam  .2028          .              .            +INF          -95.9353      
Algonquin.Kenora   .Glulam  .2029          .              .            +INF          -88.7959      
Algonquin.Kenora   .Glulam  .2030          .              .            +INF          -89.9447      
Algonquin.Kenora   .Lumber  .2020          .              .            +INF          -83.5582      
Algonquin.Kenora   .Lumber  .2021          .              .            +INF          -93.2363      
Algonquin.Kenora   .Lumber  .2022          .              .            +INF          -92.2513      
Algonquin.Kenora   .Lumber  .2023          .              .            +INF          -85.3106      
Algonquin.Kenora   .Lumber  .2024          .              .            +INF          -90.6481      
Algonquin.Kenora   .Lumber  .2025          .              .            +INF          -85.3693      
Algonquin.Kenora   .Lumber  .2026          .              .            +INF          -87.6268      
Algonquin.Kenora   .Lumber  .2027          .              .            +INF          -91.0085      
Algonquin.Kenora   .Lumber  .2028          .              .            +INF          -95.4012      
Algonquin.Kenora   .Lumber  .2029          .              .            +INF          -88.9108      
Algonquin.Kenora   .Lumber  .2030          .              .            +INF          -89.9552      
Algonquin.Kenora   .Pulpwood.2020          .              .            +INF          -84.0890      
Algonquin.Kenora   .Pulpwood.2021          .              .            +INF          -92.9770      
Algonquin.Kenora   .Pulpwood.2022          .              .            +INF          -92.0724      
Algonquin.Kenora   .Pulpwood.2023          .              .            +INF          -85.6983      
Algonquin.Kenora   .Pulpwood.2024          .              .            +INF          -90.6001      
Algonquin.Kenora   .Pulpwood.2025          .              .            +INF          -85.7522      
Algonquin.Kenora   .Pulpwood.2026          .              .            +INF          -87.8255      
Algonquin.Kenora   .Pulpwood.2027          .              .            +INF          -90.9311      
Algonquin.Kenora   .Pulpwood.2028          .              .            +INF          -94.9652      
Algonquin.Kenora   .Pulpwood.2029          .              .            +INF          -89.0046      
Algonquin.Kenora   .Pulpwood.2030          .              .            +INF          -89.9638      
Algonquin.Nipissing.CLT     .2020          .              .            +INF           -8.6682      
Algonquin.Nipissing.CLT     .2021          .              .            +INF          -15.7127      
Algonquin.Nipissing.CLT     .2022          .              .            +INF          -10.0424      
Algonquin.Nipissing.CLT     .2023          .              .            +INF           -5.6972      
Algonquin.Nipissing.CLT     .2024          .              .            +INF          -11.2870      
Algonquin.Nipissing.CLT     .2025          .              .            +INF           -8.7796      
Algonquin.Nipissing.CLT     .2026          .              .            +INF           -6.1408      
Algonquin.Nipissing.CLT     .2027          .              .            +INF           -8.7274      
Algonquin.Nipissing.CLT     .2028          .              .            +INF          -12.3040      
Algonquin.Nipissing.CLT     .2029          .              .            +INF           -9.9885      
Algonquin.Nipissing.CLT     .2030          .              .            +INF          -10.5302      
Algonquin.Nipissing.Glulam  .2020          .              .            +INF           -8.8675      
Algonquin.Nipissing.Glulam  .2021          .              .            +INF          -15.3250      
Algonquin.Nipissing.Glulam  .2022          .              .            +INF          -10.1272      
Algonquin.Nipissing.Glulam  .2023          .              .            +INF           -6.1441      
Algonquin.Nipissing.Glulam  .2024          .              .            +INF          -11.2681      
Algonquin.Nipissing.Glulam  .2025          .              .            +INF           -8.9696      
Algonquin.Nipissing.Glulam  .2026          .              .            +INF           -6.5508      
Algonquin.Nipissing.Glulam  .2027          .              .            +INF           -8.9218      
Algonquin.Nipissing.Glulam  .2028          .              .            +INF          -12.2003      
Algonquin.Nipissing.Glulam  .2029          .              .            +INF          -10.0778      
Algonquin.Nipissing.Glulam  .2030          .              .            +INF          -10.5743      
Algonquin.Nipissing.Lumber  .2020          .              .            +INF           -9.0668      
Algonquin.Nipissing.Lumber  .2021          .              .            +INF          -14.9373      
Algonquin.Nipissing.Lumber  .2022          .              .            +INF          -10.2120      
Algonquin.Nipissing.Lumber  .2023          .              .            +INF           -6.5910      
Algonquin.Nipissing.Lumber  .2024          .              .            +INF          -11.2491      
Algonquin.Nipissing.Lumber  .2025          .              .            +INF           -9.1597      
Algonquin.Nipissing.Lumber  .2026          .              .            +INF           -6.9607      
Algonquin.Nipissing.Lumber  .2027          .              .            +INF           -9.1162      
Algonquin.Nipissing.Lumber  .2028          .              .            +INF          -12.0966      
Algonquin.Nipissing.Lumber  .2029          .              .            +INF          -10.1671      
Algonquin.Nipissing.Lumber  .2030          .              .            +INF          -10.6185      
Algonquin.Nipissing.Pulpwood.2020          .              .            +INF           -9.2295      
Algonquin.Nipissing.Pulpwood.2021          .              .            +INF          -14.6208      
Algonquin.Nipissing.Pulpwood.2022          .              .            +INF          -10.2813      
Algonquin.Nipissing.Pulpwood.2023          .              .            +INF           -6.9558      
Algonquin.Nipissing.Pulpwood.2024          .              .            +INF          -11.2337      
Algonquin.Nipissing.Pulpwood.2025          .              .            +INF           -9.3148      
Algonquin.Nipissing.Pulpwood.2026          .              .            +INF           -7.2953      
Algonquin.Nipissing.Pulpwood.2027          .              .            +INF           -9.2749      
Algonquin.Nipissing.Pulpwood.2028          .              .            +INF          -12.0120      
Algonquin.Nipissing.Pulpwood.2029          .              .            +INF          -10.2400      
Algonquin.Nipissing.Pulpwood.2030          .              .            +INF          -10.6545      

---- VAR price  Price variable fixed to exogenous path ($/m3)

                               LOWER          LEVEL          UPPER         MARGINAL

TroutLake.CLT     .2020       700.0000       700.0000       700.0000         0.1735      
TroutLake.CLT     .2021       721.0000       721.0000       721.0000         0.1749      
TroutLake.CLT     .2022       742.6300       742.6300       742.6300         0.1655      
TroutLake.CLT     .2023       764.9089       764.9089       764.9089         0.1642      
TroutLake.CLT     .2024       787.8562       787.8562       787.8562         0.1595      
TroutLake.CLT     .2025       811.4919       811.4919       811.4919         0.1597      
TroutLake.CLT     .2026       835.8366       835.8366       835.8366         0.1549      
TroutLake.CLT     .2027       860.9117       860.9117       860.9117         0.1877      
TroutLake.CLT     .2028       886.7391       886.7391       886.7391         0.1651      
TroutLake.CLT     .2029       913.3412       913.3412       913.3412         0.1816      
TroutLake.CLT     .2030       940.7415       940.7415       940.7415         0.1618      
TroutLake.Glulam  .2020       575.0000       575.0000       575.0000         0.1547      
TroutLake.Glulam  .2021       592.2500       592.2500       592.2500         0.1802      
TroutLake.Glulam  .2022       610.0175       610.0175       610.0175         0.1524      
TroutLake.Glulam  .2023       628.3180       628.3180       628.3180         0.1578      
TroutLake.Glulam  .2024       647.1676       647.1676       647.1676         0.1498      
TroutLake.Glulam  .2025       666.5826       666.5826       666.5826         0.1606      
TroutLake.Glulam  .2026       686.5801       686.5801       686.5801         0.1700      
TroutLake.Glulam  .2027       707.1775       707.1775       707.1775         0.1558      
TroutLake.Glulam  .2028       728.3928       728.3928       728.3928         0.1567      
TroutLake.Glulam  .2029       750.2446       750.2446       750.2446         0.1631      
TroutLake.Glulam  .2030       772.7519       772.7519       772.7519         0.1625      
TroutLake.Lumber  .2020       375.0000       375.0000       375.0000         3.3506      
TroutLake.Lumber  .2021       386.2500       386.2500       386.2500         3.8897      
TroutLake.Lumber  .2022       397.8375       397.8375       397.8375         3.9146      
TroutLake.Lumber  .2023       409.7726       409.7726       409.7726         3.3907      
TroutLake.Lumber  .2024       422.0658       422.0658       422.0658         3.3932      
TroutLake.Lumber  .2025       434.7278       434.7278       434.7278         3.7285      
TroutLake.Lumber  .2026       447.7696       447.7696       447.7696         3.4132      
TroutLake.Lumber  .2027       461.2027       461.2027       461.2027         3.8470      
TroutLake.Lumber  .2028       475.0388       475.0388       475.0388         3.1804      
TroutLake.Lumber  .2029       489.2899       489.2899       489.2899         3.6978      
TroutLake.Lumber  .2030       503.9686       503.9686       503.9686         3.1266      
TroutLake.Pulpwood.2020        75.0000        75.0000        75.0000         3.0549      
TroutLake.Pulpwood.2021        77.2500        77.2500        77.2500         2.6770      
TroutLake.Pulpwood.2022        79.5675        79.5675        79.5675         2.6443      
TroutLake.Pulpwood.2023        81.9545        81.9545        81.9545         2.9289      
TroutLake.Pulpwood.2024        84.4132        84.4132        84.4132         3.0143      
TroutLake.Pulpwood.2025        86.9456        86.9456        86.9456         3.0928      
TroutLake.Pulpwood.2026        89.5539        89.5539        89.5539         2.8025      
TroutLake.Pulpwood.2027        92.2405        92.2405        92.2405         2.9252      
TroutLake.Pulpwood.2028        95.0078        95.0078        95.0078         2.8387      
TroutLake.Pulpwood.2029        97.8580        97.8580        97.8580         2.7497      
TroutLake.Pulpwood.2030       100.7937       100.7937       100.7937         3.3142      
Abitibi  .CLT     .2020       700.0000       700.0000       700.0000         0.1668      
Abitibi  .CLT     .2021       721.0000       721.0000       721.0000         0.1551      
Abitibi  .CLT     .2022       742.6300       742.6300       742.6300         0.1654      
Abitibi  .CLT     .2023       764.9089       764.9089       764.9089         0.1649      
Abitibi  .CLT     .2024       787.8562       787.8562       787.8562         0.1606      
Abitibi  .CLT     .2025       811.4919       811.4919       811.4919         0.1883      
Abitibi  .CLT     .2026       835.8366       835.8366       835.8366         0.1573      
Abitibi  .CLT     .2027       860.9117       860.9117       860.9117         0.1617      
Abitibi  .CLT     .2028       886.7391       886.7391       886.7391         0.1526      
Abitibi  .CLT     .2029       913.3412       913.3412       913.3412         0.1660      
Abitibi  .CLT     .2030       940.7415       940.7415       940.7415         0.1537      
Abitibi  .Glulam  .2020       575.0000       575.0000       575.0000         0.1653      
Abitibi  .Glulam  .2021       592.2500       592.2500       592.2500         0.1628      
Abitibi  .Glulam  .2022       610.0175       610.0175       610.0175         0.1574      
Abitibi  .Glulam  .2023       628.3180       628.3180       628.3180         0.1542      
Abitibi  .Glulam  .2024       647.1676       647.1676       647.1676         0.1739      
Abitibi  .Glulam  .2025       666.5826       666.5826       666.5826         0.1705      
Abitibi  .Glulam  .2026       686.5801       686.5801       686.5801         0.1514      
Abitibi  .Glulam  .2027       707.1775       707.1775       707.1775         0.1816      
Abitibi  .Glulam  .2028       728.3928       728.3928       728.3928         0.1882      
Abitibi  .Glulam  .2029       750.2446       750.2446       750.2446         0.1739      
Abitibi  .Glulam  .2030       772.7519       772.7519       772.7519         0.1744      
Abitibi  .Lumber  .2020       375.0000       375.0000       375.0000         4.8350      
Abitibi  .Lumber  .2021       386.2500       386.2500       386.2500         5.1129      
Abitibi  .Lumber  .2022       397.8375       397.8375       397.8375         5.2158      
Abitibi  .Lumber  .2023       409.7726       409.7726       409.7726         5.0079      
Abitibi  .Lumber  .2024       422.0658       422.0658       422.0658         4.5911      
Abitibi  .Lumber  .2025       434.7278       434.7278       434.7278         5.1883      
Abitibi  .Lumber  .2026       447.7696       447.7696       447.7696         5.0287      
Abitibi  .Lumber  .2027       461.2027       461.2027       461.2027         4.5493      
Abitibi  .Lumber  .2028       475.0388       475.0388       475.0388         5.5841      
Abitibi  .Lumber  .2029       489.2899       489.2899       489.2899         4.6737      
Abitibi  .Lumber  .2030       503.9686       503.9686       503.9686         5.2108      
Abitibi  .Pulpwood.2020        75.0000        75.0000        75.0000         6.3986      
Abitibi  .Pulpwood.2021        77.2500        77.2500        77.2500         6.6227      
Abitibi  .Pulpwood.2022        79.5675        79.5675        79.5675         5.5698      
Abitibi  .Pulpwood.2023        81.9545        81.9545        81.9545         5.7079      
Abitibi  .Pulpwood.2024        84.4132        84.4132        84.4132         5.5640      
Abitibi  .Pulpwood.2025        86.9456        86.9456        86.9456         5.6347      
Abitibi  .Pulpwood.2026        89.5539        89.5539        89.5539         6.2109      
Abitibi  .Pulpwood.2027        92.2405        92.2405        92.2405         6.3384      
Abitibi  .Pulpwood.2028        95.0078        95.0078        95.0078         5.4030      
Abitibi  .Pulpwood.2029        97.8580        97.8580        97.8580         5.4965      
Abitibi  .Pulpwood.2030       100.7937       100.7937       100.7937         5.9052      
Algoma   .CLT     .2020       700.0000       700.0000       700.0000         0.1572      
Algoma   .CLT     .2021       721.0000       721.0000       721.0000         0.1779      
Algoma   .CLT     .2022       742.6300       742.6300       742.6300         0.1807      
Algoma   .CLT     .2023       764.9089       764.9089       764.9089         0.1559      
Algoma   .CLT     .2024       787.8562       787.8562       787.8562         0.1655      
Algoma   .CLT     .2025       811.4919       811.4919       811.4919         0.1780      
Algoma   .CLT     .2026       835.8366       835.8366       835.8366         0.1841      
Algoma   .CLT     .2027       860.9117       860.9117       860.9117         0.1746      
Algoma   .CLT     .2028       886.7391       886.7391       886.7391         0.1894      
Algoma   .CLT     .2029       913.3412       913.3412       913.3412         0.1507      
Algoma   .CLT     .2030       940.7415       940.7415       940.7415         0.1572      
Algoma   .Glulam  .2020       575.0000       575.0000       575.0000         0.1532      
Algoma   .Glulam  .2021       592.2500       592.2500       592.2500         0.1716      
Algoma   .Glulam  .2022       610.0175       610.0175       610.0175         0.1548      
Algoma   .Glulam  .2023       628.3180       628.3180       628.3180         0.1795      
Algoma   .Glulam  .2024       647.1676       647.1676       647.1676         0.1542      
Algoma   .Glulam  .2025       666.5826       666.5826       666.5826         0.1695      
Algoma   .Glulam  .2026       686.5801       686.5801       686.5801         0.1821      
Algoma   .Glulam  .2027       707.1775       707.1775       707.1775         0.1697      
Algoma   .Glulam  .2028       728.3928       728.3928       728.3928         0.1714      
Algoma   .Glulam  .2029       750.2446       750.2446       750.2446         0.1500      
Algoma   .Glulam  .2030       772.7519       772.7519       772.7519         0.1718      
Algoma   .Lumber  .2020       375.0000       375.0000       375.0000         4.4472      
Algoma   .Lumber  .2021       386.2500       386.2500       386.2500         5.0134      
Algoma   .Lumber  .2022       397.8375       397.8375       397.8375         4.1586      
Algoma   .Lumber  .2023       409.7726       409.7726       409.7726         4.1366      
Algoma   .Lumber  .2024       422.0658       422.0658       422.0658         3.9866      
Algoma   .Lumber  .2025       434.7278       434.7278       434.7278         4.1520      
Algoma   .Lumber  .2026       447.7696       447.7696       447.7696         4.0262      
Algoma   .Lumber  .2027       461.2027       461.2027       461.2027         3.9780      
Algoma   .Lumber  .2028       475.0388       475.0388       475.0388         4.8625      
Algoma   .Lumber  .2029       489.2899       489.2899       489.2899         4.6098      
Algoma   .Lumber  .2030       503.9686       503.9686       503.9686         3.9892      
Algoma   .Pulpwood.2020        75.0000        75.0000        75.0000         4.6353      
Algoma   .Pulpwood.2021        77.2500        77.2500        77.2500         5.5409      
Algoma   .Pulpwood.2022        79.5675        79.5675        79.5675         4.8027      
Algoma   .Pulpwood.2023        81.9545        81.9545        81.9545         5.1131      
Algoma   .Pulpwood.2024        84.4132        84.4132        84.4132         4.7110      
Algoma   .Pulpwood.2025        86.9456        86.9456        86.9456         5.1688      
Algoma   .Pulpwood.2026        89.5539        89.5539        89.5539         4.5863      
Algoma   .Pulpwood.2027        92.2405        92.2405        92.2405         4.9520      
Algoma   .Pulpwood.2028        95.0078        95.0078        95.0078         4.8720      
Algoma   .Pulpwood.2029        97.8580        97.8580        97.8580         5.3666      
Algoma   .Pulpwood.2030       100.7937       100.7937       100.7937         5.0492      
Kenora   .CLT     .2020       700.0000       700.0000       700.0000         0.1655      
Kenora   .CLT     .2021       721.0000       721.0000       721.0000         0.1724      
Kenora   .CLT     .2022       742.6300       742.6300       742.6300         0.1877      
Kenora   .CLT     .2023       764.9089       764.9089       764.9089         0.1638      
Kenora   .CLT     .2024       787.8562       787.8562       787.8562         0.1499      
Kenora   .CLT     .2025       811.4919       811.4919       811.4919         0.1883      
Kenora   .CLT     .2026       835.8366       835.8366       835.8366         0.1729      
Kenora   .CLT     .2027       860.9117       860.9117       860.9117         0.1632      
Kenora   .CLT     .2028       886.7391       886.7391       886.7391         0.1897      
Kenora   .CLT     .2029       913.3412       913.3412       913.3412         0.1809      
Kenora   .CLT     .2030       940.7415       940.7415       940.7415         0.1541      
Kenora   .Glulam  .2020       575.0000       575.0000       575.0000         0.1902      
Kenora   .Glulam  .2021       592.2500       592.2500       592.2500         0.1733      
Kenora   .Glulam  .2022       610.0175       610.0175       610.0175         0.1564      
Kenora   .Glulam  .2023       628.3180       628.3180       628.3180         0.1758      
Kenora   .Glulam  .2024       647.1676       647.1676       647.1676         0.1636      
Kenora   .Glulam  .2025       666.5826       666.5826       666.5826         0.1868      
Kenora   .Glulam  .2026       686.5801       686.5801       686.5801         0.1863      
Kenora   .Glulam  .2027       707.1775       707.1775       707.1775         0.1503      
Kenora   .Glulam  .2028       728.3928       728.3928       728.3928         0.1646      
Kenora   .Glulam  .2029       750.2446       750.2446       750.2446         0.1767      
Kenora   .Glulam  .2030       772.7519       772.7519       772.7519         0.1738      
Kenora   .Lumber  .2020       375.0000       375.0000       375.0000         2.2207      
Kenora   .Lumber  .2021       386.2500       386.2500       386.2500         2.7051      
Kenora   .Lumber  .2022       397.8375       397.8375       397.8375         2.7592      
Kenora   .Lumber  .2023       409.7726       409.7726       409.7726         2.5048      
Kenora   .Lumber  .2024       422.0658       422.0658       422.0658         2.3798      
Kenora   .Lumber  .2025       434.7278       434.7278       434.7278         2.4980      
Kenora   .Lumber  .2026       447.7696       447.7696       447.7696         2.2270      
Kenora   .Lumber  .2027       461.2027       461.2027       461.2027         2.6642      
Kenora   .Lumber  .2028       475.0388       475.0388       475.0388         2.5198      
Kenora   .Lumber  .2029       489.2899       489.2899       489.2899         2.6481      
Kenora   .Lumber  .2030       503.9686       503.9686       503.9686         2.6320      
Kenora   .Pulpwood.2020        75.0000        75.0000        75.0000         2.0632      
Kenora   .Pulpwood.2021        77.2500        77.2500        77.2500         1.8152      
Kenora   .Pulpwood.2022        79.5675        79.5675        79.5675         2.2262      
Kenora   .Pulpwood.2023        81.9545        81.9545        81.9545         2.0992      
Kenora   .Pulpwood.2024        84.4132        84.4132        84.4132         2.2334      
Kenora   .Pulpwood.2025        86.9456        86.9456        86.9456         2.1703      
Kenora   .Pulpwood.2026        89.5539        89.5539        89.5539         2.0583      
Kenora   .Pulpwood.2027        92.2405        92.2405        92.2405         2.0966      
Kenora   .Pulpwood.2028        95.0078        95.0078        95.0078         2.0964      
Kenora   .Pulpwood.2029        97.8580        97.8580        97.8580         2.1395      
Kenora   .Pulpwood.2030       100.7937       100.7937       100.7937         2.0529      
Nipissing.CLT     .2020       700.0000       700.0000       700.0000         0.1518      
Nipissing.CLT     .2021       721.0000       721.0000       721.0000         0.1694      
Nipissing.CLT     .2022       742.6300       742.6300       742.6300         0.1517      
Nipissing.CLT     .2023       764.9089       764.9089       764.9089         0.1781      
Nipissing.CLT     .2024       787.8562       787.8562       787.8562         0.1575      
Nipissing.CLT     .2025       811.4919       811.4919       811.4919         0.1588      
Nipissing.CLT     .2026       835.8366       835.8366       835.8366         0.1828      
Nipissing.CLT     .2027       860.9117       860.9117       860.9117         0.1901      
Nipissing.CLT     .2028       886.7391       886.7391       886.7391         0.1802      
Nipissing.CLT     .2029       913.3412       913.3412       913.3412         0.1789      
Nipissing.CLT     .2030       940.7415       940.7415       940.7415         0.1496      
Nipissing.Glulam  .2020       575.0000       575.0000       575.0000         0.1604      
Nipissing.Glulam  .2021       592.2500       592.2500       592.2500         0.1832      
Nipissing.Glulam  .2022       610.0175       610.0175       610.0175         0.1830      
Nipissing.Glulam  .2023       628.3180       628.3180       628.3180         0.1847      
Nipissing.Glulam  .2024       647.1676       647.1676       647.1676         0.1583      
Nipissing.Glulam  .2025       666.5826       666.5826       666.5826         0.1682      
Nipissing.Glulam  .2026       686.5801       686.5801       686.5801         0.1512      
Nipissing.Glulam  .2027       707.1775       707.1775       707.1775         0.1628      
Nipissing.Glulam  .2028       728.3928       728.3928       728.3928         0.1675      
Nipissing.Glulam  .2029       750.2446       750.2446       750.2446         0.1625      
Nipissing.Glulam  .2030       772.7519       772.7519       772.7519         0.1551      
Nipissing.Lumber  .2020       375.0000       375.0000       375.0000         6.9851      
Nipissing.Lumber  .2021       386.2500       386.2500       386.2500         6.3702      
Nipissing.Lumber  .2022       397.8375       397.8375       397.8375         5.9412      
Nipissing.Lumber  .2023       409.7726       409.7726       409.7726         6.4462      
Nipissing.Lumber  .2024       422.0658       422.0658       422.0658         6.1615      
Nipissing.Lumber  .2025       434.7278       434.7278       434.7278         7.1173      
Nipissing.Lumber  .2026       447.7696       447.7696       447.7696         5.8205      
Nipissing.Lumber  .2027       461.2027       461.2027       461.2027         6.3668      
Nipissing.Lumber  .2028       475.0388       475.0388       475.0388         6.2529      
Nipissing.Lumber  .2029       489.2899       489.2899       489.2899         6.4505      
Nipissing.Lumber  .2030       503.9686       503.9686       503.9686         6.7226      
Nipissing.Pulpwood.2020        75.0000        75.0000        75.0000         7.2412      
Nipissing.Pulpwood.2021        77.2500        77.2500        77.2500         6.7272      
Nipissing.Pulpwood.2022        79.5675        79.5675        79.5675         6.3294      
Nipissing.Pulpwood.2023        81.9545        81.9545        81.9545         7.6818      
Nipissing.Pulpwood.2024        84.4132        84.4132        84.4132         6.5251      
Nipissing.Pulpwood.2025        86.9456        86.9456        86.9456         7.7037      
Nipissing.Pulpwood.2026        89.5539        89.5539        89.5539         6.9189      
Nipissing.Pulpwood.2027        92.2405        92.2405        92.2405         6.3111      
Nipissing.Pulpwood.2028        95.0078        95.0078        95.0078         6.7887      
Nipissing.Pulpwood.2029        97.8580        97.8580        97.8580         6.8572      
Nipissing.Pulpwood.2030       100.7937       100.7937       100.7937         6.8390      
Algonquin.CLT     .2020       700.0000       700.0000       700.0000         0.1542      
Algonquin.CLT     .2021       721.0000       721.0000       721.0000         0.1802      
Algonquin.CLT     .2022       742.6300       742.6300       742.6300         0.1824      
Algonquin.CLT     .2023       764.9089       764.9089       764.9089         0.1506      
Algonquin.CLT     .2024       787.8562       787.8562       787.8562         0.1692      
Algonquin.CLT     .2025       811.4919       811.4919       811.4919         0.1610      
Algonquin.CLT     .2026       835.8366       835.8366       835.8366         0.1864      
Algonquin.CLT     .2027       860.9117       860.9117       860.9117         0.1503      
Algonquin.CLT     .2028       886.7391       886.7391       886.7391         0.1774      
Algonquin.CLT     .2029       913.3412       913.3412       913.3412         0.1884      
Algonquin.CLT     .2030       940.7415       940.7415       940.7415         0.1863      
Algonquin.Glulam  .2020       575.0000       575.0000       575.0000         0.1863      
Algonquin.Glulam  .2021       592.2500       592.2500       592.2500         0.1853      
Algonquin.Glulam  .2022       610.0175       610.0175       610.0175         0.1656      
Algonquin.Glulam  .2023       628.3180       628.3180       628.3180         0.1702      
Algonquin.Glulam  .2024       647.1676       647.1676       647.1676         0.1835      
Algonquin.Glulam  .2025       666.5826       666.5826       666.5826         0.1742      
Algonquin.Glulam  .2026       686.5801       686.5801       686.5801         0.1530      
Algonquin.Glulam  .2027       707.1775       707.1775       707.1775         0.1732      
Algonquin.Glulam  .2028       728.3928       728.3928       728.3928         0.1738      
Algonquin.Glulam  .2029       750.2446       750.2446       750.2446         0.1775      
Algonquin.Glulam  .2030       772.7519       772.7519       772.7519         0.1561      
Algonquin.Lumber  .2020       375.0000       375.0000       375.0000         3.8385      
Algonquin.Lumber  .2021       386.2500       386.2500       386.2500         3.8232      
Algonquin.Lumber  .2022       397.8375       397.8375       397.8375         4.0191      
Algonquin.Lumber  .2023       409.7726       409.7726       409.7726         3.8692      
Algonquin.Lumber  .2024       422.0658       422.0658       422.0658         3.6810      
Algonquin.Lumber  .2025       434.7278       434.7278       434.7278         4.1758      
Algonquin.Lumber  .2026       447.7696       447.7696       447.7696         4.0052      
Algonquin.Lumber  .2027       461.2027       461.2027       461.2027         4.0732      
Algonquin.Lumber  .2028       475.0388       475.0388       475.0388         4.2110      
Algonquin.Lumber  .2029       489.2899       489.2899       489.2899         4.1764      
Algonquin.Lumber  .2030       503.9686       503.9686       503.9686         3.5391      
Algonquin.Pulpwood.2020        75.0000        75.0000        75.0000         4.3262      
Algonquin.Pulpwood.2021        77.2500        77.2500        77.2500         4.2016      
Algonquin.Pulpwood.2022        79.5675        79.5675        79.5675         3.6693      
Algonquin.Pulpwood.2023        81.9545        81.9545        81.9545         4.1063      
Algonquin.Pulpwood.2024        84.4132        84.4132        84.4132         4.1551      
Algonquin.Pulpwood.2025        86.9456        86.9456        86.9456         3.7066      
Algonquin.Pulpwood.2026        89.5539        89.5539        89.5539         3.8690      
Algonquin.Pulpwood.2027        92.2405        92.2405        92.2405         4.1189      
Algonquin.Pulpwood.2028        95.0078        95.0078        95.0078         4.2221      
Algonquin.Pulpwood.2029        97.8580        97.8580        97.8580         3.9174      
Algonquin.Pulpwood.2030       100.7937       100.7937       100.7937         3.6712      

---- VAR carbonStorage  Stored carbon (MtCO2 eq if factors are tCO2/m3 and quantities in million m3)

                               LOWER          LEVEL          UPPER         MARGINAL

TroutLake.CLT     .2020          .             0.1214        +INF             .          
TroutLake.CLT     .2021          .             0.1225        +INF             .          
TroutLake.CLT     .2022          .             0.1158        +INF             .          
TroutLake.CLT     .2023          .             0.1150        +INF             .          
TroutLake.CLT     .2024          .             0.1117        +INF             .          
TroutLake.CLT     .2025          .             0.1118        +INF             .          
TroutLake.CLT     .2026          .             0.1084        +INF             .          
TroutLake.CLT     .2027          .             0.1314        +INF             .          
TroutLake.CLT     .2028          .             0.1156        +INF             .          
TroutLake.CLT     .2029          .             0.1271        +INF             .          
TroutLake.CLT     .2030          .             0.1133        +INF             .          
TroutLake.Glulam  .2020          .             0.1083        +INF             .          
TroutLake.Glulam  .2021          .             0.1261        +INF             .          
TroutLake.Glulam  .2022          .             0.1067        +INF             .          
TroutLake.Glulam  .2023          .             0.1105        +INF             .          
TroutLake.Glulam  .2024          .             0.1049        +INF             .          
TroutLake.Glulam  .2025          .             0.1124        +INF             .          
TroutLake.Glulam  .2026          .             0.1190        +INF             .          
TroutLake.Glulam  .2027          .             0.1090        +INF             .          
TroutLake.Glulam  .2028          .             0.1097        +INF             .          
TroutLake.Glulam  .2029          .             0.1142        +INF             .          
TroutLake.Glulam  .2030          .             0.1138        +INF             .          
TroutLake.Lumber  .2020          .             1.4916        +INF             .          
TroutLake.Lumber  .2021          .             1.7191        +INF             .          
TroutLake.Lumber  .2022          .             1.7124        +INF             .          
TroutLake.Lumber  .2023          .             1.5046        +INF             .          
TroutLake.Lumber  .2024          .             1.4998        +INF             .          
TroutLake.Lumber  .2025          .             1.6387        +INF             .          
TroutLake.Lumber  .2026          .             1.5144        +INF             .          
TroutLake.Lumber  .2027          .             1.6974        +INF             .          
TroutLake.Lumber  .2028          .             1.4204        +INF             .          
TroutLake.Lumber  .2029          .             1.6380        +INF             .          
TroutLake.Lumber  .2030          .             1.3998        +INF             .          
TroutLake.Pulpwood.2020          .             0.2138        +INF             .          
TroutLake.Pulpwood.2021          .             0.1874        +INF             .          
TroutLake.Pulpwood.2022          .             0.1851        +INF             .          
TroutLake.Pulpwood.2023          .             0.2050        +INF             .          
TroutLake.Pulpwood.2024          .             0.2110        +INF             .          
TroutLake.Pulpwood.2025          .             0.2165        +INF             .          
TroutLake.Pulpwood.2026          .             0.1962        +INF             .          
TroutLake.Pulpwood.2027          .             0.2048        +INF             .          
TroutLake.Pulpwood.2028          .             0.1987        +INF             .          
TroutLake.Pulpwood.2029          .             0.1925        +INF             .          
TroutLake.Pulpwood.2030          .             0.2320        +INF             .          
Abitibi  .CLT     .2020          .             0.1168        +INF             .          
Abitibi  .CLT     .2021          .             0.1086        +INF             .          
Abitibi  .CLT     .2022          .             0.1157        +INF             .          
Abitibi  .CLT     .2023          .             0.1154        +INF             .          
Abitibi  .CLT     .2024          .             0.1124        +INF             .          
Abitibi  .CLT     .2025          .             0.1318        +INF             .          
Abitibi  .CLT     .2026          .             0.1101        +INF             .          
Abitibi  .CLT     .2027          .             0.1132        +INF             .          
Abitibi  .CLT     .2028          .             0.1068        +INF             .          
Abitibi  .CLT     .2029          .             0.1162        +INF             .          
Abitibi  .CLT     .2030          .             0.1076        +INF             .          
Abitibi  .Glulam  .2020          .             0.1157        +INF             .          
Abitibi  .Glulam  .2021          .             0.1140        +INF             .          
Abitibi  .Glulam  .2022          .             0.1102        +INF             .          
Abitibi  .Glulam  .2023          .             0.1079        +INF             .          
Abitibi  .Glulam  .2024          .             0.1218        +INF             .          
Abitibi  .Glulam  .2025          .             0.1193        +INF             .          
Abitibi  .Glulam  .2026          .             0.1060        +INF             .          
Abitibi  .Glulam  .2027          .             0.1271        +INF             .          
Abitibi  .Glulam  .2028          .             0.1317        +INF             .          
Abitibi  .Glulam  .2029          .             0.1218        +INF             .          
Abitibi  .Glulam  .2030          .             0.1221        +INF             .          
Abitibi  .Lumber  .2020          .             2.0868        +INF             .          
Abitibi  .Lumber  .2021          .             2.1912        +INF             .          
Abitibi  .Lumber  .2022          .             2.2350        +INF             .          
Abitibi  .Lumber  .2023          .             2.1501        +INF             .          
Abitibi  .Lumber  .2024          .             1.9900        +INF             .          
Abitibi  .Lumber  .2025          .             2.2407        +INF             .          
Abitibi  .Lumber  .2026          .             2.1536        +INF             .          
Abitibi  .Lumber  .2027          .             1.9772        +INF             .          
Abitibi  .Lumber  .2028          .             2.3897        +INF             .          
Abitibi  .Lumber  .2029          .             2.0257        +INF             .          
Abitibi  .Lumber  .2030          .             2.2348        +INF             .          
Abitibi  .Pulpwood.2020          .             0.4479        +INF             .          
Abitibi  .Pulpwood.2021          .             0.4636        +INF             .          
Abitibi  .Pulpwood.2022          .             0.3899        +INF             .          
Abitibi  .Pulpwood.2023          .             0.3996        +INF             .          
Abitibi  .Pulpwood.2024          .             0.3895        +INF             .          
Abitibi  .Pulpwood.2025          .             0.3944        +INF             .          
Abitibi  .Pulpwood.2026          .             0.4348        +INF             .          
Abitibi  .Pulpwood.2027          .             0.4437        +INF             .          
Abitibi  .Pulpwood.2028          .             0.3782        +INF             .          
Abitibi  .Pulpwood.2029          .             0.3848        +INF             .          
Abitibi  .Pulpwood.2030          .             0.4134        +INF             .          
Algoma   .CLT     .2020          .             0.1101        +INF             .          
Algoma   .CLT     .2021          .             0.1245        +INF             .          
Algoma   .CLT     .2022          .             0.1265        +INF             .          
Algoma   .CLT     .2023          .             0.1091        +INF             .          
Algoma   .CLT     .2024          .             0.1158        +INF             .          
Algoma   .CLT     .2025          .             0.1246        +INF             .          
Algoma   .CLT     .2026          .             0.1289        +INF             .          
Algoma   .CLT     .2027          .             0.1222        +INF             .          
Algoma   .CLT     .2028          .             0.1326        +INF             .          
Algoma   .CLT     .2029          .             0.1055        +INF             .          
Algoma   .CLT     .2030          .             0.1101        +INF             .          
Algoma   .Glulam  .2020          .             0.1072        +INF             .          
Algoma   .Glulam  .2021          .             0.1202        +INF             .          
Algoma   .Glulam  .2022          .             0.1083        +INF             .          
Algoma   .Glulam  .2023          .             0.1257        +INF             .          
Algoma   .Glulam  .2024          .             0.1080        +INF             .          
Algoma   .Glulam  .2025          .             0.1187        +INF             .          
Algoma   .Glulam  .2026          .             0.1274        +INF             .          
Algoma   .Glulam  .2027          .             0.1188        +INF             .          
Algoma   .Glulam  .2028          .             0.1200        +INF             .          
Algoma   .Glulam  .2029          .             0.1050        +INF             .          
Algoma   .Glulam  .2030          .             0.1203        +INF             .          
Algoma   .Lumber  .2020          .             1.9217        +INF             .          
Algoma   .Lumber  .2021          .             2.1662        +INF             .          
Algoma   .Lumber  .2022          .             1.8183        +INF             .          
Algoma   .Lumber  .2023          .             1.8085        +INF             .          
Algoma   .Lumber  .2024          .             1.7419        +INF             .          
Algoma   .Lumber  .2025          .             1.8208        +INF             .          
Algoma   .Lumber  .2026          .             1.7790        +INF             .          
Algoma   .Lumber  .2027          .             1.7497        +INF             .          
Algoma   .Lumber  .2028          .             2.1113        +INF             .          
Algoma   .Lumber  .2029          .             1.9823        +INF             .          
Algoma   .Lumber  .2030          .             1.7467        +INF             .          
Algoma   .Pulpwood.2020          .             0.3245        +INF             .          
Algoma   .Pulpwood.2021          .             0.3879        +INF             .          
Algoma   .Pulpwood.2022          .             0.3362        +INF             .          
Algoma   .Pulpwood.2023          .             0.3579        +INF             .          
Algoma   .Pulpwood.2024          .             0.3298        +INF             .          
Algoma   .Pulpwood.2025          .             0.3618        +INF             .          
Algoma   .Pulpwood.2026          .             0.3210        +INF             .          
Algoma   .Pulpwood.2027          .             0.3466        +INF             .          
Algoma   .Pulpwood.2028          .             0.3410        +INF             .          
Algoma   .Pulpwood.2029          .             0.3757        +INF             .          
Algoma   .Pulpwood.2030          .             0.3534        +INF             .          
Kenora   .CLT     .2020          .             0.1159        +INF             .          
Kenora   .CLT     .2021          .             0.1207        +INF             .          
Kenora   .CLT     .2022          .             0.1314        +INF             .          
Kenora   .CLT     .2023          .             0.1147        +INF             .          
Kenora   .CLT     .2024          .             0.1050        +INF             .          
Kenora   .CLT     .2025          .             0.1318        +INF             .          
Kenora   .CLT     .2026          .             0.1211        +INF             .          
Kenora   .CLT     .2027          .             0.1142        +INF             .          
Kenora   .CLT     .2028          .             0.1328        +INF             .          
Kenora   .CLT     .2029          .             0.1266        +INF             .          
Kenora   .CLT     .2030          .             0.1079        +INF             .          
Kenora   .Glulam  .2020          .             0.1331        +INF             .          
Kenora   .Glulam  .2021          .             0.1213        +INF             .          
Kenora   .Glulam  .2022          .             0.1095        +INF             .          
Kenora   .Glulam  .2023          .             0.1231        +INF             .          
Kenora   .Glulam  .2024          .             0.1146        +INF             .          
Kenora   .Glulam  .2025          .             0.1308        +INF             .          
Kenora   .Glulam  .2026          .             0.1304        +INF             .          
Kenora   .Glulam  .2027          .             0.1052        +INF             .          
Kenora   .Glulam  .2028          .             0.1152        +INF             .          
Kenora   .Glulam  .2029          .             0.1237        +INF             .          
Kenora   .Glulam  .2030          .             0.1217        +INF             .          
Kenora   .Lumber  .2020          .             1.0514        +INF             .          
Kenora   .Lumber  .2021          .             1.2410        +INF             .          
Kenora   .Lumber  .2022          .             1.2626        +INF             .          
Kenora   .Lumber  .2023          .             1.1579        +INF             .          
Kenora   .Lumber  .2024          .             1.0959        +INF             .          
Kenora   .Lumber  .2025          .             1.1718        +INF             .          
Kenora   .Lumber  .2026          .             1.0558        +INF             .          
Kenora   .Lumber  .2027          .             1.2101        +INF             .          
Kenora   .Lumber  .2028          .             1.1714        +INF             .          
Kenora   .Lumber  .2029          .             1.2238        +INF             .          
Kenora   .Lumber  .2030          .             1.2033        +INF             .          
Kenora   .Pulpwood.2020          .             0.1444        +INF             .          
Kenora   .Pulpwood.2021          .             0.1271        +INF             .          
Kenora   .Pulpwood.2022          .             0.1558        +INF             .          
Kenora   .Pulpwood.2023          .             0.1469        +INF             .          
Kenora   .Pulpwood.2024          .             0.1563        +INF             .          
Kenora   .Pulpwood.2025          .             0.1519        +INF             .          
Kenora   .Pulpwood.2026          .             0.1441        +INF             .          
Kenora   .Pulpwood.2027          .             0.1468        +INF             .          
Kenora   .Pulpwood.2028          .             0.1467        +INF             .          
Kenora   .Pulpwood.2029          .             0.1498        +INF             .          
Kenora   .Pulpwood.2030          .             0.1437        +INF             .          
Nipissing.CLT     .2020          .             0.1063        +INF             .          
Nipissing.CLT     .2021          .             0.1186        +INF             .          
Nipissing.CLT     .2022          .             0.1062        +INF             .          
Nipissing.CLT     .2023          .             0.1247        +INF             .          
Nipissing.CLT     .2024          .             0.1103        +INF             .          
Nipissing.CLT     .2025          .             0.1112        +INF             .          
Nipissing.CLT     .2026          .             0.1280        +INF             .          
Nipissing.CLT     .2027          .             0.1330        +INF             .          
Nipissing.CLT     .2028          .             0.1262        +INF             .          
Nipissing.CLT     .2029          .             0.1252        +INF             .          
Nipissing.CLT     .2030          .             0.1047        +INF             .          
Nipissing.Glulam  .2020          .             0.1123        +INF             .          
Nipissing.Glulam  .2021          .             0.1282        +INF             .          
Nipissing.Glulam  .2022          .             0.1281        +INF             .          
Nipissing.Glulam  .2023          .             0.1293        +INF             .          
Nipissing.Glulam  .2024          .             0.1108        +INF             .          
Nipissing.Glulam  .2025          .             0.1178        +INF             .          
Nipissing.Glulam  .2026          .             0.1058        +INF             .          
Nipissing.Glulam  .2027          .             0.1139        +INF             .          
Nipissing.Glulam  .2028          .             0.1173        +INF             .          
Nipissing.Glulam  .2029          .             0.1137        +INF             .          
Nipissing.Glulam  .2030          .             0.1086        +INF             .          
Nipissing.Lumber  .2020          .             2.9375        +INF             .          
Nipissing.Lumber  .2021          .             2.7100        +INF             .          
Nipissing.Lumber  .2022          .             2.5298        +INF             .          
Nipissing.Lumber  .2023          .             2.7453        +INF             .          
Nipissing.Lumber  .2024          .             2.6099        +INF             .          
Nipissing.Lumber  .2025          .             2.9972        +INF             .          
Nipissing.Lumber  .2026          .             2.4824        +INF             .          
Nipissing.Lumber  .2027          .             2.7096        +INF             .          
Nipissing.Lumber  .2028          .             2.6614        +INF             .          
Nipissing.Lumber  .2029          .             2.7376        +INF             .          
Nipissing.Lumber  .2030          .             2.8291        +INF             .          
Nipissing.Pulpwood.2020          .             0.5069        +INF             .          
Nipissing.Pulpwood.2021          .             0.4709        +INF             .          
Nipissing.Pulpwood.2022          .             0.4431        +INF             .          
Nipissing.Pulpwood.2023          .             0.5377        +INF             .          
Nipissing.Pulpwood.2024          .             0.4568        +INF             .          
Nipissing.Pulpwood.2025          .             0.5393        +INF             .          
Nipissing.Pulpwood.2026          .             0.4843        +INF             .          
Nipissing.Pulpwood.2027          .             0.4418        +INF             .          
Nipissing.Pulpwood.2028          .             0.4752        +INF             .          
Nipissing.Pulpwood.2029          .             0.4800        +INF             .          
Nipissing.Pulpwood.2030          .             0.4787        +INF             .          
Algonquin.CLT     .2020          .             0.1079        +INF             .          
Algonquin.CLT     .2021          .             0.1262        +INF             .          
Algonquin.CLT     .2022          .             0.1277        +INF             .          
Algonquin.CLT     .2023          .             0.1054        +INF             .          
Algonquin.CLT     .2024          .             0.1185        +INF             .          
Algonquin.CLT     .2025          .             0.1127        +INF             .          
Algonquin.CLT     .2026          .             0.1305        +INF             .          
Algonquin.CLT     .2027          .             0.1052        +INF             .          
Algonquin.CLT     .2028          .             0.1242        +INF             .          
Algonquin.CLT     .2029          .             0.1319        +INF             .          
Algonquin.CLT     .2030          .             0.1304        +INF             .          
Algonquin.Glulam  .2020          .             0.1304        +INF             .          
Algonquin.Glulam  .2021          .             0.1297        +INF             .          
Algonquin.Glulam  .2022          .             0.1159        +INF             .          
Algonquin.Glulam  .2023          .             0.1191        +INF             .          
Algonquin.Glulam  .2024          .             0.1285        +INF             .          
Algonquin.Glulam  .2025          .             0.1219        +INF             .          
Algonquin.Glulam  .2026          .             0.1071        +INF             .          
Algonquin.Glulam  .2027          .             0.1212        +INF             .          
Algonquin.Glulam  .2028          .             0.1217        +INF             .          
Algonquin.Glulam  .2029          .             0.1242        +INF             .          
Algonquin.Glulam  .2030          .             0.1093        +INF             .          
Algonquin.Lumber  .2020          .             1.6914        +INF             .          
Algonquin.Lumber  .2021          .             1.6973        +INF             .          
Algonquin.Lumber  .2022          .             1.7680        +INF             .          
Algonquin.Lumber  .2023          .             1.6948        +INF             .          
Algonquin.Lumber  .2024          .             1.6344        +INF             .          
Algonquin.Lumber  .2025          .             1.8242        +INF             .          
Algonquin.Lumber  .2026          .             1.7588        +INF             .          
Algonquin.Lumber  .2027          .             1.7776        +INF             .          
Algonquin.Lumber  .2028          .             1.8460        +INF             .          
Algonquin.Lumber  .2029          .             1.8391        +INF             .          
Algonquin.Lumber  .2030          .             1.5737        +INF             .          
Algonquin.Pulpwood.2020          .             0.3028        +INF             .          
Algonquin.Pulpwood.2021          .             0.2941        +INF             .          
Algonquin.Pulpwood.2022          .             0.2569        +INF             .          
Algonquin.Pulpwood.2023          .             0.2874        +INF             .          
Algonquin.Pulpwood.2024          .             0.2909        +INF             .          
Algonquin.Pulpwood.2025          .             0.2595        +INF             .          
Algonquin.Pulpwood.2026          .             0.2708        +INF             .          
Algonquin.Pulpwood.2027          .             0.2883        +INF             .          
Algonquin.Pulpwood.2028          .             0.2955        +INF             .          
Algonquin.Pulpwood.2029          .             0.2742        +INF             .          
Algonquin.Pulpwood.2030          .             0.2570        +INF             .          

---- VAR carbonEmission  Emissions (MtCO2 eq)

                               LOWER          LEVEL          UPPER         MARGINAL

TroutLake.CLT     .2020          .             0.0260        +INF             .          
TroutLake.CLT     .2021          .             0.0262        +INF             .          
TroutLake.CLT     .2022          .             0.0248        +INF             .          
TroutLake.CLT     .2023          .             0.0246        +INF             .          
TroutLake.CLT     .2024          .             0.0239        +INF             .          
TroutLake.CLT     .2025          .             0.0239        +INF             .          
TroutLake.CLT     .2026          .             0.0232        +INF             .          
TroutLake.CLT     .2027          .             0.0282        +INF             .          
TroutLake.CLT     .2028          .             0.0248        +INF             .          
TroutLake.CLT     .2029          .             0.0272        +INF             .          
TroutLake.CLT     .2030          .             0.0243        +INF             .          
TroutLake.Glulam  .2020          .             0.0263        +INF             .          
TroutLake.Glulam  .2021          .             0.0306        +INF             .          
TroutLake.Glulam  .2022          .             0.0259        +INF             .          
TroutLake.Glulam  .2023          .             0.0268        +INF             .          
TroutLake.Glulam  .2024          .             0.0255        +INF             .          
TroutLake.Glulam  .2025          .             0.0273        +INF             .          
TroutLake.Glulam  .2026          .             0.0289        +INF             .          
TroutLake.Glulam  .2027          .             0.0265        +INF             .          
TroutLake.Glulam  .2028          .             0.0266        +INF             .          
TroutLake.Glulam  .2029          .             0.0277        +INF             .          
TroutLake.Glulam  .2030          .             0.0276        +INF             .          
TroutLake.Lumber  .2020          .             0.2424        +INF             .          
TroutLake.Lumber  .2021          .             0.2794        +INF             .          
TroutLake.Lumber  .2022          .             0.2783        +INF             .          
TroutLake.Lumber  .2023          .             0.2445        +INF             .          
TroutLake.Lumber  .2024          .             0.2437        +INF             .          
TroutLake.Lumber  .2025          .             0.2663        +INF             .          
TroutLake.Lumber  .2026          .             0.2461        +INF             .          
TroutLake.Lumber  .2027          .             0.2758        +INF             .          
TroutLake.Lumber  .2028          .             0.2308        +INF             .          
TroutLake.Lumber  .2029          .             0.2662        +INF             .          
TroutLake.Lumber  .2030          .             0.2275        +INF             .          
TroutLake.Pulpwood.2020          .             0.0305        +INF             .          
TroutLake.Pulpwood.2021          .             0.0268        +INF             .          
TroutLake.Pulpwood.2022          .             0.0264        +INF             .          
TroutLake.Pulpwood.2023          .             0.0293        +INF             .          
TroutLake.Pulpwood.2024          .             0.0301        +INF             .          
TroutLake.Pulpwood.2025          .             0.0309        +INF             .          
TroutLake.Pulpwood.2026          .             0.0280        +INF             .          
TroutLake.Pulpwood.2027          .             0.0293        +INF             .          
TroutLake.Pulpwood.2028          .             0.0284        +INF             .          
TroutLake.Pulpwood.2029          .             0.0275        +INF             .          
TroutLake.Pulpwood.2030          .             0.0331        +INF             .          
Abitibi  .CLT     .2020          .             0.0250        +INF             .          
Abitibi  .CLT     .2021          .             0.0233        +INF             .          
Abitibi  .CLT     .2022          .             0.0248        +INF             .          
Abitibi  .CLT     .2023          .             0.0247        +INF             .          
Abitibi  .CLT     .2024          .             0.0241        +INF             .          
Abitibi  .CLT     .2025          .             0.0282        +INF             .          
Abitibi  .CLT     .2026          .             0.0236        +INF             .          
Abitibi  .CLT     .2027          .             0.0243        +INF             .          
Abitibi  .CLT     .2028          .             0.0229        +INF             .          
Abitibi  .CLT     .2029          .             0.0249        +INF             .          
Abitibi  .CLT     .2030          .             0.0231        +INF             .          
Abitibi  .Glulam  .2020          .             0.0281        +INF             .          
Abitibi  .Glulam  .2021          .             0.0277        +INF             .          
Abitibi  .Glulam  .2022          .             0.0268        +INF             .          
Abitibi  .Glulam  .2023          .             0.0262        +INF             .          
Abitibi  .Glulam  .2024          .             0.0296        +INF             .          
Abitibi  .Glulam  .2025          .             0.0290        +INF             .          
Abitibi  .Glulam  .2026          .             0.0257        +INF             .          
Abitibi  .Glulam  .2027          .             0.0309        +INF             .          
Abitibi  .Glulam  .2028          .             0.0320        +INF             .          
Abitibi  .Glulam  .2029          .             0.0296        +INF             .          
Abitibi  .Glulam  .2030          .             0.0296        +INF             .          
Abitibi  .Lumber  .2020          .             0.3391        +INF             .          
Abitibi  .Lumber  .2021          .             0.3561        +INF             .          
Abitibi  .Lumber  .2022          .             0.3632        +INF             .          
Abitibi  .Lumber  .2023          .             0.3494        +INF             .          
Abitibi  .Lumber  .2024          .             0.3234        +INF             .          
Abitibi  .Lumber  .2025          .             0.3641        +INF             .          
Abitibi  .Lumber  .2026          .             0.3500        +INF             .          
Abitibi  .Lumber  .2027          .             0.3213        +INF             .          
Abitibi  .Lumber  .2028          .             0.3883        +INF             .          
Abitibi  .Lumber  .2029          .             0.3292        +INF             .          
Abitibi  .Lumber  .2030          .             0.3632        +INF             .          
Abitibi  .Pulpwood.2020          .             0.0640        +INF             .          
Abitibi  .Pulpwood.2021          .             0.0662        +INF             .          
Abitibi  .Pulpwood.2022          .             0.0557        +INF             .          
Abitibi  .Pulpwood.2023          .             0.0571        +INF             .          
Abitibi  .Pulpwood.2024          .             0.0556        +INF             .          
Abitibi  .Pulpwood.2025          .             0.0563        +INF             .          
Abitibi  .Pulpwood.2026          .             0.0621        +INF             .          
Abitibi  .Pulpwood.2027          .             0.0634        +INF             .          
Abitibi  .Pulpwood.2028          .             0.0540        +INF             .          
Abitibi  .Pulpwood.2029          .             0.0550        +INF             .          
Abitibi  .Pulpwood.2030          .             0.0591        +INF             .          
Algoma   .CLT     .2020          .             0.0236        +INF             .          
Algoma   .CLT     .2021          .             0.0267        +INF             .          
Algoma   .CLT     .2022          .             0.0271        +INF             .          
Algoma   .CLT     .2023          .             0.0234        +INF             .          
Algoma   .CLT     .2024          .             0.0248        +INF             .          
Algoma   .CLT     .2025          .             0.0267        +INF             .          
Algoma   .CLT     .2026          .             0.0276        +INF             .          
Algoma   .CLT     .2027          .             0.0262        +INF             .          
Algoma   .CLT     .2028          .             0.0284        +INF             .          
Algoma   .CLT     .2029          .             0.0226        +INF             .          
Algoma   .CLT     .2030          .             0.0236        +INF             .          
Algoma   .Glulam  .2020          .             0.0260        +INF             .          
Algoma   .Glulam  .2021          .             0.0292        +INF             .          
Algoma   .Glulam  .2022          .             0.0263        +INF             .          
Algoma   .Glulam  .2023          .             0.0305        +INF             .          
Algoma   .Glulam  .2024          .             0.0262        +INF             .          
Algoma   .Glulam  .2025          .             0.0288        +INF             .          
Algoma   .Glulam  .2026          .             0.0310        +INF             .          
Algoma   .Glulam  .2027          .             0.0288        +INF             .          
Algoma   .Glulam  .2028          .             0.0291        +INF             .          
Algoma   .Glulam  .2029          .             0.0255        +INF             .          
Algoma   .Glulam  .2030          .             0.0292        +INF             .          
Algoma   .Lumber  .2020          .             0.3123        +INF             .          
Algoma   .Lumber  .2021          .             0.3520        +INF             .          
Algoma   .Lumber  .2022          .             0.2955        +INF             .          
Algoma   .Lumber  .2023          .             0.2939        +INF             .          
Algoma   .Lumber  .2024          .             0.2831        +INF             .          
Algoma   .Lumber  .2025          .             0.2959        +INF             .          
Algoma   .Lumber  .2026          .             0.2891        +INF             .          
Algoma   .Lumber  .2027          .             0.2843        +INF             .          
Algoma   .Lumber  .2028          .             0.3431        +INF             .          
Algoma   .Lumber  .2029          .             0.3221        +INF             .          
Algoma   .Lumber  .2030          .             0.2838        +INF             .          
Algoma   .Pulpwood.2020          .             0.0464        +INF             .          
Algoma   .Pulpwood.2021          .             0.0554        +INF             .          
Algoma   .Pulpwood.2022          .             0.0480        +INF             .          
Algoma   .Pulpwood.2023          .             0.0511        +INF             .          
Algoma   .Pulpwood.2024          .             0.0471        +INF             .          
Algoma   .Pulpwood.2025          .             0.0517        +INF             .          
Algoma   .Pulpwood.2026          .             0.0459        +INF             .          
Algoma   .Pulpwood.2027          .             0.0495        +INF             .          
Algoma   .Pulpwood.2028          .             0.0487        +INF             .          
Algoma   .Pulpwood.2029          .             0.0537        +INF             .          
Algoma   .Pulpwood.2030          .             0.0505        +INF             .          
Kenora   .CLT     .2020          .             0.0248        +INF             .          
Kenora   .CLT     .2021          .             0.0259        +INF             .          
Kenora   .CLT     .2022          .             0.0281        +INF             .          
Kenora   .CLT     .2023          .             0.0246        +INF             .          
Kenora   .CLT     .2024          .             0.0225        +INF             .          
Kenora   .CLT     .2025          .             0.0282        +INF             .          
Kenora   .CLT     .2026          .             0.0259        +INF             .          
Kenora   .CLT     .2027          .             0.0245        +INF             .          
Kenora   .CLT     .2028          .             0.0285        +INF             .          
Kenora   .CLT     .2029          .             0.0271        +INF             .          
Kenora   .CLT     .2030          .             0.0231        +INF             .          
Kenora   .Glulam  .2020          .             0.0323        +INF             .          
Kenora   .Glulam  .2021          .             0.0295        +INF             .          
Kenora   .Glulam  .2022          .             0.0266        +INF             .          
Kenora   .Glulam  .2023          .             0.0299        +INF             .          
Kenora   .Glulam  .2024          .             0.0278        +INF             .          
Kenora   .Glulam  .2025          .             0.0318        +INF             .          
Kenora   .Glulam  .2026          .             0.0317        +INF             .          
Kenora   .Glulam  .2027          .             0.0255        +INF             .          
Kenora   .Glulam  .2028          .             0.0280        +INF             .          
Kenora   .Glulam  .2029          .             0.0300        +INF             .          
Kenora   .Glulam  .2030          .             0.0295        +INF             .          
Kenora   .Lumber  .2020          .             0.1709        +INF             .          
Kenora   .Lumber  .2021          .             0.2017        +INF             .          
Kenora   .Lumber  .2022          .             0.2052        +INF             .          
Kenora   .Lumber  .2023          .             0.1882        +INF             .          
Kenora   .Lumber  .2024          .             0.1781        +INF             .          
Kenora   .Lumber  .2025          .             0.1904        +INF             .          
Kenora   .Lumber  .2026          .             0.1716        +INF             .          
Kenora   .Lumber  .2027          .             0.1966        +INF             .          
Kenora   .Lumber  .2028          .             0.1904        +INF             .          
Kenora   .Lumber  .2029          .             0.1989        +INF             .          
Kenora   .Lumber  .2030          .             0.1955        +INF             .          
Kenora   .Pulpwood.2020          .             0.0206        +INF             .          
Kenora   .Pulpwood.2021          .             0.0182        +INF             .          
Kenora   .Pulpwood.2022          .             0.0223        +INF             .          
Kenora   .Pulpwood.2023          .             0.0210        +INF             .          
Kenora   .Pulpwood.2024          .             0.0223        +INF             .          
Kenora   .Pulpwood.2025          .             0.0217        +INF             .          
Kenora   .Pulpwood.2026          .             0.0206        +INF             .          
Kenora   .Pulpwood.2027          .             0.0210        +INF             .          
Kenora   .Pulpwood.2028          .             0.0210        +INF             .          
Kenora   .Pulpwood.2029          .             0.0214        +INF             .          
Kenora   .Pulpwood.2030          .             0.0205        +INF             .          
Nipissing.CLT     .2020          .             0.0228        +INF             .          
Nipissing.CLT     .2021          .             0.0254        +INF             .          
Nipissing.CLT     .2022          .             0.0228        +INF             .          
Nipissing.CLT     .2023          .             0.0267        +INF             .          
Nipissing.CLT     .2024          .             0.0236        +INF             .          
Nipissing.CLT     .2025          .             0.0238        +INF             .          
Nipissing.CLT     .2026          .             0.0274        +INF             .          
Nipissing.CLT     .2027          .             0.0285        +INF             .          
Nipissing.CLT     .2028          .             0.0270        +INF             .          
Nipissing.CLT     .2029          .             0.0268        +INF             .          
Nipissing.CLT     .2030          .             0.0224        +INF             .          
Nipissing.Glulam  .2020          .             0.0273        +INF             .          
Nipissing.Glulam  .2021          .             0.0311        +INF             .          
Nipissing.Glulam  .2022          .             0.0311        +INF             .          
Nipissing.Glulam  .2023          .             0.0314        +INF             .          
Nipissing.Glulam  .2024          .             0.0269        +INF             .          
Nipissing.Glulam  .2025          .             0.0286        +INF             .          
Nipissing.Glulam  .2026          .             0.0257        +INF             .          
Nipissing.Glulam  .2027          .             0.0277        +INF             .          
Nipissing.Glulam  .2028          .             0.0285        +INF             .          
Nipissing.Glulam  .2029          .             0.0276        +INF             .          
Nipissing.Glulam  .2030          .             0.0264        +INF             .          
Nipissing.Lumber  .2020          .             0.4773        +INF             .          
Nipissing.Lumber  .2021          .             0.4404        +INF             .          
Nipissing.Lumber  .2022          .             0.4111        +INF             .          
Nipissing.Lumber  .2023          .             0.4461        +INF             .          
Nipissing.Lumber  .2024          .             0.4241        +INF             .          
Nipissing.Lumber  .2025          .             0.4870        +INF             .          
Nipissing.Lumber  .2026          .             0.4034        +INF             .          
Nipissing.Lumber  .2027          .             0.4403        +INF             .          
Nipissing.Lumber  .2028          .             0.4325        +INF             .          
Nipissing.Lumber  .2029          .             0.4449        +INF             .          
Nipissing.Lumber  .2030          .             0.4597        +INF             .          
Nipissing.Pulpwood.2020          .             0.0724        +INF             .          
Nipissing.Pulpwood.2021          .             0.0673        +INF             .          
Nipissing.Pulpwood.2022          .             0.0633        +INF             .          
Nipissing.Pulpwood.2023          .             0.0768        +INF             .          
Nipissing.Pulpwood.2024          .             0.0653        +INF             .          
Nipissing.Pulpwood.2025          .             0.0770        +INF             .          
Nipissing.Pulpwood.2026          .             0.0692        +INF             .          
Nipissing.Pulpwood.2027          .             0.0631        +INF             .          
Nipissing.Pulpwood.2028          .             0.0679        +INF             .          
Nipissing.Pulpwood.2029          .             0.0686        +INF             .          
Nipissing.Pulpwood.2030          .             0.0684        +INF             .          
Algonquin.CLT     .2020          .             0.0231        +INF             .          
Algonquin.CLT     .2021          .             0.0270        +INF             .          
Algonquin.CLT     .2022          .             0.0274        +INF             .          
Algonquin.CLT     .2023          .             0.0226        +INF             .          
Algonquin.CLT     .2024          .             0.0254        +INF             .          
Algonquin.CLT     .2025          .             0.0241        +INF             .          
Algonquin.CLT     .2026          .             0.0280        +INF             .          
Algonquin.CLT     .2027          .             0.0225        +INF             .          
Algonquin.CLT     .2028          .             0.0266        +INF             .          
Algonquin.CLT     .2029          .             0.0283        +INF             .          
Algonquin.CLT     .2030          .             0.0279        +INF             .          
Algonquin.Glulam  .2020          .             0.0317        +INF             .          
Algonquin.Glulam  .2021          .             0.0315        +INF             .          
Algonquin.Glulam  .2022          .             0.0281        +INF             .          
Algonquin.Glulam  .2023          .             0.0289        +INF             .          
Algonquin.Glulam  .2024          .             0.0312        +INF             .          
Algonquin.Glulam  .2025          .             0.0296        +INF             .          
Algonquin.Glulam  .2026          .             0.0260        +INF             .          
Algonquin.Glulam  .2027          .             0.0294        +INF             .          
Algonquin.Glulam  .2028          .             0.0295        +INF             .          
Algonquin.Glulam  .2029          .             0.0302        +INF             .          
Algonquin.Glulam  .2030          .             0.0265        +INF             .          
Algonquin.Lumber  .2020          .             0.2748        +INF             .          
Algonquin.Lumber  .2021          .             0.2758        +INF             .          
Algonquin.Lumber  .2022          .             0.2873        +INF             .          
Algonquin.Lumber  .2023          .             0.2754        +INF             .          
Algonquin.Lumber  .2024          .             0.2656        +INF             .          
Algonquin.Lumber  .2025          .             0.2964        +INF             .          
Algonquin.Lumber  .2026          .             0.2858        +INF             .          
Algonquin.Lumber  .2027          .             0.2889        +INF             .          
Algonquin.Lumber  .2028          .             0.3000        +INF             .          
Algonquin.Lumber  .2029          .             0.2989        +INF             .          
Algonquin.Lumber  .2030          .             0.2557        +INF             .          
Algonquin.Pulpwood.2020          .             0.0433        +INF             .          
Algonquin.Pulpwood.2021          .             0.0420        +INF             .          
Algonquin.Pulpwood.2022          .             0.0367        +INF             .          
Algonquin.Pulpwood.2023          .             0.0411        +INF             .          
Algonquin.Pulpwood.2024          .             0.0416        +INF             .          
Algonquin.Pulpwood.2025          .             0.0371        +INF             .          
Algonquin.Pulpwood.2026          .             0.0387        +INF             .          
Algonquin.Pulpwood.2027          .             0.0412        +INF             .          
Algonquin.Pulpwood.2028          .             0.0422        +INF             .          
Algonquin.Pulpwood.2029          .             0.0392        +INF             .          
Algonquin.Pulpwood.2030          .             0.0367        +INF             .          

                           LOWER          LEVEL          UPPER         MARGINAL

---- VAR Zprofit           -INF        99011.5535        +INF             .          
---- VAR Zemission         -INF           26.5619        +INF             .          
---- VAR Zstorage          -INF          159.6319        +INF             .          
---- VAR ZnetCarbon        -INF         -133.0700        +INF             .          
---- VAR carbonCost        -INF         4515.5234        +INF             .          
---- VAR obj               -INF        94496.0301        +INF             .          
---- VAR revenue           -INF       165784.8998        +INF             .          
---- VAR harvestCo~        -INF        24157.7654        +INF             .          
---- VAR procCostT~        -INF        42615.5809        +INF             .          
---- VAR transCost~        -INF             .            +INF             .          

  Zprofit  Net economic value before carbon cost (MILLION $)
  Zemission  Total carbon emissions (MtCO2 eq)
  Zstorage  Total stored carbon (MtCO2 eq)
  ZnetCarbon  Net carbon = emissions - storage (MtCO2 eq)
  carbonCost  Carbon cost (MILLION $)
  obj  Objective = Zprofit - carbonCost (MILLION $)
  revenue  Revenue (MILLION $)
  harvestCostTot  Harvest cost (MILLION $)
  procCostTot  Processing cost (MILLION $)
  transCostTot  Transport cost (MILLION $)


**** REPORT SUMMARY :        0     NONOPT
                             0 INFEASIBLE
                             0  UNBOUNDED
                             0     ERRORS
GAMS 48.3.0  71b5641f Nov 12, 2024          WEX-WEI x86 64bit/MS Windows - 03/23/26 05:08:33 Page 7
G e n e r a l   A l g e b r a i c   M o d e l i n g   S y s t e m
E x e c u t i o n


----    559 VARIABLE obj.L                 =    94496.030  Objective = Zprofit - carbonCost (MILLION $)
            VARIABLE Zprofit.L             =    99011.554  Net economic value before carbon cost (MILLION $)
            VARIABLE Zemission.L           =       26.562  Total carbon emissions (MtCO2 eq)
            VARIABLE carbonCost.L          =     4515.523  Carbon cost (MILLION $)

----    559 PARAMETER tierMetrics  Manufacturing layer metrics

INDEX 1 = TroutLake

                                2020        2021        2022        2023        2024        2025        2026        2027        2028        2029        2030

Primary  .Production           6.784       6.975       6.925       6.690       6.764       7.189       6.589       7.169       6.390       6.845       6.814
Primary  .Revenue           1485.578    1709.211    1767.787    1629.459    1686.613    1889.770    1779.312    2044.070    1780.536    2078.378    1909.730
Primary  .ProcessingCost     508.568     557.896     544.155     479.960     470.609     500.285     452.121     492.863     410.823     455.563     397.284
Secondary.Production           0.328       0.355       0.318       0.322       0.309       0.320       0.325       0.343       0.322       0.345       0.324
Secondary.Revenue            210.395     232.832     215.877     224.800     222.626     236.611     246.206     271.739     260.546     288.186     277.846
Secondary.ProcessingCost      60.997      64.303      56.673      56.171      52.917      53.542      53.048      55.576      50.757      53.391      49.023

INDEX 1 = Abitibi

                                2020        2021        2022        2023        2024        2025        2026        2027        2028        2029        2030

Primary  .Production          11.616      12.101      11.157      11.083      10.539      11.236      11.595      11.281      11.377      10.561      11.492
Primary  .Revenue           2293.021    2486.456    2518.225    2519.889    2407.424    2745.401    2807.892    2682.792    3165.977    2824.694    3221.283
Primary  .ProcessingCost     754.013     774.030     750.925     714.555     653.306     709.490     682.364     624.994     701.853     598.330     644.308
Secondary.Production           0.332       0.318       0.323       0.319       0.334       0.359       0.309       0.343       0.341       0.340       0.328
Secondary.Revenue            211.817     208.255     218.835     222.999     239.062     266.429     235.459     267.631     272.427     282.086     279.390
Secondary.ProcessingCost      61.464      57.525      57.465      55.708      56.892      60.236      50.676      54.875      53.190      52.329      49.347

INDEX 1 = Algoma

                                2020        2021        2022        2023        2024        2025        2026        2027        2028        2029        2030

Primary  .Production           9.440      10.956       9.348       9.634       9.066       9.721       9.034       9.326      10.150      10.322       9.416
Primary  .Revenue           2015.356    2364.439    2036.564    2114.114    2080.283    2254.412    2213.542    2291.430    2772.758    2780.685    2519.347
Primary  .ProcessingCost     669.230     745.476     616.130     606.888     568.917     587.211     554.020     541.656     621.770     585.300     510.675
Secondary.Production           0.310       0.350       0.336       0.335       0.320       0.347       0.366       0.344       0.361       0.301       0.329
Secondary.Revenue            198.123     229.897     228.631     232.074     230.186     257.426     278.884     270.305     292.790     250.200     280.681
Secondary.ProcessingCost      57.482      63.458      59.984      58.077      54.710      58.225      60.035      55.356      57.015      46.394      49.559

INDEX 1 = Kenora

                                2020        2021        2022        2023        2024        2025        2026        2027        2028        2029        2030

Primary  .Production           4.692       4.918       5.383       4.994       4.973       5.100       4.698       5.122       5.025       5.199       5.061
Primary  .Revenue            987.516    1185.063    1274.862    1198.432    1192.944    1274.638    1181.492    1422.141    1396.171    1505.040    1533.381
Primary  .ProcessingCost     356.695     400.434     406.536     366.464     344.442     356.995     317.041     351.570     334.654     341.777     328.491
Secondary.Production           0.356       0.346       0.344       0.340       0.314       0.375       0.359       0.313       0.354       0.358       0.328
Secondary.Revenue            225.237     226.894     234.760     235.804     224.037     277.347     272.470     246.774     288.170     297.771     279.273
Secondary.ProcessingCost      65.440      62.650      61.579      58.975      53.320      62.752      58.697      50.514      56.096      55.206      49.323

INDEX 1 = Nipissing

                                2020        2021        2022        2023        2024        2025        2026        2027        2028        2029        2030

Primary  .Production          14.585      13.502      12.654      14.545      13.050      15.197      13.125      13.085      13.442      13.701      13.912
Primary  .Revenue           3162.500    2980.163    2867.236    3271.048    3151.354    3763.874    3225.851    3518.512    3615.353    3827.208    4077.295
Primary  .ProcessingCost    1026.065     928.593     850.473     919.744     842.545     952.030     782.299     815.248     794.776     799.076     805.231
Secondary.Production           0.312       0.353       0.335       0.363       0.316       0.327       0.334       0.353       0.348       0.341       0.305
Secondary.Revenue            198.481     230.641     224.345     252.285     226.557     241.027     256.575     278.740     281.855     285.293     260.610
Secondary.ProcessingCost      57.625      63.725      59.031      63.079      53.882      54.565      55.150      57.023      54.898      52.860      45.994

INDEX 1 = Algonquin

                                2020        2021        2022        2023        2024        2025        2026        2027        2028        2029        2030

Primary  .Production           8.555       8.445       8.089       8.343       8.241       8.267       8.266       8.563       8.837       8.515       7.606
Primary  .Revenue           1763.905    1801.296    1890.919    1922.036    1904.388    2137.592    2139.879    2258.498    2401.540    2426.811    2153.606
Primary  .ProcessingCost     593.931     581.367     579.887     555.847     528.903     561.690     535.962     534.475     543.001     525.322     445.749
Secondary.Production           0.340       0.366       0.348       0.321       0.353       0.335       0.339       0.323       0.351       0.366       0.342
Secondary.Revenue            215.015     239.688     236.430     222.091     252.086     246.720     260.804     251.874     283.891     305.238     295.895
Secondary.ProcessingCost      62.497      66.196      62.061      55.570      59.992      55.864      56.056      51.656      55.320      56.573      52.128


----    559 VARIABLE price.L  Price variable fixed to exogenous path ($/m3)

                          2020        2021        2022        2023        2024        2025        2026        2027        2028        2029        2030

TroutLake.CLT          700.000     721.000     742.630     764.909     787.856     811.492     835.837     860.912     886.739     913.341     940.741
TroutLake.Glulam       575.000     592.250     610.017     628.318     647.168     666.583     686.580     707.177     728.393     750.245     772.752
TroutLake.Lumber       375.000     386.250     397.837     409.773     422.066     434.728     447.770     461.203     475.039     489.290     503.969
TroutLake.Pulpwood      75.000      77.250      79.567      81.955      84.413      86.946      89.554      92.241      95.008      97.858     100.794
Abitibi  .CLT          700.000     721.000     742.630     764.909     787.856     811.492     835.837     860.912     886.739     913.341     940.741
Abitibi  .Glulam       575.000     592.250     610.017     628.318     647.168     666.583     686.580     707.177     728.393     750.245     772.752
Abitibi  .Lumber       375.000     386.250     397.837     409.773     422.066     434.728     447.770     461.203     475.039     489.290     503.969
Abitibi  .Pulpwood      75.000      77.250      79.567      81.955      84.413      86.946      89.554      92.241      95.008      97.858     100.794
Algoma   .CLT          700.000     721.000     742.630     764.909     787.856     811.492     835.837     860.912     886.739     913.341     940.741
Algoma   .Glulam       575.000     592.250     610.017     628.318     647.168     666.583     686.580     707.177     728.393     750.245     772.752
Algoma   .Lumber       375.000     386.250     397.837     409.773     422.066     434.728     447.770     461.203     475.039     489.290     503.969
Algoma   .Pulpwood      75.000      77.250      79.567      81.955      84.413      86.946      89.554      92.241      95.008      97.858     100.794
Kenora   .CLT          700.000     721.000     742.630     764.909     787.856     811.492     835.837     860.912     886.739     913.341     940.741
Kenora   .Glulam       575.000     592.250     610.017     628.318     647.168     666.583     686.580     707.177     728.393     750.245     772.752
Kenora   .Lumber       375.000     386.250     397.837     409.773     422.066     434.728     447.770     461.203     475.039     489.290     503.969
Kenora   .Pulpwood      75.000      77.250      79.567      81.955      84.413      86.946      89.554      92.241      95.008      97.858     100.794
Nipissing.CLT          700.000     721.000     742.630     764.909     787.856     811.492     835.837     860.912     886.739     913.341     940.741
Nipissing.Glulam       575.000     592.250     610.017     628.318     647.168     666.583     686.580     707.177     728.393     750.245     772.752
Nipissing.Lumber       375.000     386.250     397.837     409.773     422.066     434.728     447.770     461.203     475.039     489.290     503.969
Nipissing.Pulpwood      75.000      77.250      79.567      81.955      84.413      86.946      89.554      92.241      95.008      97.858     100.794
Algonquin.CLT          700.000     721.000     742.630     764.909     787.856     811.492     835.837     860.912     886.739     913.341     940.741
Algonquin.Glulam       575.000     592.250     610.017     628.318     647.168     666.583     686.580     707.177     728.393     750.245     772.752
Algonquin.Lumber       375.000     386.250     397.837     409.773     422.066     434.728     447.770     461.203     475.039     489.290     503.969
Algonquin.Pulpwood      75.000      77.250      79.567      81.955      84.413      86.946      89.554      92.241      95.008      97.858     100.794


----    559 VARIABLE stockRW.L  Roundwood stock (MILLION m3)

                 2020        2021        2022        2023        2024        2025        2026        2027        2028        2029        2030

TroutLake   28992.219   31260.276   33618.841   35552.021   37575.582   39689.133   41893.780   44188.248   46574.029   48533.626   50583.764
Abitibi    107762.894  114901.940  122378.110  130190.547  138339.747  146824.350  155644.780  162883.584  170458.369  178370.241  186617.287
Algoma      54874.822   59749.594   64837.638   70136.946   75648.400   80163.628   84891.119   89829.871   94979.251  100340.038  105913.356
Kenora      49741.164   53677.490   57771.498   61121.639   64629.976   68296.327   72121.277   76103.920   80244.831   83641.266   87196.007
Nipissing   45246.141   48977.774   52888.363   56975.023   61241.289   65683.326   70305.643   74090.069   78052.191   82192.081   86509.785
Algonquin   36716.147   40035.113   43499.989   47110.185   50866.062   53936.867   57153.251   60514.891   64021.799   67674.599   71473.951


----    559 VARIABLE harvestRW.L  Roundwood harvest (MILLION m3)

                 2020        2021        2022        2023        2024        2025        2026        2027        2028        2029        2030

TroutLake       7.261       7.507       7.455       7.168       7.242       7.708       7.067       7.700       6.842       7.356       7.270
Abitibi        12.326      12.845      11.892      11.797      11.205      11.974      12.320      11.960      12.151      11.236      12.234
Algoma         10.068      11.671       9.951      10.241       9.646      10.332       9.621       9.913      10.836      10.982      10.004
Kenora          5.026       5.299       5.779       5.359       5.323       5.470       5.033       5.501       5.393       5.583       5.437
Nipissing      15.549      14.392      13.486      15.464      13.908      16.186      13.956      13.966      14.320      14.601      14.837
Algonquin       9.113       9.002       8.655       8.898       8.780       8.849       8.834       9.141       9.436       9.106       8.118


----    559 VARIABLE production.L  Output production (MILLION m3)

                          2020        2021        2022        2023        2024        2025        2026        2027        2028        2029        2030

TroutLake.CLT            0.173       0.175       0.165       0.164       0.160       0.160       0.155       0.188       0.165       0.182       0.162
TroutLake.Glulam         0.155       0.180       0.152       0.158       0.150       0.161       0.170       0.156       0.157       0.163       0.163
TroutLake.Lumber         3.729       4.298       4.281       3.761       3.749       4.097       3.786       4.244       3.551       4.095       3.500
TroutLake.Pulpwood       3.055       2.677       2.644       2.929       3.014       3.093       2.803       2.925       2.839       2.750       3.314
Abitibi  .CLT            0.167       0.155       0.165       0.165       0.161       0.188       0.157       0.162       0.153       0.166       0.154
Abitibi  .Glulam         0.165       0.163       0.157       0.154       0.174       0.170       0.151       0.182       0.188       0.174       0.174
Abitibi  .Lumber         5.217       5.478       5.587       5.375       4.975       5.602       5.384       4.943       5.974       5.064       5.587
Abitibi  .Pulpwood       6.399       6.623       5.570       5.708       5.564       5.635       6.211       6.338       5.403       5.497       5.905
Algoma   .CLT            0.157       0.178       0.181       0.156       0.165       0.178       0.184       0.175       0.189       0.151       0.157
Algoma   .Glulam         0.153       0.172       0.155       0.180       0.154       0.170       0.182       0.170       0.171       0.150       0.172
Algoma   .Lumber         4.804       5.416       4.546       4.521       4.355       4.552       4.447       4.374       5.278       4.956       4.367
Algoma   .Pulpwood       4.635       5.541       4.803       5.113       4.711       5.169       4.586       4.952       4.872       5.367       5.049
Kenora   .CLT            0.166       0.172       0.188       0.164       0.150       0.188       0.173       0.163       0.190       0.181       0.154
Kenora   .Glulam         0.190       0.173       0.156       0.176       0.164       0.187       0.186       0.150       0.165       0.177       0.174
Kenora   .Lumber         2.629       3.103       3.156       2.895       2.740       2.929       2.639       3.025       2.929       3.059       3.008
Kenora   .Pulpwood       2.063       1.815       2.226       2.099       2.233       2.170       2.058       2.097       2.096       2.140       2.053
Nipissing.CLT            0.152       0.169       0.152       0.178       0.158       0.159       0.183       0.190       0.180       0.179       0.150
Nipissing.Glulam         0.160       0.183       0.183       0.185       0.158       0.168       0.151       0.163       0.168       0.162       0.155
Nipissing.Lumber         7.344       6.775       6.325       6.863       6.525       7.493       6.206       6.774       6.653       6.844       7.073
Nipissing.Pulpwood       7.241       6.727       6.329       7.682       6.525       7.704       6.919       6.311       6.789       6.857       6.839
Algonquin.CLT            0.154       0.180       0.182       0.151       0.169       0.161       0.186       0.150       0.177       0.188       0.186
Algonquin.Glulam         0.186       0.185       0.166       0.170       0.184       0.174       0.153       0.173       0.174       0.177       0.156
Algonquin.Lumber         4.228       4.243       4.420       4.237       4.086       4.561       4.397       4.444       4.615       4.598       3.934
Algonquin.Pulpwood       4.326       4.202       3.669       4.106       4.155       3.707       3.869       4.119       4.222       3.917       3.671


----    559 VARIABLE exports.L  Interregional shipments (MILLION m3)

                      ( ALL       0.000 )


----    559 VARIABLE sales.L  Final sales / served demand (MILLION m3)

                          2020        2021        2022        2023        2024        2025        2026        2027        2028        2029        2030

TroutLake.CLT            0.173       0.175       0.165       0.164       0.160       0.160       0.155       0.188       0.165       0.182       0.162
TroutLake.Glulam         0.155       0.180       0.152       0.158       0.150       0.161       0.170       0.156       0.157       0.163       0.163
TroutLake.Lumber         3.351       3.890       3.915       3.391       3.393       3.728       3.413       3.847       3.180       3.698       3.127
TroutLake.Pulpwood       3.055       2.677       2.644       2.929       3.014       3.093       2.803       2.925       2.839       2.750       3.314
Abitibi  .CLT            0.167       0.155       0.165       0.165       0.161       0.188       0.157       0.162       0.153       0.166       0.154
Abitibi  .Glulam         0.165       0.163       0.157       0.154       0.174       0.170       0.151       0.182       0.188       0.174       0.174
Abitibi  .Lumber         4.835       5.113       5.216       5.008       4.591       5.188       5.029       4.549       5.584       4.674       5.211
Abitibi  .Pulpwood       6.399       6.623       5.570       5.708       5.564       5.635       6.211       6.338       5.403       5.497       5.905
Algoma   .CLT            0.157       0.178       0.181       0.156       0.165       0.178       0.184       0.175       0.189       0.151       0.157
Algoma   .Glulam         0.153       0.172       0.155       0.180       0.154       0.170       0.182       0.170       0.171       0.150       0.172
Algoma   .Lumber         4.447       5.013       4.159       4.137       3.987       4.152       4.026       3.978       4.863       4.610       3.989
Algoma   .Pulpwood       4.635       5.541       4.803       5.113       4.711       5.169       4.586       4.952       4.872       5.367       5.049
Kenora   .CLT            0.166       0.172       0.188       0.164       0.150       0.188       0.173       0.163       0.190       0.181       0.154
Kenora   .Glulam         0.190       0.173       0.156       0.176       0.164       0.187       0.186       0.150       0.165       0.177       0.174
Kenora   .Lumber         2.221       2.705       2.759       2.505       2.380       2.498       2.227       2.664       2.520       2.648       2.632
Kenora   .Pulpwood       2.063       1.815       2.226       2.099       2.233       2.170       2.058       2.097       2.096       2.140       2.053
Nipissing.CLT            0.152       0.169       0.152       0.178       0.158       0.159       0.183       0.190       0.180       0.179       0.150
Nipissing.Glulam         0.160       0.183       0.183       0.185       0.158       0.168       0.151       0.163       0.168       0.162       0.155
Nipissing.Lumber         6.985       6.370       5.941       6.446       6.161       7.117       5.820       6.367       6.253       6.451       6.723
Nipissing.Pulpwood       7.241       6.727       6.329       7.682       6.525       7.704       6.919       6.311       6.789       6.857       6.839
Algonquin.CLT            0.154       0.180       0.182       0.151       0.169       0.161       0.186       0.150       0.177       0.188       0.186
Algonquin.Glulam         0.186       0.185       0.166       0.170       0.184       0.174       0.153       0.173       0.174       0.177       0.156
Algonquin.Lumber         3.839       3.823       4.019       3.869       3.681       4.176       4.005       4.073       4.211       4.176       3.539
Algonquin.Pulpwood       4.326       4.202       3.669       4.106       4.155       3.707       3.869       4.119       4.222       3.917       3.671


----    559 VARIABLE revenue.L             =   165784.900  Revenue (MILLION $)
            VARIABLE harvestCostTot.L      =    24157.765  Harvest cost (MILLION $)
            VARIABLE procCostTot.L         =    42615.581  Processing cost (MILLION $)
            VARIABLE transCostTot.L        =        0.000  Transport cost (MILLION $)

----    559 PARAMETER revR  Total revenue by region (MILLION $)

TroutLake 22448.108,    Abitibi   32377.445,    Algoma    28192.127,    Kenora    16960.216,    Nipissing 40196.803,    Algonquin 25610.201


----    559 PARAMETER rev2025  Revenue by region in 2025 (MILLION $)

TroutLake 2126.382,    Abitibi   3011.830,    Algoma    2511.838,    Kenora    1551.985,    Nipissing 4004.901,    Algonquin 2384.311


----    559 PARAMETER tierMetrics  Manufacturing layer metrics

INDEX 1 = TroutLake

                                2020        2021        2022        2023        2024        2025        2026        2027        2028        2029        2030

Primary  .Production           6.784       6.975       6.925       6.690       6.764       7.189       6.589       7.169       6.390       6.845       6.814
Primary  .Revenue           1485.578    1709.211    1767.787    1629.459    1686.613    1889.770    1779.312    2044.070    1780.536    2078.378    1909.730
Primary  .ProcessingCost     508.568     557.896     544.155     479.960     470.609     500.285     452.121     492.863     410.823     455.563     397.284
Secondary.Production           0.328       0.355       0.318       0.322       0.309       0.320       0.325       0.343       0.322       0.345       0.324
Secondary.Revenue            210.395     232.832     215.877     224.800     222.626     236.611     246.206     271.739     260.546     288.186     277.846
Secondary.ProcessingCost      60.997      64.303      56.673      56.171      52.917      53.542      53.048      55.576      50.757      53.391      49.023

INDEX 1 = Abitibi

                                2020        2021        2022        2023        2024        2025        2026        2027        2028        2029        2030

Primary  .Production          11.616      12.101      11.157      11.083      10.539      11.236      11.595      11.281      11.377      10.561      11.492
Primary  .Revenue           2293.021    2486.456    2518.225    2519.889    2407.424    2745.401    2807.892    2682.792    3165.977    2824.694    3221.283
Primary  .ProcessingCost     754.013     774.030     750.925     714.555     653.306     709.490     682.364     624.994     701.853     598.330     644.308
Secondary.Production           0.332       0.318       0.323       0.319       0.334       0.359       0.309       0.343       0.341       0.340       0.328
Secondary.Revenue            211.817     208.255     218.835     222.999     239.062     266.429     235.459     267.631     272.427     282.086     279.390
Secondary.ProcessingCost      61.464      57.525      57.465      55.708      56.892      60.236      50.676      54.875      53.190      52.329      49.347

INDEX 1 = Algoma

                                2020        2021        2022        2023        2024        2025        2026        2027        2028        2029        2030

Primary  .Production           9.440      10.956       9.348       9.634       9.066       9.721       9.034       9.326      10.150      10.322       9.416
Primary  .Revenue           2015.356    2364.439    2036.564    2114.114    2080.283    2254.412    2213.542    2291.430    2772.758    2780.685    2519.347
Primary  .ProcessingCost     669.230     745.476     616.130     606.888     568.917     587.211     554.020     541.656     621.770     585.300     510.675
Secondary.Production           0.310       0.350       0.336       0.335       0.320       0.347       0.366       0.344       0.361       0.301       0.329
Secondary.Revenue            198.123     229.897     228.631     232.074     230.186     257.426     278.884     270.305     292.790     250.200     280.681
Secondary.ProcessingCost      57.482      63.458      59.984      58.077      54.710      58.225      60.035      55.356      57.015      46.394      49.559

INDEX 1 = Kenora

                                2020        2021        2022        2023        2024        2025        2026        2027        2028        2029        2030

Primary  .Production           4.692       4.918       5.383       4.994       4.973       5.100       4.698       5.122       5.025       5.199       5.061
Primary  .Revenue            987.516    1185.063    1274.862    1198.432    1192.944    1274.638    1181.492    1422.141    1396.171    1505.040    1533.381
Primary  .ProcessingCost     356.695     400.434     406.536     366.464     344.442     356.995     317.041     351.570     334.654     341.777     328.491
Secondary.Production           0.356       0.346       0.344       0.340       0.314       0.375       0.359       0.313       0.354       0.358       0.328
Secondary.Revenue            225.237     226.894     234.760     235.804     224.037     277.347     272.470     246.774     288.170     297.771     279.273
Secondary.ProcessingCost      65.440      62.650      61.579      58.975      53.320      62.752      58.697      50.514      56.096      55.206      49.323

INDEX 1 = Nipissing

                                2020        2021        2022        2023        2024        2025        2026        2027        2028        2029        2030

Primary  .Production          14.585      13.502      12.654      14.545      13.050      15.197      13.125      13.085      13.442      13.701      13.912
Primary  .Revenue           3162.500    2980.163    2867.236    3271.048    3151.354    3763.874    3225.851    3518.512    3615.353    3827.208    4077.295
Primary  .ProcessingCost    1026.065     928.593     850.473     919.744     842.545     952.030     782.299     815.248     794.776     799.076     805.231
Secondary.Production           0.312       0.353       0.335       0.363       0.316       0.327       0.334       0.353       0.348       0.341       0.305
Secondary.Revenue            198.481     230.641     224.345     252.285     226.557     241.027     256.575     278.740     281.855     285.293     260.610
Secondary.ProcessingCost      57.625      63.725      59.031      63.079      53.882      54.565      55.150      57.023      54.898      52.860      45.994

INDEX 1 = Algonquin

                                2020        2021        2022        2023        2024        2025        2026        2027        2028        2029        2030

Primary  .Production           8.555       8.445       8.089       8.343       8.241       8.267       8.266       8.563       8.837       8.515       7.606
Primary  .Revenue           1763.905    1801.296    1890.919    1922.036    1904.388    2137.592    2139.879    2258.498    2401.540    2426.811    2153.606
Primary  .ProcessingCost     593.931     581.367     579.887     555.847     528.903     561.690     535.962     534.475     543.001     525.322     445.749
Secondary.Production           0.340       0.366       0.348       0.321       0.353       0.335       0.339       0.323       0.351       0.366       0.342
Secondary.Revenue            215.015     239.688     236.430     222.091     252.086     246.720     260.804     251.874     283.891     305.238     295.895
Secondary.ProcessingCost      62.497      66.196      62.061      55.570      59.992      55.864      56.056      51.656      55.320      56.573      52.128

GAMS 48.3.0  71b5641f Nov 12, 2024          WEX-WEI x86 64bit/MS Windows - 03/23/26 05:08:33 Page 8
G e n e r a l   A l g e b r a i c   M o d e l i n g   S y s t e m
Range Statistics    SOLVE ForestCP Using NLP From line 577


RANGE STATISTICS (ABSOLUTE NON-ZERO FINITE VALUES)

RHS       [min, max] : [ 1.496E-01, 1.078E+05] - Zero values observed as well
Bound     [min, max] : [ 7.500E+01, 5.389E+04] - Zero values observed as well
Matrix    [min, max] : [ 1.000E-02, 9.407E+02]

GAMS 48.3.0  71b5641f Nov 12, 2024          WEX-WEI x86 64bit/MS Windows - 03/23/26 05:08:33 Page 9
G e n e r a l   A l g e b r a i c   M o d e l i n g   S y s t e m
Model Statistics    SOLVE ForestCP Using NLP From line 577


LOOPS                              demScen   Baseline


MODEL STATISTICS

BLOCKS OF EQUATIONS          22     SINGLE EQUATIONS        2,848
BLOCKS OF VARIABLES          18     SINGLE VARIABLES        2,782
NON ZERO ELEMENTS        10,765     NON LINEAR N-Z            528
CODE LENGTH                 794     CONSTANT POOL              16


GENERATION TIME      =        0.000 SECONDS      6 MB  48.3.0 71b5641f WEX-WEI
               L O O P S            demScen Baseline

GAMS 48.3.0  71b5641f Nov 12, 2024          WEX-WEI x86 64bit/MS Windows - 03/23/26 05:08:33 Page 10
G e n e r a l   A l g e b r a i c   M o d e l i n g   S y s t e m
Solution Report     SOLVE ForestCP Using NLP From line 577


               S O L V E      S U M M A R Y

     MODEL   ForestCP            OBJECTIVE  obj
     TYPE    NLP                 DIRECTION  MAXIMIZE
     SOLVER  CONOPT              FROM LINE  577

**** SOLVER STATUS     1 Normal Completion
**** MODEL STATUS      2 Locally Optimal
**** OBJECTIVE VALUE            94496.0301

 RESOURCE USAGE, LIMIT          0.015 10000000000.000
 ITERATION COUNT, LIMIT         3    2147483647
 EVALUATION ERRORS              0             0
 
 
    C O N O P T   version 4.35
    Copyright (C) GAMS Software GmbH
                  GAMS Development Corporation
 
 
    The user model has 2848 constraints and 2782 variables
    with 10765 Jacobian elements, 528 of which are nonlinear.
    The Hessian of the Lagrangian has 0 elements on the diagonal,
    264 elements below the diagonal, and 528 nonlinear variables.
 
    The pre-triangular part of the model has 1854 constraints and 264 variables.
    The post-triangular part of the model has 538 constraints and variables.
 
    Preprocessed model has 456 constraints and 1980 variables
    with 3810 Jacobian elements, 0 of which are nonlinear.
 
 ** Optimal solution. There are no superbasic variables.
 
 
 CONOPT time Total                            0.019 seconds
   of which: Function evaluations             0.000 =  0.0%
             1st Derivative evaluations       0.001 =  5.3%
 


**** REPORT SUMMARY :        0     NONOPT
                             0 INFEASIBLE
                             0  UNBOUNDED
                             0     ERRORS
GAMS 48.3.0  71b5641f Nov 12, 2024          WEX-WEI x86 64bit/MS Windows - 03/23/26 05:08:33 Page 11
G e n e r a l   A l g e b r a i c   M o d e l i n g   S y s t e m
Range Statistics    SOLVE ForestCP Using NLP From line 577


RANGE STATISTICS (ABSOLUTE NON-ZERO FINITE VALUES)

RHS       [min, max] : [ 2.244E-01, 1.078E+05] - Zero values observed as well
Bound     [min, max] : [ 7.500E+01, 5.389E+04] - Zero values observed as well
Matrix    [min, max] : [ 1.000E-02, 9.407E+02]

GAMS 48.3.0  71b5641f Nov 12, 2024          WEX-WEI x86 64bit/MS Windows - 03/23/26 05:08:33 Page 12
G e n e r a l   A l g e b r a i c   M o d e l i n g   S y s t e m
Model Statistics    SOLVE ForestCP Using NLP From line 577


LOOPS                              demScen   D50


MODEL STATISTICS

BLOCKS OF EQUATIONS          22     SINGLE EQUATIONS        2,848
BLOCKS OF VARIABLES          18     SINGLE VARIABLES        2,782
NON ZERO ELEMENTS        10,765     NON LINEAR N-Z            528
CODE LENGTH                 794     CONSTANT POOL              16


GENERATION TIME      =        0.015 SECONDS      6 MB  48.3.0 71b5641f WEX-WEI
               L O O P S            demScen D50

GAMS 48.3.0  71b5641f Nov 12, 2024          WEX-WEI x86 64bit/MS Windows - 03/23/26 05:08:33 Page 13
G e n e r a l   A l g e b r a i c   M o d e l i n g   S y s t e m
Solution Report     SOLVE ForestCP Using NLP From line 577


               S O L V E      S U M M A R Y

     MODEL   ForestCP            OBJECTIVE  obj
     TYPE    NLP                 DIRECTION  MAXIMIZE
     SOLVER  CONOPT              FROM LINE  577

**** SOLVER STATUS     1 Normal Completion
**** MODEL STATUS      2 Locally Optimal
**** OBJECTIVE VALUE            98518.4691

 RESOURCE USAGE, LIMIT          0.031 10000000000.000
 ITERATION COUNT, LIMIT         7    2147483647
 EVALUATION ERRORS              0             0
 
 
    C O N O P T   version 4.35
    Copyright (C) GAMS Software GmbH
                  GAMS Development Corporation
 
 
    The user model has 2848 constraints and 2782 variables
    with 10765 Jacobian elements, 528 of which are nonlinear.
    The Hessian of the Lagrangian has 0 elements on the diagonal,
    264 elements below the diagonal, and 528 nonlinear variables.
 
    The pre-triangular part of the model has 1854 constraints and 264 variables.
    The post-triangular part of the model has 538 constraints and variables.
 
    Preprocessed model has 456 constraints and 1980 variables
    with 3810 Jacobian elements, 0 of which are nonlinear.
 
 ** Optimal solution. There are no superbasic variables.
 
 
 CONOPT time Total                            0.024 seconds
   of which: Function evaluations             0.001 =  4.2%
             1st Derivative evaluations       0.000 =  0.0%
 


**** REPORT SUMMARY :        0     NONOPT
                             0 INFEASIBLE
                             0  UNBOUNDED
                             0     ERRORS
GAMS 48.3.0  71b5641f Nov 12, 2024          WEX-WEI x86 64bit/MS Windows - 03/23/26 05:08:33 Page 14
G e n e r a l   A l g e b r a i c   M o d e l i n g   S y s t e m
Range Statistics    SOLVE ForestCP Using NLP From line 577


RANGE STATISTICS (ABSOLUTE NON-ZERO FINITE VALUES)

RHS       [min, max] : [ 2.992E-01, 1.078E+05] - Zero values observed as well
Bound     [min, max] : [ 7.500E+01, 5.389E+04] - Zero values observed as well
Matrix    [min, max] : [ 1.000E-02, 9.407E+02]

GAMS 48.3.0  71b5641f Nov 12, 2024          WEX-WEI x86 64bit/MS Windows - 03/23/26 05:08:33 Page 15
G e n e r a l   A l g e b r a i c   M o d e l i n g   S y s t e m
Model Statistics    SOLVE ForestCP Using NLP From line 577


LOOPS                              demScen   D100


MODEL STATISTICS

BLOCKS OF EQUATIONS          22     SINGLE EQUATIONS        2,848
BLOCKS OF VARIABLES          18     SINGLE VARIABLES        2,782
NON ZERO ELEMENTS        10,765     NON LINEAR N-Z            528
CODE LENGTH                 794     CONSTANT POOL              16


GENERATION TIME      =        0.000 SECONDS      6 MB  48.3.0 71b5641f WEX-WEI
               L O O P S            demScen D100

GAMS 48.3.0  71b5641f Nov 12, 2024          WEX-WEI x86 64bit/MS Windows - 03/23/26 05:08:33 Page 16
G e n e r a l   A l g e b r a i c   M o d e l i n g   S y s t e m
Solution Report     SOLVE ForestCP Using NLP From line 577


               S O L V E      S U M M A R Y

     MODEL   ForestCP            OBJECTIVE  obj
     TYPE    NLP                 DIRECTION  MAXIMIZE
     SOLVER  CONOPT              FROM LINE  577

**** SOLVER STATUS     1 Normal Completion
**** MODEL STATUS      2 Locally Optimal
**** OBJECTIVE VALUE           102540.9082

 RESOURCE USAGE, LIMIT          0.031 10000000000.000
 ITERATION COUNT, LIMIT         7    2147483647
 EVALUATION ERRORS              0             0
 
 
    C O N O P T   version 4.35
    Copyright (C) GAMS Software GmbH
                  GAMS Development Corporation
 
 
    The user model has 2848 constraints and 2782 variables
    with 10765 Jacobian elements, 528 of which are nonlinear.
    The Hessian of the Lagrangian has 0 elements on the diagonal,
    264 elements below the diagonal, and 528 nonlinear variables.
 
    The pre-triangular part of the model has 1854 constraints and 264 variables.
    The post-triangular part of the model has 538 constraints and variables.
 
    Preprocessed model has 456 constraints and 1980 variables
    with 3810 Jacobian elements, 0 of which are nonlinear.
 
 ** Optimal solution. There are no superbasic variables.
 
 
 CONOPT time Total                            0.020 seconds
   of which: Function evaluations             0.000 =  0.0%
             1st Derivative evaluations       0.001 =  5.0%
 


**** REPORT SUMMARY :        0     NONOPT
                             0 INFEASIBLE
                             0  UNBOUNDED
                             0     ERRORS
GAMS 48.3.0  71b5641f Nov 12, 2024          WEX-WEI x86 64bit/MS Windows - 03/23/26 05:08:33 Page 17
G e n e r a l   A l g e b r a i c   M o d e l i n g   S y s t e m
Range Statistics    SOLVE ForestCP Using NLP From line 577


RANGE STATISTICS (ABSOLUTE NON-ZERO FINITE VALUES)

RHS       [min, max] : [ 4.489E-01, 1.078E+05] - Zero values observed as well
Bound     [min, max] : [ 7.500E+01, 5.389E+04] - Zero values observed as well
Matrix    [min, max] : [ 1.000E-02, 9.407E+02]

GAMS 48.3.0  71b5641f Nov 12, 2024          WEX-WEI x86 64bit/MS Windows - 03/23/26 05:08:33 Page 18
G e n e r a l   A l g e b r a i c   M o d e l i n g   S y s t e m
Model Statistics    SOLVE ForestCP Using NLP From line 577


LOOPS                              demScen   D200


MODEL STATISTICS

BLOCKS OF EQUATIONS          22     SINGLE EQUATIONS        2,848
BLOCKS OF VARIABLES          18     SINGLE VARIABLES        2,782
NON ZERO ELEMENTS        10,765     NON LINEAR N-Z            528
CODE LENGTH                 794     CONSTANT POOL              16


GENERATION TIME      =        0.000 SECONDS      6 MB  48.3.0 71b5641f WEX-WEI
               L O O P S            demScen D200

GAMS 48.3.0  71b5641f Nov 12, 2024          WEX-WEI x86 64bit/MS Windows - 03/23/26 05:08:33 Page 19
G e n e r a l   A l g e b r a i c   M o d e l i n g   S y s t e m
Solution Report     SOLVE ForestCP Using NLP From line 577


               S O L V E      S U M M A R Y

     MODEL   ForestCP            OBJECTIVE  obj
     TYPE    NLP                 DIRECTION  MAXIMIZE
     SOLVER  CONOPT              FROM LINE  577

**** SOLVER STATUS     1 Normal Completion
**** MODEL STATUS      2 Locally Optimal
**** OBJECTIVE VALUE           110585.7863

 RESOURCE USAGE, LIMIT          0.015 10000000000.000
 ITERATION COUNT, LIMIT         8    2147483647
 EVALUATION ERRORS              0             0
 
 
    C O N O P T   version 4.35
    Copyright (C) GAMS Software GmbH
                  GAMS Development Corporation
 
 
    The user model has 2848 constraints and 2782 variables
    with 10765 Jacobian elements, 528 of which are nonlinear.
    The Hessian of the Lagrangian has 0 elements on the diagonal,
    264 elements below the diagonal, and 528 nonlinear variables.
 
    The pre-triangular part of the model has 1854 constraints and 264 variables.
    The post-triangular part of the model has 538 constraints and variables.
 
    Preprocessed model has 456 constraints and 1980 variables
    with 3810 Jacobian elements, 0 of which are nonlinear.
 
 ** Optimal solution. There are no superbasic variables.
 
 
 CONOPT time Total                            0.021 seconds
   of which: Function evaluations             0.000 =  0.0%
             1st Derivative evaluations       0.001 =  4.8%
 


**** REPORT SUMMARY :        0     NONOPT
                             0 INFEASIBLE
                             0  UNBOUNDED
                             0     ERRORS
GAMS 48.3.0  71b5641f Nov 12, 2024          WEX-WEI x86 64bit/MS Windows - 03/23/26 05:08:33 Page 20
G e n e r a l   A l g e b r a i c   M o d e l i n g   S y s t e m
Range Statistics    SOLVE ForestCP Using NLP From line 577


RANGE STATISTICS (ABSOLUTE NON-ZERO FINITE VALUES)

RHS       [min, max] : [ 5.985E-01, 1.078E+05] - Zero values observed as well
Bound     [min, max] : [ 7.500E+01, 5.389E+04] - Zero values observed as well
Matrix    [min, max] : [ 1.000E-02, 9.407E+02]

GAMS 48.3.0  71b5641f Nov 12, 2024          WEX-WEI x86 64bit/MS Windows - 03/23/26 05:08:33 Page 21
G e n e r a l   A l g e b r a i c   M o d e l i n g   S y s t e m
Model Statistics    SOLVE ForestCP Using NLP From line 577


LOOPS                              demScen   D300


MODEL STATISTICS

BLOCKS OF EQUATIONS          22     SINGLE EQUATIONS        2,848
BLOCKS OF VARIABLES          18     SINGLE VARIABLES        2,782
NON ZERO ELEMENTS        10,765     NON LINEAR N-Z            528
CODE LENGTH                 794     CONSTANT POOL              16


GENERATION TIME      =        0.016 SECONDS      6 MB  48.3.0 71b5641f WEX-WEI
               L O O P S            demScen D300

GAMS 48.3.0  71b5641f Nov 12, 2024          WEX-WEI x86 64bit/MS Windows - 03/23/26 05:08:33 Page 22
G e n e r a l   A l g e b r a i c   M o d e l i n g   S y s t e m
Solution Report     SOLVE ForestCP Using NLP From line 577


               S O L V E      S U M M A R Y

     MODEL   ForestCP            OBJECTIVE  obj
     TYPE    NLP                 DIRECTION  MAXIMIZE
     SOLVER  CONOPT              FROM LINE  577

**** SOLVER STATUS     1 Normal Completion
**** MODEL STATUS      2 Locally Optimal
**** OBJECTIVE VALUE           118630.6645

 RESOURCE USAGE, LIMIT          0.031 10000000000.000
 ITERATION COUNT, LIMIT         8    2147483647
 EVALUATION ERRORS              0             0
 
 
    C O N O P T   version 4.35
    Copyright (C) GAMS Software GmbH
                  GAMS Development Corporation
 
 
    The user model has 2848 constraints and 2782 variables
    with 10765 Jacobian elements, 528 of which are nonlinear.
    The Hessian of the Lagrangian has 0 elements on the diagonal,
    264 elements below the diagonal, and 528 nonlinear variables.
 
    The pre-triangular part of the model has 1854 constraints and 264 variables.
    The post-triangular part of the model has 538 constraints and variables.
 
    Preprocessed model has 456 constraints and 1980 variables
    with 3810 Jacobian elements, 0 of which are nonlinear.
 
 ** Optimal solution. There are no superbasic variables.
 
 
 CONOPT time Total                            0.022 seconds
   of which: Function evaluations             0.000 =  0.0%
             1st Derivative evaluations       0.000 =  0.0%
 


**** REPORT SUMMARY :        0     NONOPT
                             0 INFEASIBLE
                             0  UNBOUNDED
                             0     ERRORS
GAMS 48.3.0  71b5641f Nov 12, 2024          WEX-WEI x86 64bit/MS Windows - 03/23/26 05:08:33 Page 23
G e n e r a l   A l g e b r a i c   M o d e l i n g   S y s t e m
Range Statistics    SOLVE ForestCP Using NLP From line 577


RANGE STATISTICS (ABSOLUTE NON-ZERO FINITE VALUES)

RHS       [min, max] : [ 7.481E-01, 1.078E+05] - Zero values observed as well
Bound     [min, max] : [ 7.500E+01, 5.389E+04] - Zero values observed as well
Matrix    [min, max] : [ 1.000E-02, 9.407E+02]

GAMS 48.3.0  71b5641f Nov 12, 2024          WEX-WEI x86 64bit/MS Windows - 03/23/26 05:08:33 Page 24
G e n e r a l   A l g e b r a i c   M o d e l i n g   S y s t e m
Model Statistics    SOLVE ForestCP Using NLP From line 577


LOOPS                              demScen   D400


MODEL STATISTICS

BLOCKS OF EQUATIONS          22     SINGLE EQUATIONS        2,848
BLOCKS OF VARIABLES          18     SINGLE VARIABLES        2,782
NON ZERO ELEMENTS        10,765     NON LINEAR N-Z            528
CODE LENGTH                 794     CONSTANT POOL              16


GENERATION TIME      =        0.016 SECONDS      6 MB  48.3.0 71b5641f WEX-WEI
               L O O P S            demScen D400

GAMS 48.3.0  71b5641f Nov 12, 2024          WEX-WEI x86 64bit/MS Windows - 03/23/26 05:08:33 Page 25
G e n e r a l   A l g e b r a i c   M o d e l i n g   S y s t e m
Solution Report     SOLVE ForestCP Using NLP From line 577


               S O L V E      S U M M A R Y

     MODEL   ForestCP            OBJECTIVE  obj
     TYPE    NLP                 DIRECTION  MAXIMIZE
     SOLVER  CONOPT              FROM LINE  577

**** SOLVER STATUS     1 Normal Completion
**** MODEL STATUS      2 Locally Optimal
**** OBJECTIVE VALUE           126675.5426

 RESOURCE USAGE, LIMIT          0.047 10000000000.000
 ITERATION COUNT, LIMIT         9    2147483647
 EVALUATION ERRORS              0             0
 
 
    C O N O P T   version 4.35
    Copyright (C) GAMS Software GmbH
                  GAMS Development Corporation
 
 
    The user model has 2848 constraints and 2782 variables
    with 10765 Jacobian elements, 528 of which are nonlinear.
    The Hessian of the Lagrangian has 0 elements on the diagonal,
    264 elements below the diagonal, and 528 nonlinear variables.
 
    The pre-triangular part of the model has 1854 constraints and 264 variables.
    The post-triangular part of the model has 538 constraints and variables.
 
    Preprocessed model has 456 constraints and 1980 variables
    with 3810 Jacobian elements, 0 of which are nonlinear.
 
 ** Optimal solution. There are no superbasic variables.
 
 
 CONOPT time Total                            0.030 seconds
   of which: Function evaluations             0.000 =  0.0%
             1st Derivative evaluations       0.001 =  3.3%
 


**** REPORT SUMMARY :        0     NONOPT
                             0 INFEASIBLE
                             0  UNBOUNDED
                             0     ERRORS
GAMS 48.3.0  71b5641f Nov 12, 2024          WEX-WEI x86 64bit/MS Windows - 03/23/26 05:08:33 Page 26
G e n e r a l   A l g e b r a i c   M o d e l i n g   S y s t e m
Range Statistics    SOLVE ForestCP Using NLP From line 577


RANGE STATISTICS (ABSOLUTE NON-ZERO FINITE VALUES)

RHS       [min, max] : [ 1.646E-01, 1.078E+05] - Zero values observed as well
Bound     [min, max] : [ 7.500E+01, 5.389E+04] - Zero values observed as well
Matrix    [min, max] : [ 1.000E-02, 9.407E+02]

GAMS 48.3.0  71b5641f Nov 12, 2024          WEX-WEI x86 64bit/MS Windows - 03/23/26 05:08:33 Page 27
G e n e r a l   A l g e b r a i c   M o d e l i n g   S y s t e m
Model Statistics    SOLVE ForestCP Using NLP From line 577


LOOPS                              demScen   DU10


MODEL STATISTICS

BLOCKS OF EQUATIONS          22     SINGLE EQUATIONS        2,848
BLOCKS OF VARIABLES          18     SINGLE VARIABLES        2,782
NON ZERO ELEMENTS        10,765     NON LINEAR N-Z            528
CODE LENGTH                 794     CONSTANT POOL              16


GENERATION TIME      =        0.016 SECONDS      6 MB  48.3.0 71b5641f WEX-WEI
               L O O P S            demScen DU10

GAMS 48.3.0  71b5641f Nov 12, 2024          WEX-WEI x86 64bit/MS Windows - 03/23/26 05:08:33 Page 28
G e n e r a l   A l g e b r a i c   M o d e l i n g   S y s t e m
Solution Report     SOLVE ForestCP Using NLP From line 577


               S O L V E      S U M M A R Y

     MODEL   ForestCP            OBJECTIVE  obj
     TYPE    NLP                 DIRECTION  MAXIMIZE
     SOLVER  CONOPT              FROM LINE  577

**** SOLVER STATUS     1 Normal Completion
**** MODEL STATUS      2 Locally Optimal
**** OBJECTIVE VALUE            95300.5179

 RESOURCE USAGE, LIMIT          0.031 10000000000.000
 ITERATION COUNT, LIMIT         4    2147483647
 EVALUATION ERRORS              0             0
 
 
    C O N O P T   version 4.35
    Copyright (C) GAMS Software GmbH
                  GAMS Development Corporation
 
 
    The user model has 2848 constraints and 2782 variables
    with 10765 Jacobian elements, 528 of which are nonlinear.
    The Hessian of the Lagrangian has 0 elements on the diagonal,
    264 elements below the diagonal, and 528 nonlinear variables.
 
    The pre-triangular part of the model has 1854 constraints and 264 variables.
    The post-triangular part of the model has 538 constraints and variables.
 
    Preprocessed model has 456 constraints and 1980 variables
    with 3810 Jacobian elements, 0 of which are nonlinear.
 
 ** Optimal solution. There are no superbasic variables.
 
 
 CONOPT time Total                            0.020 seconds
   of which: Function evaluations             0.001 =  5.0%
             1st Derivative evaluations       0.000 =  0.0%
 


**** REPORT SUMMARY :        0     NONOPT
                             0 INFEASIBLE
                             0  UNBOUNDED
                             0     ERRORS
GAMS 48.3.0  71b5641f Nov 12, 2024          WEX-WEI x86 64bit/MS Windows - 03/23/26 05:08:33 Page 29
G e n e r a l   A l g e b r a i c   M o d e l i n g   S y s t e m
Range Statistics    SOLVE ForestCP Using NLP From line 636


RANGE STATISTICS (ABSOLUTE NON-ZERO FINITE VALUES)

RHS       [min, max] : [ 1.496E-01, 1.078E+05] - Zero values observed as well
Bound     [min, max] : [ 7.500E+01, 5.389E+04] - Zero values observed as well
Matrix    [min, max] : [ 1.000E-02, 9.407E+02]

GAMS 48.3.0  71b5641f Nov 12, 2024          WEX-WEI x86 64bit/MS Windows - 03/23/26 05:08:33 Page 30
G e n e r a l   A l g e b r a i c   M o d e l i n g   S y s t e m
Model Statistics    SOLVE ForestCP Using NLP From line 636


MODEL STATISTICS

BLOCKS OF EQUATIONS          22     SINGLE EQUATIONS        2,848
BLOCKS OF VARIABLES          18     SINGLE VARIABLES        2,782
NON ZERO ELEMENTS        10,765     NON LINEAR N-Z            528
CODE LENGTH                 794     CONSTANT POOL              16


GENERATION TIME      =        0.000 SECONDS      6 MB  48.3.0 71b5641f WEX-WEI
GAMS 48.3.0  71b5641f Nov 12, 2024          WEX-WEI x86 64bit/MS Windows - 03/23/26 05:08:33 Page 31
G e n e r a l   A l g e b r a i c   M o d e l i n g   S y s t e m
Solution Report     SOLVE ForestCP Using NLP From line 636


               S O L V E      S U M M A R Y

     MODEL   ForestCP            OBJECTIVE  obj
     TYPE    NLP                 DIRECTION  MAXIMIZE
     SOLVER  CONOPT              FROM LINE  636

**** SOLVER STATUS     1 Normal Completion
**** MODEL STATUS      2 Locally Optimal
**** OBJECTIVE VALUE            94496.0301

 RESOURCE USAGE, LIMIT          0.031 10000000000.000
 ITERATION COUNT, LIMIT         4    2147483647
 EVALUATION ERRORS              0             0
 
 
    C O N O P T   version 4.35
    Copyright (C) GAMS Software GmbH
                  GAMS Development Corporation
 
 
    The user model has 2848 constraints and 2782 variables
    with 10765 Jacobian elements, 528 of which are nonlinear.
    The Hessian of the Lagrangian has 0 elements on the diagonal,
    264 elements below the diagonal, and 528 nonlinear variables.
 
    The pre-triangular part of the model has 1854 constraints and 264 variables.
    The post-triangular part of the model has 538 constraints and variables.
 
    Preprocessed model has 456 constraints and 1980 variables
    with 3810 Jacobian elements, 0 of which are nonlinear.
 
 ** Optimal solution. There are no superbasic variables.
 
 
 CONOPT time Total                            0.022 seconds
   of which: Function evaluations             0.001 =  4.5%
             1st Derivative evaluations       0.000 =  0.0%
 


**** REPORT SUMMARY :        0     NONOPT
                             0 INFEASIBLE
                             0  UNBOUNDED
                             0     ERRORS
GAMS 48.3.0  71b5641f Nov 12, 2024          WEX-WEI x86 64bit/MS Windows - 03/23/26 05:08:33 Page 32
G e n e r a l   A l g e b r a i c   M o d e l i n g   S y s t e m
E x e c u t i o n


----    654 PARAMETER regionalHarvestDem  Roundwood harvest M m3/yr by demand scenario (D50..), region, year — filled in SS10b loop; MNR harvest response to MT demand shocks

                          2020        2021        2022        2023        2024        2025        2026        2027        2028        2029        2030

Baseline.TroutLake       7.261       7.507       7.455       7.168       7.242       7.708       7.067       7.700       6.842       7.356       7.270
Baseline.Abitibi        12.326      12.845      11.892      11.797      11.205      11.974      12.320      11.960      12.151      11.236      12.234
Baseline.Algoma         10.068      11.671       9.951      10.241       9.646      10.332       9.621       9.913      10.836      10.982      10.004
Baseline.Kenora          5.026       5.299       5.779       5.359       5.323       5.470       5.033       5.501       5.393       5.583       5.437
Baseline.Nipissing      15.549      14.392      13.486      15.464      13.908      16.186      13.956      13.966      14.320      14.601      14.837
Baseline.Algonquin       9.113       9.002       8.655       8.898       8.780       8.849       8.834       9.141       9.436       9.106       8.118
D50     .TroutLake       7.471       7.734       7.658       7.374       7.440       7.912       7.274       7.920       7.048       7.577       7.477
D50     .Abitibi        12.538      13.048      12.098      12.001      11.419      12.204      12.517      12.179      12.368      11.453      12.443
D50     .Algoma         10.267      11.895      10.166      10.455       9.850      10.554       9.855      10.133      11.067      11.175      10.214
D50     .Kenora          5.253       5.520       5.999       5.575       5.523       5.709       5.262       5.702       5.620       5.811       5.646
D50     .Nipissing      15.748      14.617      13.699      15.696      14.110      16.395      14.170      14.193      14.543      14.820      15.032
D50     .Algonquin       9.329       9.236       8.878       9.102       9.005       9.063       9.051       9.347       9.661       9.340       8.337
D100    .TroutLake       7.681       7.960       7.862       7.580       7.638       8.117       7.481       8.141       7.254       7.797       7.685
D100    .Abitibi        12.750      13.250      12.305      12.205      11.632      12.433      12.715      12.398      12.585      11.670      12.652
D100    .Algoma         10.465      12.118      10.382      10.668      10.055      10.777      10.089      10.353      11.298      11.367      10.424
D100    .Kenora          5.479       5.741       6.220       5.792       5.723       5.949       5.491       5.902       5.847       6.040       5.855
D100    .Nipissing      15.947      14.842      13.912      15.927      14.311      16.604      14.384      14.419      14.765      15.039      15.226
D100    .Algonquin       9.546       9.469       9.101       9.307       9.230       9.277       9.269       9.553       9.885       9.574       8.557
D200    .TroutLake       8.101       8.414       8.269       7.992       8.033       8.526       7.895       8.581       7.665       8.239       8.099
D200    .Abitibi        13.175      13.656      12.717      12.614      12.059      12.893      13.110      12.835      13.018      12.103      13.070
D200    .Algoma         10.862      12.565      10.812      11.096      10.464      11.221      10.557      10.794      11.760      11.751      10.844
D200    .Kenora          5.932       6.183       6.661       6.225       6.123       6.428       5.950       6.303       6.302       6.497       6.273
D200    .Nipissing      16.345      15.292      14.338      16.391      14.715      17.021      14.813      14.871      15.210      15.476      15.615
D200    .Algonquin       9.979       9.936       9.546       9.715       9.680       9.704       9.705       9.965      10.334      10.042       8.996
D300    .TroutLake       8.522       8.867       8.676       8.404       8.429       8.935       8.310       9.022       8.077       8.680       8.513
D300    .Abitibi        13.599      14.062      13.130      13.022      12.485      13.352      13.504      13.273      13.452      12.537      13.488
D300    .Algoma         11.259      13.012      11.242      11.523      10.873      11.666      11.025      11.234      12.222      12.135      11.263
D300    .Kenora          6.385       6.624       7.103       6.659       6.523       6.908       6.408       6.705       6.756       6.954       6.691
D300    .Nipissing      16.744      15.742      14.764      16.854      15.118      17.439      15.241      15.324      15.655      15.913      16.004
D300    .Algonquin      10.412      10.403       9.992      10.124      10.130      10.132      10.140      10.377      10.783      10.510       9.435
D400    .TroutLake       8.942       9.321       9.083       8.816       8.825       9.344       8.724       9.463       8.489       9.122       8.928
D400    .Abitibi        14.024      14.468      13.543      13.430      12.912      13.812      13.899      13.710      13.885      12.971      13.906
D400    .Algoma         11.655      13.459      11.672      11.950      11.282      12.110      11.493      11.674      12.684      12.520      11.683
D400    .Kenora          6.839       7.066       7.544       7.092       6.923       7.387       6.866       7.106       7.210       7.411       7.109
D400    .Nipissing      17.142      16.191      15.190      17.317      15.522      17.856      15.670      15.776      16.100      16.350      16.393
D400    .Algonquin      10.846      10.869      10.437      10.533      10.580      10.559      10.575      10.789      11.232      10.978       9.874
DU10    .TroutLake       7.303       7.552       7.496       7.209       7.281       7.749       7.108       7.744       6.883       7.400       7.312
DU10    .Abitibi        12.368      12.885      11.933      11.838      11.248      12.020      12.359      12.004      12.195      11.279      12.275
DU10    .Algoma         10.108      11.716       9.994      10.284       9.687      10.377       9.668       9.957      10.882      11.021      10.046
DU10    .Kenora          5.071       5.344       5.823       5.402       5.363       5.517       5.079       5.541       5.439       5.628       5.479
DU10    .Nipissing      15.588      14.437      13.528      15.511      13.948      16.228      13.999      14.012      14.364      14.645      14.876
DU10    .Algonquin       9.156       9.049       8.700       8.939       8.825       8.892       8.877       9.182       9.481       9.153       8.162


----    718 PARAMETER demDemandMult  Multiplier on demandCap for demand scenarios

                 CLT      Glulam      Lumber    Pulpwood

Baseline       1.000       1.000       1.000       1.000
D50            1.500       1.500       1.000       1.000
D100           2.000       2.000       1.000       1.000
D200           3.000       3.000       1.000       1.000
D300           4.000       4.000       1.000       1.000
D400           5.000       5.000       1.000       1.000
DU10           1.100       1.100       1.000       1.000


----    718 PARAMETER demForPlot  Compact demand-sensitivity table for DISPLAY

                 Obj     CLTmult    TotQty1k     TotRevM

Baseline   94496.030       1.000   22214.318   16495.930
D50        98518.469       1.500   33321.477   24743.895
D100      102540.908       2.000   44428.636   32991.860
D200      110585.786       3.000   66642.954   49487.790
D300      118630.664       4.000   88857.271   65983.720
D400      126675.543       5.000  111071.589   82479.651
DU10       95300.518       1.100   24435.750   18145.523


----    718 PARAMETER demTotQty  Total mass-timber qty all regions (1000 m3)

Baseline  22214.318,    D50       33321.477,    D100      44428.636,    D200      66642.954,    D300      88857.271,    D400     111071.589,    DU10      24435.750


----    718 PARAMETER demTotRev  Total CLT+Glulam revenue all regions (MILLION $)

Baseline 16495.930,    D50      24743.895,    D100     32991.860,    D200     49487.790,    D300     65983.720,    D400     82479.651,    DU10     18145.523


----    718 PARAMETER demObj  Objective after each demand scenario (MILLION $)

Baseline  94496.030,    D50       98518.469,    D100     102540.908,    D200     110585.786,    D300     118630.664,    D400     126675.543,    DU10      95300.518


----    718 PARAMETER demTableQty  Mass timber CLT+Glulam, sum over years (1000 m3)

           TroutLake     Abitibi      Algoma      Kenora   Nipissing   Algonquin

Baseline    3612.066    3646.042    3699.067    3786.401    3685.933    3784.808
D50         5418.098    5469.064    5548.600    5679.602    5528.900    5677.213
D100        7224.131    7292.085    7398.133    7572.803    7371.867    7569.617
D200       10836.197   10938.127   11097.200   11359.204   11057.800   11354.425
D300       14448.262   14584.169   14796.267   15145.606   14743.733   15139.234
D400       18060.328   18230.212   18495.333   18932.007   18429.667   18924.042
DU10        3973.272    4010.647    4068.973    4165.042    4054.527    4163.289


----    718 PARAMETER demTableRev  Direct output CLT+Glulam sales revenue, sum over years (MILLION $)

           TroutLake     Abitibi      Algoma      Kenora   Nipissing   Algonquin

Baseline    2687.664    2704.390    2749.197    2808.537    2736.410    2809.732
D50         4031.496    4056.586    4123.795    4212.805    4104.615    4214.599
D100        5375.328    5408.781    5498.394    5617.073    5472.819    5619.465
D200        8062.992    8113.171    8247.591    8425.610    8209.229    8429.197
D300       10750.656   10817.562   10996.788   11234.147   10945.639   11238.930
D400       13438.319   13521.952   13745.985   14042.683   13682.049   14048.662
DU10        2956.430    2974.829    3024.117    3089.390    3010.051    3090.706


----    719 PARAMETER demSummary  Demand-scenario full metrics (at reference carbon price)

             Revenue         Obj     Zprofit   Zemission  CarbonSto~   NetCarbon  NetCarbDel  NetCarbPct  CarbonCost  HarvestCo~    ProcCost  TotalHarv~  TotalProd~  TotalSales

Baseline  165784.900   94496.030   99011.554      26.562     159.632    -133.070                            4515.523   24157.765   42615.581     643.582     625.489     599.940
D50       174032.865   98518.469  103477.218      29.169     172.517    -143.348     -10.278      -7.724    4958.749   24690.366   45865.281     657.776     649.371     611.047
D100      182280.830  102540.908  107942.883      31.776     185.402    -153.625     -20.555     -15.447    5401.975   25222.966   49114.981     671.970     673.253     622.154
D200      198776.760  110585.786  116874.213      36.991     211.171    -174.181     -41.111     -30.894    6288.427   26288.166   55614.380     700.358     721.016     644.368
D300      215272.690  118630.664  125805.543      42.205     236.941    -194.736     -61.666     -46.341    7174.879   27353.367   62113.780     728.746     768.780     666.583
D400      231768.620  126675.543  134736.873      47.420     262.711    -215.291     -82.221     -61.788    8061.330   28418.567   68613.180     757.134     816.544     688.797
DU10      167434.493   95300.518   99904.686      27.083     162.209    -135.126      -2.056      -1.545    4604.169   24264.285   43265.521     646.420     630.266     602.161


----    719 PARAMETER demForChart  Chart-ready demand sensitivity (D50-style labels)

             Revenue         Obj     Zprofit   Zemission  CarbonCost  HarvestCo~    ProcCost  TotalHarv~  TotalProd~  TotalSales  DemandMul~

Baseline  165784.900   94496.030   99011.554      26.562    4515.523   24157.765   42615.581     643.582     625.489     599.940       1.000
D50       174032.865   98518.469  103477.218      29.169    4958.749   24690.366   45865.281     657.776     649.371     611.047       1.500
D100      182280.830  102540.908  107942.883      31.776    5401.975   25222.966   49114.981     671.970     673.253     622.154       2.000
D200      198776.760  110585.786  116874.213      36.991    6288.427   26288.166   55614.380     700.358     721.016     644.368       3.000
D300      215272.690  118630.664  125805.543      42.205    7174.879   27353.367   62113.780     728.746     768.780     666.583       4.000
D400      231768.620  126675.543  134736.873      47.420    8061.330   28418.567   68613.180     757.134     816.544     688.797       5.000
DU10      167434.493   95300.518   99904.686      27.083    4604.169   24264.285   43265.521     646.420     630.266     602.161       1.100


----    720 PARAMETER demSensBase  Demand sensitivity baseline = Baseline demScen

Revenue         165784.900,    Obj              94496.030,    Zprofit          99011.554,    Zemission           26.562,    CarbonStorage      159.632,    NetCarbon         -133.070,    CarbonCost        4515.523,    HarvestCost      24157.765,    ProcCost         42615.581,    TotalHarvest       643.582,    TotalProduction    625.489,    TotalSales         599.940


----    720 PARAMETER demSensDelta  Demand delta vs Baseline demScen

                       AbsChange   PctChange

D50 .Revenue            8247.965       4.975
D50 .Obj                4022.439       4.257
D50 .Zprofit            4465.665       4.510
D50 .Zemission             2.607       9.816
D50 .CarbonStorage        12.885       8.072
D50 .NetCarbon           -10.278       7.724
D50 .NetCarbDel          -10.278
D50 .NetCarbPct           -7.724
D50 .CarbonCost          443.226       9.816
D50 .HarvestCost         532.600       2.205
D50 .ProcCost           3249.700       7.626
D50 .TotalHarvest         14.194       2.205
D50 .TotalProduction      23.882       3.818
D50 .TotalSales           11.107       1.851
D100.Revenue           16495.930       9.950
D100.Obj                8044.878       8.513
D100.Zprofit            8931.330       9.020
D100.Zemission             5.214      19.631
D100.CarbonStorage        25.770      16.143
D100.NetCarbon           -20.555      15.447
D100.NetCarbDel          -20.555
D100.NetCarbPct          -15.447
D100.CarbonCost          886.452      19.631
D100.HarvestCost        1065.200       4.409
D100.ProcCost           6499.400      15.251
D100.TotalHarvest         28.388       4.411
D100.TotalProduction      47.764       7.636
D100.TotalSales           22.214       3.703
D200.Revenue           32991.860      19.900
D200.Obj               16089.756      17.027
D200.Zprofit           17862.660      18.041
D200.Zemission            10.429      39.262
D200.CarbonStorage        51.540      32.286
D200.NetCarbon           -41.111      30.894
D200.NetCarbDel          -41.111
D200.NetCarbPct          -30.894
D200.CarbonCost         1772.903      39.262
D200.HarvestCost        2130.401       8.819
D200.ProcCost          12998.800      30.502
D200.TotalHarvest         56.776       8.822
D200.TotalProduction      95.527      15.272
D200.TotalSales           44.429       7.406
D300.Revenue           49487.790      29.851
D300.Obj               24134.634      25.540
D300.Zprofit           26793.989      27.061
D300.Zemission            15.643      58.894
D300.CarbonStorage        77.309      48.430
D300.NetCarbon           -61.666      46.341
D300.NetCarbDel          -61.666
D300.NetCarbPct          -46.341
D300.CarbonCost         2659.355      58.894
D300.HarvestCost        3195.601      13.228
D300.ProcCost          19498.199      45.754
D300.TotalHarvest         85.165      13.233
D300.TotalProduction     143.291      22.909
D300.TotalSales           66.643      11.108
D400.Revenue           65983.720      39.801
D400.Obj               32179.513      34.054
D400.Zprofit           35725.319      36.082
D400.Zemission            20.858      78.525
D400.CarbonStorage       103.079      64.573
D400.NetCarbon           -82.221      61.788
D400.NetCarbDel          -82.221
D400.NetCarbPct          -61.788
D400.CarbonCost         3545.807      78.525
D400.HarvestCost        4260.802      17.637
D400.ProcCost          25997.599      61.005
D400.TotalHarvest        113.553      17.644
D400.TotalProduction     191.055      30.545
D400.TotalSales           88.857      14.811
DU10.Revenue            1649.593       0.995
DU10.Obj                 804.488       0.851
DU10.Zprofit             893.133       0.902
DU10.Zemission             0.521       1.963
DU10.CarbonStorage         2.577       1.614
DU10.NetCarbon            -2.056       1.545
DU10.NetCarbDel           -2.056
DU10.NetCarbPct           -1.545
DU10.CarbonCost           88.645       1.963
DU10.HarvestCost         106.520       0.441
DU10.ProcCost            649.940       1.525
DU10.TotalHarvest          2.839       0.441
DU10.TotalProduction       4.776       0.764
DU10.TotalSales            2.221       0.370

GAMS 48.3.0  71b5641f Nov 12, 2024          WEX-WEI x86 64bit/MS Windows - 03/23/26 05:08:33 Page 33
G e n e r a l   A l g e b r a i c   M o d e l i n g   S y s t e m
Range Statistics    SOLVE ForestCP Using NLP From line 760


RANGE STATISTICS (ABSOLUTE NON-ZERO FINITE VALUES)

RHS       [min, max] : [ 1.496E-01, 1.078E+05] - Zero values observed as well
Bound     [min, max] : [ 7.500E+01, 5.389E+04] - Zero values observed as well
Matrix    [min, max] : [ 1.000E-02, 9.407E+02]

GAMS 48.3.0  71b5641f Nov 12, 2024          WEX-WEI x86 64bit/MS Windows - 03/23/26 05:08:33 Page 34
G e n e r a l   A l g e b r a i c   M o d e l i n g   S y s t e m
Model Statistics    SOLVE ForestCP Using NLP From line 760


LOOPS                               prScen   Pbase


MODEL STATISTICS

BLOCKS OF EQUATIONS          22     SINGLE EQUATIONS        2,848
BLOCKS OF VARIABLES          18     SINGLE VARIABLES        2,782
NON ZERO ELEMENTS        10,765     NON LINEAR N-Z            528
CODE LENGTH                 794     CONSTANT POOL              16


GENERATION TIME      =        0.015 SECONDS     11 MB  48.3.0 71b5641f WEX-WEI
               L O O P S             prScen Pbase

GAMS 48.3.0  71b5641f Nov 12, 2024          WEX-WEI x86 64bit/MS Windows - 03/23/26 05:08:33 Page 35
G e n e r a l   A l g e b r a i c   M o d e l i n g   S y s t e m
Solution Report     SOLVE ForestCP Using NLP From line 760


               S O L V E      S U M M A R Y

     MODEL   ForestCP            OBJECTIVE  obj
     TYPE    NLP                 DIRECTION  MAXIMIZE
     SOLVER  CONOPT              FROM LINE  760

**** SOLVER STATUS     1 Normal Completion
**** MODEL STATUS      2 Locally Optimal
**** OBJECTIVE VALUE            94496.0301

 RESOURCE USAGE, LIMIT          0.031 10000000000.000
 ITERATION COUNT, LIMIT         3    2147483647
 EVALUATION ERRORS              0             0
 
 
    C O N O P T   version 4.35
    Copyright (C) GAMS Software GmbH
                  GAMS Development Corporation
 
 
    The user model has 2848 constraints and 2782 variables
    with 10765 Jacobian elements, 528 of which are nonlinear.
    The Hessian of the Lagrangian has 0 elements on the diagonal,
    264 elements below the diagonal, and 528 nonlinear variables.
 
    The pre-triangular part of the model has 1854 constraints and 264 variables.
    The post-triangular part of the model has 538 constraints and variables.
 
    Preprocessed model has 456 constraints and 1980 variables
    with 3810 Jacobian elements, 0 of which are nonlinear.
 
 ** Optimal solution. There are no superbasic variables.
 
 
 CONOPT time Total                            0.018 seconds
   of which: Function evaluations             0.000 =  0.0%
             1st Derivative evaluations       0.000 =  0.0%
 


**** REPORT SUMMARY :        0     NONOPT
                             0 INFEASIBLE
                             0  UNBOUNDED
                             0     ERRORS
GAMS 48.3.0  71b5641f Nov 12, 2024          WEX-WEI x86 64bit/MS Windows - 03/23/26 05:08:33 Page 36
G e n e r a l   A l g e b r a i c   M o d e l i n g   S y s t e m
Range Statistics    SOLVE ForestCP Using NLP From line 760


RANGE STATISTICS (ABSOLUTE NON-ZERO FINITE VALUES)

RHS       [min, max] : [ 1.496E-01, 1.078E+05] - Zero values observed as well
Bound     [min, max] : [ 7.500E+01, 5.389E+04] - Zero values observed as well
Matrix    [min, max] : [ 1.000E-02, 9.407E+02]

GAMS 48.3.0  71b5641f Nov 12, 2024          WEX-WEI x86 64bit/MS Windows - 03/23/26 05:08:33 Page 37
G e n e r a l   A l g e b r a i c   M o d e l i n g   S y s t e m
Model Statistics    SOLVE ForestCP Using NLP From line 760


LOOPS                               prScen   PD5


MODEL STATISTICS

BLOCKS OF EQUATIONS          22     SINGLE EQUATIONS        2,848
BLOCKS OF VARIABLES          18     SINGLE VARIABLES        2,782
NON ZERO ELEMENTS        10,765     NON LINEAR N-Z            528
CODE LENGTH                 794     CONSTANT POOL              16


GENERATION TIME      =        0.000 SECONDS     11 MB  48.3.0 71b5641f WEX-WEI
               L O O P S             prScen PD5

GAMS 48.3.0  71b5641f Nov 12, 2024          WEX-WEI x86 64bit/MS Windows - 03/23/26 05:08:33 Page 38
G e n e r a l   A l g e b r a i c   M o d e l i n g   S y s t e m
Solution Report     SOLVE ForestCP Using NLP From line 760


               S O L V E      S U M M A R Y

     MODEL   ForestCP            OBJECTIVE  obj
     TYPE    NLP                 DIRECTION  MAXIMIZE
     SOLVER  CONOPT              FROM LINE  760

**** SOLVER STATUS     1 Normal Completion
**** MODEL STATUS      2 Locally Optimal
**** OBJECTIVE VALUE            88317.1182

 RESOURCE USAGE, LIMIT          0.016 10000000000.000
 ITERATION COUNT, LIMIT         1    2147483647
 EVALUATION ERRORS              0             0
 
 
    C O N O P T   version 4.35
    Copyright (C) GAMS Software GmbH
                  GAMS Development Corporation
 
 
    The user model has 2848 constraints and 2782 variables
    with 10765 Jacobian elements, 528 of which are nonlinear.
    The Hessian of the Lagrangian has 0 elements on the diagonal,
    264 elements below the diagonal, and 528 nonlinear variables.
 
    The pre-triangular part of the model has 1854 constraints and 264 variables.
    The post-triangular part of the model has 538 constraints and variables.
 
    Preprocessed model has 456 constraints and 1980 variables
    with 3810 Jacobian elements, 0 of which are nonlinear.
 
 ** Optimal solution. There are no superbasic variables.
 
 
 CONOPT time Total                            0.016 seconds
   of which: Function evaluations             0.000 =  0.0%
             1st Derivative evaluations       0.000 =  0.0%
 


**** REPORT SUMMARY :        0     NONOPT
                             0 INFEASIBLE
                             0  UNBOUNDED
                             0     ERRORS
GAMS 48.3.0  71b5641f Nov 12, 2024          WEX-WEI x86 64bit/MS Windows - 03/23/26 05:08:33 Page 39
G e n e r a l   A l g e b r a i c   M o d e l i n g   S y s t e m
Range Statistics    SOLVE ForestCP Using NLP From line 760


RANGE STATISTICS (ABSOLUTE NON-ZERO FINITE VALUES)

RHS       [min, max] : [ 1.496E-01, 1.078E+05] - Zero values observed as well
Bound     [min, max] : [ 7.500E+01, 5.389E+04] - Zero values observed as well
Matrix    [min, max] : [ 1.000E-02, 9.407E+02]

GAMS 48.3.0  71b5641f Nov 12, 2024          WEX-WEI x86 64bit/MS Windows - 03/23/26 05:08:33 Page 40
G e n e r a l   A l g e b r a i c   M o d e l i n g   S y s t e m
Model Statistics    SOLVE ForestCP Using NLP From line 760


LOOPS                               prScen   PI5


MODEL STATISTICS

BLOCKS OF EQUATIONS          22     SINGLE EQUATIONS        2,848
BLOCKS OF VARIABLES          18     SINGLE VARIABLES        2,782
NON ZERO ELEMENTS        10,765     NON LINEAR N-Z            528
CODE LENGTH                 794     CONSTANT POOL              16


GENERATION TIME      =        0.000 SECONDS     11 MB  48.3.0 71b5641f WEX-WEI
               L O O P S             prScen PI5

GAMS 48.3.0  71b5641f Nov 12, 2024          WEX-WEI x86 64bit/MS Windows - 03/23/26 05:08:33 Page 41
G e n e r a l   A l g e b r a i c   M o d e l i n g   S y s t e m
Solution Report     SOLVE ForestCP Using NLP From line 760


               S O L V E      S U M M A R Y

     MODEL   ForestCP            OBJECTIVE  obj
     TYPE    NLP                 DIRECTION  MAXIMIZE
     SOLVER  CONOPT              FROM LINE  760

**** SOLVER STATUS     1 Normal Completion
**** MODEL STATUS      2 Locally Optimal
**** OBJECTIVE VALUE           100674.9420

 RESOURCE USAGE, LIMIT          0.015 10000000000.000
 ITERATION COUNT, LIMIT         1    2147483647
 EVALUATION ERRORS              0             0
 
 
    C O N O P T   version 4.35
    Copyright (C) GAMS Software GmbH
                  GAMS Development Corporation
 
 
    The user model has 2848 constraints and 2782 variables
    with 10765 Jacobian elements, 528 of which are nonlinear.
    The Hessian of the Lagrangian has 0 elements on the diagonal,
    264 elements below the diagonal, and 528 nonlinear variables.
 
    The pre-triangular part of the model has 1854 constraints and 264 variables.
    The post-triangular part of the model has 538 constraints and variables.
 
    Preprocessed model has 456 constraints and 1980 variables
    with 3810 Jacobian elements, 0 of which are nonlinear.
 
 ** Optimal solution. There are no superbasic variables.
 
 
 CONOPT time Total                            0.017 seconds
   of which: Function evaluations             0.000 =  0.0%
             1st Derivative evaluations       0.000 =  0.0%
 


**** REPORT SUMMARY :        0     NONOPT
                             0 INFEASIBLE
                             0  UNBOUNDED
                             0     ERRORS
GAMS 48.3.0  71b5641f Nov 12, 2024          WEX-WEI x86 64bit/MS Windows - 03/23/26 05:08:33 Page 42
G e n e r a l   A l g e b r a i c   M o d e l i n g   S y s t e m
Range Statistics    SOLVE ForestCP Using NLP From line 760


RANGE STATISTICS (ABSOLUTE NON-ZERO FINITE VALUES)

RHS       [min, max] : [ 1.496E-01, 1.078E+05] - Zero values observed as well
Bound     [min, max] : [ 7.500E+01, 5.389E+04] - Zero values observed as well
Matrix    [min, max] : [ 1.000E-02, 9.407E+02]

GAMS 48.3.0  71b5641f Nov 12, 2024          WEX-WEI x86 64bit/MS Windows - 03/23/26 05:08:33 Page 43
G e n e r a l   A l g e b r a i c   M o d e l i n g   S y s t e m
Model Statistics    SOLVE ForestCP Using NLP From line 760


LOOPS                               prScen   PD10


MODEL STATISTICS

BLOCKS OF EQUATIONS          22     SINGLE EQUATIONS        2,848
BLOCKS OF VARIABLES          18     SINGLE VARIABLES        2,782
NON ZERO ELEMENTS        10,765     NON LINEAR N-Z            528
CODE LENGTH                 794     CONSTANT POOL              16


GENERATION TIME      =        0.015 SECONDS     11 MB  48.3.0 71b5641f WEX-WEI
               L O O P S             prScen PD10

GAMS 48.3.0  71b5641f Nov 12, 2024          WEX-WEI x86 64bit/MS Windows - 03/23/26 05:08:33 Page 44
G e n e r a l   A l g e b r a i c   M o d e l i n g   S y s t e m
Solution Report     SOLVE ForestCP Using NLP From line 760


               S O L V E      S U M M A R Y

     MODEL   ForestCP            OBJECTIVE  obj
     TYPE    NLP                 DIRECTION  MAXIMIZE
     SOLVER  CONOPT              FROM LINE  760

**** SOLVER STATUS     1 Normal Completion
**** MODEL STATUS      2 Locally Optimal
**** OBJECTIVE VALUE            82138.2062

 RESOURCE USAGE, LIMIT          0.016 10000000000.000
 ITERATION COUNT, LIMIT         1    2147483647
 EVALUATION ERRORS              0             0
 
 
    C O N O P T   version 4.35
    Copyright (C) GAMS Software GmbH
                  GAMS Development Corporation
 
 
    The user model has 2848 constraints and 2782 variables
    with 10765 Jacobian elements, 528 of which are nonlinear.
    The Hessian of the Lagrangian has 0 elements on the diagonal,
    264 elements below the diagonal, and 528 nonlinear variables.
 
    The pre-triangular part of the model has 1854 constraints and 264 variables.
    The post-triangular part of the model has 538 constraints and variables.
 
    Preprocessed model has 456 constraints and 1980 variables
    with 3810 Jacobian elements, 0 of which are nonlinear.
 
 ** Optimal solution. There are no superbasic variables.
 
 
 CONOPT time Total                            0.018 seconds
   of which: Function evaluations             0.000 =  0.0%
             1st Derivative evaluations       0.000 =  0.0%
 


**** REPORT SUMMARY :        0     NONOPT
                             0 INFEASIBLE
                             0  UNBOUNDED
                             0     ERRORS
GAMS 48.3.0  71b5641f Nov 12, 2024          WEX-WEI x86 64bit/MS Windows - 03/23/26 05:08:33 Page 45
G e n e r a l   A l g e b r a i c   M o d e l i n g   S y s t e m
Range Statistics    SOLVE ForestCP Using NLP From line 760


RANGE STATISTICS (ABSOLUTE NON-ZERO FINITE VALUES)

RHS       [min, max] : [ 1.496E-01, 1.078E+05] - Zero values observed as well
Bound     [min, max] : [ 7.500E+01, 5.389E+04] - Zero values observed as well
Matrix    [min, max] : [ 1.000E-02, 9.407E+02]

GAMS 48.3.0  71b5641f Nov 12, 2024          WEX-WEI x86 64bit/MS Windows - 03/23/26 05:08:33 Page 46
G e n e r a l   A l g e b r a i c   M o d e l i n g   S y s t e m
Model Statistics    SOLVE ForestCP Using NLP From line 760


LOOPS                               prScen   PI10


MODEL STATISTICS

BLOCKS OF EQUATIONS          22     SINGLE EQUATIONS        2,848
BLOCKS OF VARIABLES          18     SINGLE VARIABLES        2,782
NON ZERO ELEMENTS        10,765     NON LINEAR N-Z            528
CODE LENGTH                 794     CONSTANT POOL              16


GENERATION TIME      =        0.016 SECONDS     11 MB  48.3.0 71b5641f WEX-WEI
               L O O P S             prScen PI10

GAMS 48.3.0  71b5641f Nov 12, 2024          WEX-WEI x86 64bit/MS Windows - 03/23/26 05:08:33 Page 47
G e n e r a l   A l g e b r a i c   M o d e l i n g   S y s t e m
Solution Report     SOLVE ForestCP Using NLP From line 760


               S O L V E      S U M M A R Y

     MODEL   ForestCP            OBJECTIVE  obj
     TYPE    NLP                 DIRECTION  MAXIMIZE
     SOLVER  CONOPT              FROM LINE  760

**** SOLVER STATUS     1 Normal Completion
**** MODEL STATUS      2 Locally Optimal
**** OBJECTIVE VALUE           106853.8539

 RESOURCE USAGE, LIMIT          0.015 10000000000.000
 ITERATION COUNT, LIMIT         1    2147483647
 EVALUATION ERRORS              0             0
 
 
    C O N O P T   version 4.35
    Copyright (C) GAMS Software GmbH
                  GAMS Development Corporation
 
 
    The user model has 2848 constraints and 2782 variables
    with 10765 Jacobian elements, 528 of which are nonlinear.
    The Hessian of the Lagrangian has 0 elements on the diagonal,
    264 elements below the diagonal, and 528 nonlinear variables.
 
    The pre-triangular part of the model has 1854 constraints and 264 variables.
    The post-triangular part of the model has 538 constraints and variables.
 
    Preprocessed model has 456 constraints and 1980 variables
    with 3810 Jacobian elements, 0 of which are nonlinear.
 
 ** Optimal solution. There are no superbasic variables.
 
 
 CONOPT time Total                            0.016 seconds
   of which: Function evaluations             0.000 =  0.0%
             1st Derivative evaluations       0.000 =  0.0%
 


**** REPORT SUMMARY :        0     NONOPT
                             0 INFEASIBLE
                             0  UNBOUNDED
                             0     ERRORS
GAMS 48.3.0  71b5641f Nov 12, 2024          WEX-WEI x86 64bit/MS Windows - 03/23/26 05:08:33 Page 48
G e n e r a l   A l g e b r a i c   M o d e l i n g   S y s t e m
Range Statistics    SOLVE ForestCP Using NLP From line 777


RANGE STATISTICS (ABSOLUTE NON-ZERO FINITE VALUES)

RHS       [min, max] : [ 1.496E-01, 1.078E+05] - Zero values observed as well
Bound     [min, max] : [ 7.500E+01, 5.389E+04] - Zero values observed as well
Matrix    [min, max] : [ 1.000E-02, 9.407E+02]

GAMS 48.3.0  71b5641f Nov 12, 2024          WEX-WEI x86 64bit/MS Windows - 03/23/26 05:08:33 Page 49
G e n e r a l   A l g e b r a i c   M o d e l i n g   S y s t e m
Model Statistics    SOLVE ForestCP Using NLP From line 777


MODEL STATISTICS

BLOCKS OF EQUATIONS          22     SINGLE EQUATIONS        2,848
BLOCKS OF VARIABLES          18     SINGLE VARIABLES        2,782
NON ZERO ELEMENTS        10,765     NON LINEAR N-Z            528
CODE LENGTH                 794     CONSTANT POOL              16


GENERATION TIME      =        0.015 SECONDS     11 MB  48.3.0 71b5641f WEX-WEI
GAMS 48.3.0  71b5641f Nov 12, 2024          WEX-WEI x86 64bit/MS Windows - 03/23/26 05:08:33 Page 50
G e n e r a l   A l g e b r a i c   M o d e l i n g   S y s t e m
Solution Report     SOLVE ForestCP Using NLP From line 777


               S O L V E      S U M M A R Y

     MODEL   ForestCP            OBJECTIVE  obj
     TYPE    NLP                 DIRECTION  MAXIMIZE
     SOLVER  CONOPT              FROM LINE  777

**** SOLVER STATUS     1 Normal Completion
**** MODEL STATUS      2 Locally Optimal
**** OBJECTIVE VALUE            94496.0301

 RESOURCE USAGE, LIMIT          0.016 10000000000.000
 ITERATION COUNT, LIMIT         1    2147483647
 EVALUATION ERRORS              0             0
 
 
    C O N O P T   version 4.35
    Copyright (C) GAMS Software GmbH
                  GAMS Development Corporation
 
 
    The user model has 2848 constraints and 2782 variables
    with 10765 Jacobian elements, 528 of which are nonlinear.
    The Hessian of the Lagrangian has 0 elements on the diagonal,
    264 elements below the diagonal, and 528 nonlinear variables.
 
    The pre-triangular part of the model has 1854 constraints and 264 variables.
    The post-triangular part of the model has 538 constraints and variables.
 
    Preprocessed model has 456 constraints and 1980 variables
    with 3810 Jacobian elements, 0 of which are nonlinear.
 
 ** Optimal solution. There are no superbasic variables.
 
 
 CONOPT time Total                            0.018 seconds
   of which: Function evaluations             0.000 =  0.0%
             1st Derivative evaluations       0.001 =  5.6%
 


**** REPORT SUMMARY :        0     NONOPT
                             0 INFEASIBLE
                             0  UNBOUNDED
                             0     ERRORS
GAMS 48.3.0  71b5641f Nov 12, 2024          WEX-WEI x86 64bit/MS Windows - 03/23/26 05:08:33 Page 51
G e n e r a l   A l g e b r a i c   M o d e l i n g   S y s t e m
E x e c u t i o n


----    788 PARAMETER prLumberMult  Multiplier on basePricePath for Lumber

Pbase 1.000,    PD5   0.950,    PI5   1.050,    PD10  0.900,    PI10  1.100


----    788 PARAMETER prForPlot  Compact price-sensitivity table

              Obj    TotQty1k     TotRevM  LumberMult

Pbase   94496.030   22214.318   16495.930       1.000
PD5     88317.118   22214.318   16495.930       0.950
PI5    100674.942   22214.318   16495.930       1.050
PD10    82138.206   22214.318   16495.930       0.900
PI10   106853.854   22214.318   16495.930       1.100


----    788 PARAMETER prTotQty  Price sens: total MT qty all regions (1000 m3)

Pbase 22214.318,    PD5   22214.318,    PI5   22214.318,    PD10  22214.318,    PI10  22214.318


----    788 PARAMETER prTotRev  Price sens: total MT rev (MILLION $)

Pbase 16495.930,    PD5   16495.930,    PI5   16495.930,    PD10  16495.930,    PI10  16495.930


----    788 PARAMETER prObj  Price sens: objective (MILLION $)

Pbase  94496.030,    PD5    88317.118,    PI5   100674.942,    PD10   82138.206,    PI10  106853.854


----    788 PARAMETER prTableQty  Price sens: mass timber qty sum years (1000 m3)

        TroutLake     Abitibi      Algoma      Kenora   Nipissing   Algonquin

Pbase    3612.066    3646.042    3699.067    3786.401    3685.933    3784.808
PD5      3612.066    3646.042    3699.067    3786.401    3685.933    3784.808
PI5      3612.066    3646.042    3699.067    3786.401    3685.933    3784.808
PD10     3612.066    3646.042    3699.067    3786.401    3685.933    3784.808
PI10     3612.066    3646.042    3699.067    3786.401    3685.933    3784.808


----    788 PARAMETER prTableRev  Price sens: CLT+Glulam revenue sum years (MILLION $)

        TroutLake     Abitibi      Algoma      Kenora   Nipissing   Algonquin

Pbase    2687.664    2704.390    2749.197    2808.537    2736.410    2809.732
PD5      2687.664    2704.390    2749.197    2808.537    2736.410    2809.732
PI5      2687.664    2704.390    2749.197    2808.537    2736.410    2809.732
PD10     2687.664    2704.390    2749.197    2808.537    2736.410    2809.732
PI10     2687.664    2704.390    2749.197    2808.537    2736.410    2809.732

GAMS 48.3.0  71b5641f Nov 12, 2024          WEX-WEI x86 64bit/MS Windows - 03/23/26 05:08:33 Page 52
G e n e r a l   A l g e b r a i c   M o d e l i n g   S y s t e m
Range Statistics    SOLVE ForestCP Using NLP From line 826


RANGE STATISTICS (ABSOLUTE NON-ZERO FINITE VALUES)

RHS       [min, max] : [ 2.992E-01, 1.078E+05] - Zero values observed as well
Bound     [min, max] : [ 7.500E+01, 5.389E+04] - Zero values observed as well
Matrix    [min, max] : [ 1.000E-02, 9.407E+02]

GAMS 48.3.0  71b5641f Nov 12, 2024          WEX-WEI x86 64bit/MS Windows - 03/23/26 05:08:33 Page 53
G e n e r a l   A l g e b r a i c   M o d e l i n g   S y s t e m
Model Statistics    SOLVE ForestCP Using NLP From line 826


LOOPS                               cmScen   CM_D100_PD5


MODEL STATISTICS

BLOCKS OF EQUATIONS          22     SINGLE EQUATIONS        2,848
BLOCKS OF VARIABLES          18     SINGLE VARIABLES        2,782
NON ZERO ELEMENTS        10,765     NON LINEAR N-Z            528
CODE LENGTH                 794     CONSTANT POOL              16


GENERATION TIME      =        0.016 SECONDS     13 MB  48.3.0 71b5641f WEX-WEI
               L O O P S             cmScen CM_D100_PD5

GAMS 48.3.0  71b5641f Nov 12, 2024          WEX-WEI x86 64bit/MS Windows - 03/23/26 05:08:33 Page 54
G e n e r a l   A l g e b r a i c   M o d e l i n g   S y s t e m
Solution Report     SOLVE ForestCP Using NLP From line 826


               S O L V E      S U M M A R Y

     MODEL   ForestCP            OBJECTIVE  obj
     TYPE    NLP                 DIRECTION  MAXIMIZE
     SOLVER  CONOPT              FROM LINE  826

**** SOLVER STATUS     1 Normal Completion
**** MODEL STATUS      2 Locally Optimal
**** OBJECTIVE VALUE            96361.9963

 RESOURCE USAGE, LIMIT          0.031 10000000000.000
 ITERATION COUNT, LIMIT         7    2147483647
 EVALUATION ERRORS              0             0
 
 
    C O N O P T   version 4.35
    Copyright (C) GAMS Software GmbH
                  GAMS Development Corporation
 
 
    The user model has 2848 constraints and 2782 variables
    with 10765 Jacobian elements, 528 of which are nonlinear.
    The Hessian of the Lagrangian has 0 elements on the diagonal,
    264 elements below the diagonal, and 528 nonlinear variables.
 
    The pre-triangular part of the model has 1854 constraints and 264 variables.
    The post-triangular part of the model has 538 constraints and variables.
 
    Preprocessed model has 456 constraints and 1980 variables
    with 3810 Jacobian elements, 0 of which are nonlinear.
 
 ** Optimal solution. There are no superbasic variables.
 
 
 CONOPT time Total                            0.020 seconds
   of which: Function evaluations             0.000 =  0.0%
             1st Derivative evaluations       0.001 =  5.0%
 


**** REPORT SUMMARY :        0     NONOPT
                             0 INFEASIBLE
                             0  UNBOUNDED
                             0     ERRORS
GAMS 48.3.0  71b5641f Nov 12, 2024          WEX-WEI x86 64bit/MS Windows - 03/23/26 05:08:33 Page 55
G e n e r a l   A l g e b r a i c   M o d e l i n g   S y s t e m
Range Statistics    SOLVE ForestCP Using NLP From line 826


RANGE STATISTICS (ABSOLUTE NON-ZERO FINITE VALUES)

RHS       [min, max] : [ 2.992E-01, 1.078E+05] - Zero values observed as well
Bound     [min, max] : [ 7.500E+01, 5.389E+04] - Zero values observed as well
Matrix    [min, max] : [ 1.000E-02, 9.407E+02]

GAMS 48.3.0  71b5641f Nov 12, 2024          WEX-WEI x86 64bit/MS Windows - 03/23/26 05:08:33 Page 56
G e n e r a l   A l g e b r a i c   M o d e l i n g   S y s t e m
Model Statistics    SOLVE ForestCP Using NLP From line 826


LOOPS                               cmScen   CM_D100_PI10


MODEL STATISTICS

BLOCKS OF EQUATIONS          22     SINGLE EQUATIONS        2,848
BLOCKS OF VARIABLES          18     SINGLE VARIABLES        2,782
NON ZERO ELEMENTS        10,765     NON LINEAR N-Z            528
CODE LENGTH                 794     CONSTANT POOL              16


GENERATION TIME      =        0.000 SECONDS     13 MB  48.3.0 71b5641f WEX-WEI
               L O O P S             cmScen CM_D100_PI10

GAMS 48.3.0  71b5641f Nov 12, 2024          WEX-WEI x86 64bit/MS Windows - 03/23/26 05:08:33 Page 57
G e n e r a l   A l g e b r a i c   M o d e l i n g   S y s t e m
Solution Report     SOLVE ForestCP Using NLP From line 826


               S O L V E      S U M M A R Y

     MODEL   ForestCP            OBJECTIVE  obj
     TYPE    NLP                 DIRECTION  MAXIMIZE
     SOLVER  CONOPT              FROM LINE  826

**** SOLVER STATUS     1 Normal Completion
**** MODEL STATUS      2 Locally Optimal
**** OBJECTIVE VALUE           114898.7320

 RESOURCE USAGE, LIMIT          0.031 10000000000.000
 ITERATION COUNT, LIMIT         3    2147483647
 EVALUATION ERRORS              0             0
 
 
    C O N O P T   version 4.35
    Copyright (C) GAMS Software GmbH
                  GAMS Development Corporation
 
 
    The user model has 2848 constraints and 2782 variables
    with 10765 Jacobian elements, 528 of which are nonlinear.
    The Hessian of the Lagrangian has 0 elements on the diagonal,
    264 elements below the diagonal, and 528 nonlinear variables.
 
    The pre-triangular part of the model has 1854 constraints and 264 variables.
    The post-triangular part of the model has 538 constraints and variables.
 
    Preprocessed model has 456 constraints and 1980 variables
    with 3810 Jacobian elements, 0 of which are nonlinear.
 
 ** Optimal solution. There are no superbasic variables.
 
 
 CONOPT time Total                            0.018 seconds
   of which: Function evaluations             0.000 =  0.0%
             1st Derivative evaluations       0.000 =  0.0%
 


**** REPORT SUMMARY :        0     NONOPT
                             0 INFEASIBLE
                             0  UNBOUNDED
                             0     ERRORS
GAMS 48.3.0  71b5641f Nov 12, 2024          WEX-WEI x86 64bit/MS Windows - 03/23/26 05:08:33 Page 58
G e n e r a l   A l g e b r a i c   M o d e l i n g   S y s t e m
Range Statistics    SOLVE ForestCP Using NLP From line 826


RANGE STATISTICS (ABSOLUTE NON-ZERO FINITE VALUES)

RHS       [min, max] : [ 4.489E-01, 1.078E+05] - Zero values observed as well
Bound     [min, max] : [ 7.500E+01, 5.389E+04] - Zero values observed as well
Matrix    [min, max] : [ 1.000E-02, 9.407E+02]

GAMS 48.3.0  71b5641f Nov 12, 2024          WEX-WEI x86 64bit/MS Windows - 03/23/26 05:08:33 Page 59
G e n e r a l   A l g e b r a i c   M o d e l i n g   S y s t e m
Model Statistics    SOLVE ForestCP Using NLP From line 826


LOOPS                               cmScen   CM_D200_PD10


MODEL STATISTICS

BLOCKS OF EQUATIONS          22     SINGLE EQUATIONS        2,848
BLOCKS OF VARIABLES          18     SINGLE VARIABLES        2,782
NON ZERO ELEMENTS        10,765     NON LINEAR N-Z            528
CODE LENGTH                 794     CONSTANT POOL              16


GENERATION TIME      =        0.000 SECONDS     13 MB  48.3.0 71b5641f WEX-WEI
               L O O P S             cmScen CM_D200_PD10

GAMS 48.3.0  71b5641f Nov 12, 2024          WEX-WEI x86 64bit/MS Windows - 03/23/26 05:08:33 Page 60
G e n e r a l   A l g e b r a i c   M o d e l i n g   S y s t e m
Solution Report     SOLVE ForestCP Using NLP From line 826


               S O L V E      S U M M A R Y

     MODEL   ForestCP            OBJECTIVE  obj
     TYPE    NLP                 DIRECTION  MAXIMIZE
     SOLVER  CONOPT              FROM LINE  826

**** SOLVER STATUS     1 Normal Completion
**** MODEL STATUS      2 Locally Optimal
**** OBJECTIVE VALUE            98227.9625

 RESOURCE USAGE, LIMIT          0.046 10000000000.000
 ITERATION COUNT, LIMIT         8    2147483647
 EVALUATION ERRORS              0             0
 
 
    C O N O P T   version 4.35
    Copyright (C) GAMS Software GmbH
                  GAMS Development Corporation
 
 
    The user model has 2848 constraints and 2782 variables
    with 10765 Jacobian elements, 528 of which are nonlinear.
    The Hessian of the Lagrangian has 0 elements on the diagonal,
    264 elements below the diagonal, and 528 nonlinear variables.
 
    The pre-triangular part of the model has 1854 constraints and 264 variables.
    The post-triangular part of the model has 538 constraints and variables.
 
    Preprocessed model has 456 constraints and 1980 variables
    with 3810 Jacobian elements, 0 of which are nonlinear.
 
 ** Optimal solution. There are no superbasic variables.
 
 
 CONOPT time Total                            0.022 seconds
   of which: Function evaluations             0.000 =  0.0%
             1st Derivative evaluations       0.000 =  0.0%
 


**** REPORT SUMMARY :        0     NONOPT
                             0 INFEASIBLE
                             0  UNBOUNDED
                             0     ERRORS
GAMS 48.3.0  71b5641f Nov 12, 2024          WEX-WEI x86 64bit/MS Windows - 03/23/26 05:08:33 Page 61
G e n e r a l   A l g e b r a i c   M o d e l i n g   S y s t e m
Range Statistics    SOLVE ForestCP Using NLP From line 844


RANGE STATISTICS (ABSOLUTE NON-ZERO FINITE VALUES)

RHS       [min, max] : [ 1.496E-01, 1.078E+05] - Zero values observed as well
Bound     [min, max] : [ 7.500E+01, 5.389E+04] - Zero values observed as well
Matrix    [min, max] : [ 1.000E-02, 9.407E+02]

GAMS 48.3.0  71b5641f Nov 12, 2024          WEX-WEI x86 64bit/MS Windows - 03/23/26 05:08:33 Page 62
G e n e r a l   A l g e b r a i c   M o d e l i n g   S y s t e m
Model Statistics    SOLVE ForestCP Using NLP From line 844


MODEL STATISTICS

BLOCKS OF EQUATIONS          22     SINGLE EQUATIONS        2,848
BLOCKS OF VARIABLES          18     SINGLE VARIABLES        2,782
NON ZERO ELEMENTS        10,765     NON LINEAR N-Z            528
CODE LENGTH                 794     CONSTANT POOL              16


GENERATION TIME      =        0.016 SECONDS     13 MB  48.3.0 71b5641f WEX-WEI
GAMS 48.3.0  71b5641f Nov 12, 2024          WEX-WEI x86 64bit/MS Windows - 03/23/26 05:08:33 Page 63
G e n e r a l   A l g e b r a i c   M o d e l i n g   S y s t e m
Solution Report     SOLVE ForestCP Using NLP From line 844


               S O L V E      S U M M A R Y

     MODEL   ForestCP            OBJECTIVE  obj
     TYPE    NLP                 DIRECTION  MAXIMIZE
     SOLVER  CONOPT              FROM LINE  844

**** SOLVER STATUS     1 Normal Completion
**** MODEL STATUS      2 Locally Optimal
**** OBJECTIVE VALUE            94496.0301

 RESOURCE USAGE, LIMIT          0.016 10000000000.000
 ITERATION COUNT, LIMIT         4    2147483647
 EVALUATION ERRORS              0             0
 
 
    C O N O P T   version 4.35
    Copyright (C) GAMS Software GmbH
                  GAMS Development Corporation
 
 
    The user model has 2848 constraints and 2782 variables
    with 10765 Jacobian elements, 528 of which are nonlinear.
    The Hessian of the Lagrangian has 0 elements on the diagonal,
    264 elements below the diagonal, and 528 nonlinear variables.
 
    The pre-triangular part of the model has 1854 constraints and 264 variables.
    The post-triangular part of the model has 538 constraints and variables.
 
    Preprocessed model has 456 constraints and 1980 variables
    with 3810 Jacobian elements, 0 of which are nonlinear.
 
 ** Optimal solution. There are no superbasic variables.
 
 
 CONOPT time Total                            0.020 seconds
   of which: Function evaluations             0.000 =  0.0%
             1st Derivative evaluations       0.000 =  0.0%
 


**** REPORT SUMMARY :        0     NONOPT
                             0 INFEASIBLE
                             0  UNBOUNDED
                             0     ERRORS
GAMS 48.3.0  71b5641f Nov 12, 2024          WEX-WEI x86 64bit/MS Windows - 03/23/26 05:08:33 Page 64
G e n e r a l   A l g e b r a i c   M o d e l i n g   S y s t e m
E x e c u t i o n


----    855 PARAMETER cmDemandMult  Demand cap multiplier for coupled runs

                     CLT      Glulam      Lumber    Pulpwood

CM_D100_PD5        2.000       2.000       1.000       1.000
CM_D100_PI10       2.000       2.000       1.000       1.000
CM_D200_PD10       3.000       3.000       1.000       1.000


----    855 PARAMETER cmLumberMult  Lumber price multiplier for coupled runs

CM_D100_PD5  0.950,    CM_D100_PI10 1.100,    CM_D200_PD10 0.900


----    855 PARAMETER cmForPlot  Compact coupled-sensitivity table

                     Obj     CLTmult    TotQty1k     TotRevM  LumberMult

CM_D100_PD5    96361.996       2.000   44428.636   32991.860       0.950
CM_D100_PI10  114898.732       2.000   44428.636   32991.860       1.100
CM_D200_PD10   98227.963       3.000   66642.954   49487.790       0.900


----    855 PARAMETER cmTotQty  Coupled: total MT qty (1000 m3)

CM_D100_PD5  44428.636,    CM_D100_PI10 44428.636,    CM_D200_PD10 66642.954


----    855 PARAMETER cmTotRev  Coupled: total MT rev (MILLION $)

CM_D100_PD5  32991.860,    CM_D100_PI10 32991.860,    CM_D200_PD10 49487.790


----    855 PARAMETER cmObj  Coupled: objective (MILLION $)

CM_D100_PD5   96361.996,    CM_D100_PI10 114898.732,    CM_D200_PD10  98227.963


----    855 PARAMETER cmTableQty  Coupled: mass timber qty (1000 m3)

               TroutLake     Abitibi      Algoma      Kenora   Nipissing   Algonquin

CM_D100_PD5     7224.131    7292.085    7398.133    7572.803    7371.867    7569.617
CM_D100_PI10    7224.131    7292.085    7398.133    7572.803    7371.867    7569.617
CM_D200_PD10   10836.197   10938.127   11097.200   11359.204   11057.800   11354.425


----    855 PARAMETER cmTableRev  Coupled: CLT+Glulam rev (MILLION $)

               TroutLake     Abitibi      Algoma      Kenora   Nipissing   Algonquin

CM_D100_PD5     5375.328    5408.781    5498.394    5617.073    5472.819    5619.465
CM_D100_PI10    5375.328    5408.781    5498.394    5617.073    5472.819    5619.465
CM_D200_PD10    8062.992    8113.171    8247.591    8425.610    8209.229    8429.197

GAMS 48.3.0  71b5641f Nov 12, 2024          WEX-WEI x86 64bit/MS Windows - 03/23/26 05:08:33 Page 65
G e n e r a l   A l g e b r a i c   M o d e l i n g   S y s t e m
Range Statistics    SOLVE ForestCP Using NLP From line 908


RANGE STATISTICS (ABSOLUTE NON-ZERO FINITE VALUES)

RHS       [min, max] : [ 1.496E-01, 1.078E+05] - Zero values observed as well
Bound     [min, max] : [ 7.500E+01, 5.389E+04] - Zero values observed as well
Matrix    [min, max] : [ 1.000E-02, 9.407E+02]

GAMS 48.3.0  71b5641f Nov 12, 2024          WEX-WEI x86 64bit/MS Windows - 03/23/26 05:08:33 Page 66
G e n e r a l   A l g e b r a i c   M o d e l i n g   S y s t e m
Model Statistics    SOLVE ForestCP Using NLP From line 908


LOOPS                               cpScen   cp0


MODEL STATISTICS

BLOCKS OF EQUATIONS          22     SINGLE EQUATIONS        2,848
BLOCKS OF VARIABLES          18     SINGLE VARIABLES        2,782
NON ZERO ELEMENTS        10,764     NON LINEAR N-Z            528
CODE LENGTH                 794     CONSTANT POOL              16


GENERATION TIME      =        0.016 SECONDS     14 MB  48.3.0 71b5641f WEX-WEI
               L O O P S             cpScen cp0

GAMS 48.3.0  71b5641f Nov 12, 2024          WEX-WEI x86 64bit/MS Windows - 03/23/26 05:08:33 Page 67
G e n e r a l   A l g e b r a i c   M o d e l i n g   S y s t e m
Solution Report     SOLVE ForestCP Using NLP From line 908


               S O L V E      S U M M A R Y

     MODEL   ForestCP            OBJECTIVE  obj
     TYPE    NLP                 DIRECTION  MAXIMIZE
     SOLVER  CONOPT              FROM LINE  908

**** SOLVER STATUS     1 Normal Completion
**** MODEL STATUS      2 Locally Optimal
**** OBJECTIVE VALUE            99011.6779

 RESOURCE USAGE, LIMIT          0.032 10000000000.000
 ITERATION COUNT, LIMIT         3    2147483647
 EVALUATION ERRORS              0             0
 
 
    C O N O P T   version 4.35
    Copyright (C) GAMS Software GmbH
                  GAMS Development Corporation
 
 
    The user model has 2848 constraints and 2782 variables
    with 10764 Jacobian elements, 528 of which are nonlinear.
    The Hessian of the Lagrangian has 0 elements on the diagonal,
    264 elements below the diagonal, and 528 nonlinear variables.
 
    The pre-triangular part of the model has 1855 constraints and 265 variables.
    The post-triangular part of the model has 537 constraints and variables.
 
    Preprocessed model has 456 constraints and 1980 variables
    with 3810 Jacobian elements, 0 of which are nonlinear.
 
 ** Optimal solution. There are no superbasic variables.
 
 
 CONOPT time Total                            0.018 seconds
   of which: Function evaluations             0.000 =  0.0%
             1st Derivative evaluations       0.000 =  0.0%
 


**** REPORT SUMMARY :        0     NONOPT
                             0 INFEASIBLE
                             0  UNBOUNDED
                             0     ERRORS
GAMS 48.3.0  71b5641f Nov 12, 2024          WEX-WEI x86 64bit/MS Windows - 03/23/26 05:08:33 Page 68
G e n e r a l   A l g e b r a i c   M o d e l i n g   S y s t e m
Range Statistics    SOLVE ForestCP Using NLP From line 908


RANGE STATISTICS (ABSOLUTE NON-ZERO FINITE VALUES)

RHS       [min, max] : [ 1.496E-01, 1.078E+05] - Zero values observed as well
Bound     [min, max] : [ 7.500E+01, 5.389E+04] - Zero values observed as well
Matrix    [min, max] : [ 1.000E-02, 9.407E+02]

GAMS 48.3.0  71b5641f Nov 12, 2024          WEX-WEI x86 64bit/MS Windows - 03/23/26 05:08:33 Page 69
G e n e r a l   A l g e b r a i c   M o d e l i n g   S y s t e m
Model Statistics    SOLVE ForestCP Using NLP From line 908


LOOPS                               cpScen   cp50


MODEL STATISTICS

BLOCKS OF EQUATIONS          22     SINGLE EQUATIONS        2,848
BLOCKS OF VARIABLES          18     SINGLE VARIABLES        2,782
NON ZERO ELEMENTS        10,765     NON LINEAR N-Z            528
CODE LENGTH                 794     CONSTANT POOL              16


GENERATION TIME      =        0.000 SECONDS     14 MB  48.3.0 71b5641f WEX-WEI
               L O O P S             cpScen cp50

GAMS 48.3.0  71b5641f Nov 12, 2024          WEX-WEI x86 64bit/MS Windows - 03/23/26 05:08:33 Page 70
G e n e r a l   A l g e b r a i c   M o d e l i n g   S y s t e m
Solution Report     SOLVE ForestCP Using NLP From line 908


               S O L V E      S U M M A R Y

     MODEL   ForestCP            OBJECTIVE  obj
     TYPE    NLP                 DIRECTION  MAXIMIZE
     SOLVER  CONOPT              FROM LINE  908

**** SOLVER STATUS     1 Normal Completion
**** MODEL STATUS      2 Locally Optimal
**** OBJECTIVE VALUE            97683.4584

 RESOURCE USAGE, LIMIT          0.031 10000000000.000
 ITERATION COUNT, LIMIT         3    2147483647
 EVALUATION ERRORS              0             0
 
 
    C O N O P T   version 4.35
    Copyright (C) GAMS Software GmbH
                  GAMS Development Corporation
 
 
    The user model has 2848 constraints and 2782 variables
    with 10765 Jacobian elements, 528 of which are nonlinear.
    The Hessian of the Lagrangian has 0 elements on the diagonal,
    264 elements below the diagonal, and 528 nonlinear variables.
 
    The pre-triangular part of the model has 1854 constraints and 264 variables.
    The post-triangular part of the model has 538 constraints and variables.
 
    Preprocessed model has 456 constraints and 1980 variables
    with 3810 Jacobian elements, 0 of which are nonlinear.
 
 ** Optimal solution. There are no superbasic variables.
 
 
 CONOPT time Total                            0.020 seconds
   of which: Function evaluations             0.000 =  0.0%
             1st Derivative evaluations       0.000 =  0.0%
 


**** REPORT SUMMARY :        0     NONOPT
                             0 INFEASIBLE
                             0  UNBOUNDED
                             0     ERRORS
GAMS 48.3.0  71b5641f Nov 12, 2024          WEX-WEI x86 64bit/MS Windows - 03/23/26 05:08:33 Page 71
G e n e r a l   A l g e b r a i c   M o d e l i n g   S y s t e m
Range Statistics    SOLVE ForestCP Using NLP From line 908


RANGE STATISTICS (ABSOLUTE NON-ZERO FINITE VALUES)

RHS       [min, max] : [ 1.496E-01, 1.078E+05] - Zero values observed as well
Bound     [min, max] : [ 7.500E+01, 5.389E+04] - Zero values observed as well
Matrix    [min, max] : [ 1.000E-02, 9.407E+02]

GAMS 48.3.0  71b5641f Nov 12, 2024          WEX-WEI x86 64bit/MS Windows - 03/23/26 05:08:33 Page 72
G e n e r a l   A l g e b r a i c   M o d e l i n g   S y s t e m
Model Statistics    SOLVE ForestCP Using NLP From line 908


LOOPS                               cpScen   cp100


MODEL STATISTICS

BLOCKS OF EQUATIONS          22     SINGLE EQUATIONS        2,848
BLOCKS OF VARIABLES          18     SINGLE VARIABLES        2,782
NON ZERO ELEMENTS        10,765     NON LINEAR N-Z            528
CODE LENGTH                 794     CONSTANT POOL              16


GENERATION TIME      =        0.015 SECONDS     14 MB  48.3.0 71b5641f WEX-WEI
               L O O P S             cpScen cp100

GAMS 48.3.0  71b5641f Nov 12, 2024          WEX-WEI x86 64bit/MS Windows - 03/23/26 05:08:33 Page 73
G e n e r a l   A l g e b r a i c   M o d e l i n g   S y s t e m
Solution Report     SOLVE ForestCP Using NLP From line 908


               S O L V E      S U M M A R Y

     MODEL   ForestCP            OBJECTIVE  obj
     TYPE    NLP                 DIRECTION  MAXIMIZE
     SOLVER  CONOPT              FROM LINE  908

**** SOLVER STATUS     1 Normal Completion
**** MODEL STATUS      2 Locally Optimal
**** OBJECTIVE VALUE            96355.3632

 RESOURCE USAGE, LIMIT          0.016 10000000000.000
 ITERATION COUNT, LIMIT         1    2147483647
 EVALUATION ERRORS              0             0
 
 
    C O N O P T   version 4.35
    Copyright (C) GAMS Software GmbH
                  GAMS Development Corporation
 
 
    The user model has 2848 constraints and 2782 variables
    with 10765 Jacobian elements, 528 of which are nonlinear.
    The Hessian of the Lagrangian has 0 elements on the diagonal,
    264 elements below the diagonal, and 528 nonlinear variables.
 
    The pre-triangular part of the model has 1854 constraints and 264 variables.
    The post-triangular part of the model has 538 constraints and variables.
 
    Preprocessed model has 456 constraints and 1980 variables
    with 3810 Jacobian elements, 0 of which are nonlinear.
 
 ** Optimal solution. There are no superbasic variables.
 
 
 CONOPT time Total                            0.017 seconds
   of which: Function evaluations             0.000 =  0.0%
             1st Derivative evaluations       0.000 =  0.0%
 


**** REPORT SUMMARY :        0     NONOPT
                             0 INFEASIBLE
                             0  UNBOUNDED
                             0     ERRORS
GAMS 48.3.0  71b5641f Nov 12, 2024          WEX-WEI x86 64bit/MS Windows - 03/23/26 05:08:33 Page 74
G e n e r a l   A l g e b r a i c   M o d e l i n g   S y s t e m
Range Statistics    SOLVE ForestCP Using NLP From line 908


RANGE STATISTICS (ABSOLUTE NON-ZERO FINITE VALUES)

RHS       [min, max] : [ 1.496E-01, 1.078E+05] - Zero values observed as well
Bound     [min, max] : [ 7.500E+01, 5.389E+04] - Zero values observed as well
Matrix    [min, max] : [ 1.000E-02, 9.407E+02]

GAMS 48.3.0  71b5641f Nov 12, 2024          WEX-WEI x86 64bit/MS Windows - 03/23/26 05:08:33 Page 75
G e n e r a l   A l g e b r a i c   M o d e l i n g   S y s t e m
Model Statistics    SOLVE ForestCP Using NLP From line 908


LOOPS                               cpScen   cp170


MODEL STATISTICS

BLOCKS OF EQUATIONS          22     SINGLE EQUATIONS        2,848
BLOCKS OF VARIABLES          18     SINGLE VARIABLES        2,782
NON ZERO ELEMENTS        10,765     NON LINEAR N-Z            528
CODE LENGTH                 794     CONSTANT POOL              16


GENERATION TIME      =        0.000 SECONDS     14 MB  48.3.0 71b5641f WEX-WEI
               L O O P S             cpScen cp170

GAMS 48.3.0  71b5641f Nov 12, 2024          WEX-WEI x86 64bit/MS Windows - 03/23/26 05:08:33 Page 76
G e n e r a l   A l g e b r a i c   M o d e l i n g   S y s t e m
Solution Report     SOLVE ForestCP Using NLP From line 908


               S O L V E      S U M M A R Y

     MODEL   ForestCP            OBJECTIVE  obj
     TYPE    NLP                 DIRECTION  MAXIMIZE
     SOLVER  CONOPT              FROM LINE  908

**** SOLVER STATUS     1 Normal Completion
**** MODEL STATUS      2 Locally Optimal
**** OBJECTIVE VALUE            94496.0301

 RESOURCE USAGE, LIMIT          0.016 10000000000.000
 ITERATION COUNT, LIMIT         1    2147483647
 EVALUATION ERRORS              0             0
 
 
    C O N O P T   version 4.35
    Copyright (C) GAMS Software GmbH
                  GAMS Development Corporation
 
 
    The user model has 2848 constraints and 2782 variables
    with 10765 Jacobian elements, 528 of which are nonlinear.
    The Hessian of the Lagrangian has 0 elements on the diagonal,
    264 elements below the diagonal, and 528 nonlinear variables.
 
    The pre-triangular part of the model has 1854 constraints and 264 variables.
    The post-triangular part of the model has 538 constraints and variables.
 
    Preprocessed model has 456 constraints and 1980 variables
    with 3810 Jacobian elements, 0 of which are nonlinear.
 
 ** Optimal solution. There are no superbasic variables.
 
 
 CONOPT time Total                            0.018 seconds
   of which: Function evaluations             0.000 =  0.0%
             1st Derivative evaluations       0.000 =  0.0%
 


**** REPORT SUMMARY :        0     NONOPT
                             0 INFEASIBLE
                             0  UNBOUNDED
                             0     ERRORS
GAMS 48.3.0  71b5641f Nov 12, 2024          WEX-WEI x86 64bit/MS Windows - 03/23/26 05:08:33 Page 77
G e n e r a l   A l g e b r a i c   M o d e l i n g   S y s t e m
Range Statistics    SOLVE ForestCP Using NLP From line 908


RANGE STATISTICS (ABSOLUTE NON-ZERO FINITE VALUES)

RHS       [min, max] : [ 1.496E-01, 1.078E+05] - Zero values observed as well
Bound     [min, max] : [ 7.500E+01, 5.389E+04] - Zero values observed as well
Matrix    [min, max] : [ 1.000E-02, 9.407E+02]

GAMS 48.3.0  71b5641f Nov 12, 2024          WEX-WEI x86 64bit/MS Windows - 03/23/26 05:08:33 Page 78
G e n e r a l   A l g e b r a i c   M o d e l i n g   S y s t e m
Model Statistics    SOLVE ForestCP Using NLP From line 908


LOOPS                               cpScen   cp250


MODEL STATISTICS

BLOCKS OF EQUATIONS          22     SINGLE EQUATIONS        2,848
BLOCKS OF VARIABLES          18     SINGLE VARIABLES        2,782
NON ZERO ELEMENTS        10,765     NON LINEAR N-Z            528
CODE LENGTH                 794     CONSTANT POOL              16


GENERATION TIME      =        0.015 SECONDS     14 MB  48.3.0 71b5641f WEX-WEI
               L O O P S             cpScen cp250

GAMS 48.3.0  71b5641f Nov 12, 2024          WEX-WEI x86 64bit/MS Windows - 03/23/26 05:08:33 Page 79
G e n e r a l   A l g e b r a i c   M o d e l i n g   S y s t e m
Solution Report     SOLVE ForestCP Using NLP From line 908


               S O L V E      S U M M A R Y

     MODEL   ForestCP            OBJECTIVE  obj
     TYPE    NLP                 DIRECTION  MAXIMIZE
     SOLVER  CONOPT              FROM LINE  908

**** SOLVER STATUS     1 Normal Completion
**** MODEL STATUS      2 Locally Optimal
**** OBJECTIVE VALUE            92371.0779

 RESOURCE USAGE, LIMIT          0.015 10000000000.000
 ITERATION COUNT, LIMIT         1    2147483647
 EVALUATION ERRORS              0             0
 
 
    C O N O P T   version 4.35
    Copyright (C) GAMS Software GmbH
                  GAMS Development Corporation
 
 
    The user model has 2848 constraints and 2782 variables
    with 10765 Jacobian elements, 528 of which are nonlinear.
    The Hessian of the Lagrangian has 0 elements on the diagonal,
    264 elements below the diagonal, and 528 nonlinear variables.
 
    The pre-triangular part of the model has 1854 constraints and 264 variables.
    The post-triangular part of the model has 538 constraints and variables.
 
    Preprocessed model has 456 constraints and 1980 variables
    with 3810 Jacobian elements, 0 of which are nonlinear.
 
 ** Optimal solution. There are no superbasic variables.
 
 
 CONOPT time Total                            0.017 seconds
   of which: Function evaluations             0.001 =  5.9%
             1st Derivative evaluations       0.000 =  0.0%
 


**** REPORT SUMMARY :        0     NONOPT
                             0 INFEASIBLE
                             0  UNBOUNDED
                             0     ERRORS
GAMS 48.3.0  71b5641f Nov 12, 2024          WEX-WEI x86 64bit/MS Windows - 03/23/26 05:08:33 Page 80
G e n e r a l   A l g e b r a i c   M o d e l i n g   S y s t e m
Range Statistics    SOLVE ForestCP Using NLP From line 908


RANGE STATISTICS (ABSOLUTE NON-ZERO FINITE VALUES)

RHS       [min, max] : [ 1.496E-01, 1.078E+05] - Zero values observed as well
Bound     [min, max] : [ 7.500E+01, 5.389E+04] - Zero values observed as well
Matrix    [min, max] : [ 1.000E-02, 9.407E+02]

GAMS 48.3.0  71b5641f Nov 12, 2024          WEX-WEI x86 64bit/MS Windows - 03/23/26 05:08:33 Page 81
G e n e r a l   A l g e b r a i c   M o d e l i n g   S y s t e m
Model Statistics    SOLVE ForestCP Using NLP From line 908


LOOPS                               cpScen   cp350


MODEL STATISTICS

BLOCKS OF EQUATIONS          22     SINGLE EQUATIONS        2,848
BLOCKS OF VARIABLES          18     SINGLE VARIABLES        2,782
NON ZERO ELEMENTS        10,765     NON LINEAR N-Z            528
CODE LENGTH                 794     CONSTANT POOL              16


GENERATION TIME      =        0.000 SECONDS     14 MB  48.3.0 71b5641f WEX-WEI
               L O O P S             cpScen cp350

GAMS 48.3.0  71b5641f Nov 12, 2024          WEX-WEI x86 64bit/MS Windows - 03/23/26 05:08:33 Page 82
G e n e r a l   A l g e b r a i c   M o d e l i n g   S y s t e m
Solution Report     SOLVE ForestCP Using NLP From line 908


               S O L V E      S U M M A R Y

     MODEL   ForestCP            OBJECTIVE  obj
     TYPE    NLP                 DIRECTION  MAXIMIZE
     SOLVER  CONOPT              FROM LINE  908

**** SOLVER STATUS     1 Normal Completion
**** MODEL STATUS      2 Locally Optimal
**** OBJECTIVE VALUE            89714.8876

 RESOURCE USAGE, LIMIT          0.016 10000000000.000
 ITERATION COUNT, LIMIT         1    2147483647
 EVALUATION ERRORS              0             0
 
 
    C O N O P T   version 4.35
    Copyright (C) GAMS Software GmbH
                  GAMS Development Corporation
 
 
    The user model has 2848 constraints and 2782 variables
    with 10765 Jacobian elements, 528 of which are nonlinear.
    The Hessian of the Lagrangian has 0 elements on the diagonal,
    264 elements below the diagonal, and 528 nonlinear variables.
 
    The pre-triangular part of the model has 1854 constraints and 264 variables.
    The post-triangular part of the model has 538 constraints and variables.
 
    Preprocessed model has 456 constraints and 1980 variables
    with 3810 Jacobian elements, 0 of which are nonlinear.
 
 ** Optimal solution. There are no superbasic variables.
 
 
 CONOPT time Total                            0.017 seconds
   of which: Function evaluations             0.000 =  0.0%
             1st Derivative evaluations       0.000 =  0.0%
 


**** REPORT SUMMARY :        0     NONOPT
                             0 INFEASIBLE
                             0  UNBOUNDED
                             0     ERRORS
GAMS 48.3.0  71b5641f Nov 12, 2024          WEX-WEI x86 64bit/MS Windows - 03/23/26 05:08:33 Page 83
G e n e r a l   A l g e b r a i c   M o d e l i n g   S y s t e m
Range Statistics    SOLVE ForestCP Using NLP From line 908


RANGE STATISTICS (ABSOLUTE NON-ZERO FINITE VALUES)

RHS       [min, max] : [ 1.496E-01, 1.078E+05] - Zero values observed as well
Bound     [min, max] : [ 7.500E+01, 5.389E+04] - Zero values observed as well
Matrix    [min, max] : [ 1.000E-02, 9.407E+02]

GAMS 48.3.0  71b5641f Nov 12, 2024          WEX-WEI x86 64bit/MS Windows - 03/23/26 05:08:33 Page 84
G e n e r a l   A l g e b r a i c   M o d e l i n g   S y s t e m
Model Statistics    SOLVE ForestCP Using NLP From line 908


LOOPS                               cpScen   cp500


MODEL STATISTICS

BLOCKS OF EQUATIONS          22     SINGLE EQUATIONS        2,848
BLOCKS OF VARIABLES          18     SINGLE VARIABLES        2,782
NON ZERO ELEMENTS        10,765     NON LINEAR N-Z            528
CODE LENGTH                 794     CONSTANT POOL              16


GENERATION TIME      =        0.000 SECONDS     14 MB  48.3.0 71b5641f WEX-WEI
               L O O P S             cpScen cp500

GAMS 48.3.0  71b5641f Nov 12, 2024          WEX-WEI x86 64bit/MS Windows - 03/23/26 05:08:33 Page 85
G e n e r a l   A l g e b r a i c   M o d e l i n g   S y s t e m
Solution Report     SOLVE ForestCP Using NLP From line 908


               S O L V E      S U M M A R Y

     MODEL   ForestCP            OBJECTIVE  obj
     TYPE    NLP                 DIRECTION  MAXIMIZE
     SOLVER  CONOPT              FROM LINE  908

**** SOLVER STATUS     1 Normal Completion
**** MODEL STATUS      2 Locally Optimal
**** OBJECTIVE VALUE            85730.6022

 RESOURCE USAGE, LIMIT          0.015 10000000000.000
 ITERATION COUNT, LIMIT         1    2147483647
 EVALUATION ERRORS              0             0
 
 
    C O N O P T   version 4.35
    Copyright (C) GAMS Software GmbH
                  GAMS Development Corporation
 
 
    The user model has 2848 constraints and 2782 variables
    with 10765 Jacobian elements, 528 of which are nonlinear.
    The Hessian of the Lagrangian has 0 elements on the diagonal,
    264 elements below the diagonal, and 528 nonlinear variables.
 
    The pre-triangular part of the model has 1854 constraints and 264 variables.
    The post-triangular part of the model has 538 constraints and variables.
 
    Preprocessed model has 456 constraints and 1980 variables
    with 3810 Jacobian elements, 0 of which are nonlinear.
 
 ** Optimal solution. There are no superbasic variables.
 
 
 CONOPT time Total                            0.016 seconds
   of which: Function evaluations             0.000 =  0.0%
             1st Derivative evaluations       0.000 =  0.0%
 


**** REPORT SUMMARY :        0     NONOPT
                             0 INFEASIBLE
                             0  UNBOUNDED
                             0     ERRORS
GAMS 48.3.0  71b5641f Nov 12, 2024          WEX-WEI x86 64bit/MS Windows - 03/23/26 05:08:33 Page 86
G e n e r a l   A l g e b r a i c   M o d e l i n g   S y s t e m
E x e c u t i o n


----    951 PARAMETER cpValue  Carbon price by scenario ($/tCO2)

cp50   50.000,    cp100 100.000,    cp170 170.000,    cp250 250.000,    cp350 350.000,    cp500 500.000


----    951 PARAMETER sensSummary  Carbon-price sensitivity summary

          Revenue         Obj     Zprofit   Zemission  CarbonSto~   NetCarbon  NetCarbDel  NetCarbPct  CarbonCost  HarvestCo~    ProcCost   TransCost  TotalHarv~  TotalProd~  TotalSales

cp0    165784.900   99011.678   99011.678      26.565     159.632    -133.067       0.003       0.002               24156.184   42615.581       1.457     643.582     625.489     599.940
cp50   165784.900   97683.458   99011.554      26.562     159.632    -133.070                            1328.095   24157.765   42615.581                 643.582     625.489     599.940
cp100  165784.900   96355.363   99011.554      26.562     159.632    -133.070                            2656.190   24157.765   42615.581                 643.582     625.489     599.940
cp170  165784.900   94496.030   99011.554      26.562     159.632    -133.070                            4515.523   24157.765   42615.581                 643.582     625.489     599.940
cp250  165784.900   92371.078   99011.554      26.562     159.632    -133.070                            6640.476   24157.765   42615.581                 643.582     625.489     599.940
cp350  165784.900   89714.888   99011.554      26.562     159.632    -133.070                            9296.666   24157.765   42615.581                 643.582     625.489     599.940
cp500  165784.900   85730.602   99011.554      26.562     159.632    -133.070                           13280.951   24157.765   42615.581                 643.582     625.489     599.940


----    951 PARAMETER sensForPlot  Chart-ready carbon sensitivity table

          Revenue         Obj     Zprofit   Zemission  CarbonCost  HarvestCo~    ProcCost   TransCost  TotalHarv~  TotalProd~  TotalSales  CarbonPri~

cp0    165784.900   99011.678   99011.678      26.565               24156.184   42615.581       1.457     643.582     625.489     599.940
cp50   165784.900   97683.458   99011.554      26.562    1328.095   24157.765   42615.581                 643.582     625.489     599.940      50.000
cp100  165784.900   96355.363   99011.554      26.562    2656.190   24157.765   42615.581                 643.582     625.489     599.940     100.000
cp170  165784.900   94496.030   99011.554      26.562    4515.523   24157.765   42615.581                 643.582     625.489     599.940     170.000
cp250  165784.900   92371.078   99011.554      26.562    6640.476   24157.765   42615.581                 643.582     625.489     599.940     250.000
cp350  165784.900   89714.888   99011.554      26.562    9296.666   24157.765   42615.581                 643.582     625.489     599.940     350.000
cp500  165784.900   85730.602   99011.554      26.562   13280.951   24157.765   42615.581                 643.582     625.489     599.940     500.000


----    952 PARAMETER sensBase  Carbon sensitivity baseline values at cp170

Revenue         165784.900,    Obj              94496.030,    Zprofit          99011.554,    Zemission           26.562,    CarbonStorage      159.632,    NetCarbon         -133.070,    CarbonCost        4515.523,    HarvestCost      24157.765,    ProcCost         42615.581,    TotalHarvest       643.582,    TotalProduction    625.489,    TotalSales         599.940


----    952 PARAMETER sensDelta  Carbon sensitivity delta vs cp170

                      AbsChange   PctChange

cp0  .Obj              4515.648       4.779
cp0  .Zprofit             0.124 1.255835E-4
cp0  .Zemission           0.003       0.011
cp0  .CarbonStorage -2.8422E-14 -1.7805E-14
cp0  .NetCarbon           0.003      -0.002
cp0  .NetCarbDel          0.003
cp0  .NetCarbPct          0.002
cp0  .CarbonCost      -4515.523    -100.000
cp0  .HarvestCost        -1.581      -0.007
cp0  .TransCost           1.457
cp50 .Obj              3187.428       3.373
cp50 .CarbonCost      -3187.428     -70.588
cp100.Obj              1859.333       1.968
cp100.CarbonCost      -1859.333     -41.176
cp250.Obj             -2124.952      -2.249
cp250.CarbonCost       2124.952      47.059
cp350.Obj             -4781.142      -5.060
cp350.CarbonCost       4781.142     105.882
cp500.Obj             -8765.428      -9.276
cp500.CarbonCost       8765.428     194.118


----    965 PARAMETER pubSummaryTab  Policy table

                     Obj   Zemission  CarbonSto~   NetCarbon  NetCarbDel  NetCarbPct  TotalHarv~

carb_cp0       99011.678      26.565     159.632    -133.067       0.003       0.002     643.582
carb_cp50      97683.458      26.562     159.632    -133.070                             643.582
carb_cp100     96355.363      26.562     159.632    -133.070                             643.582
carb_cp170     94496.030      26.562     159.632    -133.070                             643.582
carb_cp250     92371.078      26.562     159.632    -133.070                             643.582
carb_cp350     89714.888      26.562     159.632    -133.070                             643.582
carb_cp500     85730.602      26.562     159.632    -133.070                             643.582
dem_Baseline   94496.030      26.562     159.632    -133.070                             643.582
dem_D50        98518.469      29.169     172.517    -143.348     -10.278      -7.724     657.776
dem_D100      102540.908      31.776     185.402    -153.625     -20.555     -15.447     671.970
dem_D200      110585.786      36.991     211.171    -174.181     -41.111     -30.894     700.358
dem_D300      118630.664      42.205     236.941    -194.736     -61.666     -46.341     728.746
dem_D400      126675.543      47.420     262.711    -215.291     -82.221     -61.788     757.134
dem_DU10       95300.518      27.083     162.209    -135.126      -2.056      -1.545     646.420


**** REPORT FILE SUMMARY

 puDummy C:\Users\dell\OneDrive\Bureau\Rasoul\Papers\Forbiom\225a\myPuDummy.dat
hrvrep C:\Users\dell\OneDrive\Bureau\Rasoul\Papers\Forbiom\output\regional_harvest_by_year_demand_scenarios.txt
hrvcsv C:\Users\dell\OneDrive\Bureau\Rasoul\Papers\Forbiom\output\regional_harvest_by_year_demand_scenarios_long.csv
demrep C:\Users\dell\OneDrive\Bureau\Rasoul\Papers\Forbiom\output\demand_sensitivity_report.txt
prrep C:\Users\dell\OneDrive\Bureau\Rasoul\Papers\Forbiom\output\price_sensitivity_report.txt
cmrep C:\Users\dell\OneDrive\Bureau\Rasoul\Papers\Forbiom\output\coupled_sensitivity_report.txt
fltx C:\Users\dell\OneDrive\Bureau\Rasoul\Papers\Forbiom\output\summary_table_body.tex
fcsv C:\Users\dell\OneDrive\Bureau\Rasoul\Papers\Forbiom\output\summary_public_table.csv


EXECUTION TIME       =        2.391 SECONDS     15 MB  48.3.0 71b5641f WEX-WEI


USER: Rasoul Yousefpour, Single User License         G230918|0002AO-WIN
      University of Toronto,                                    DC16688
      License for teaching and research at degree granting institutions


**** FILE SUMMARY

Input      C:\Users\dell\OneDrive\Bureau\Rasoul\Papers\Forbiom\FORBIOM-ON (main file).gms
Output     C:\Users\dell\OneDrive\Bureau\Rasoul\Papers\Forbiom\FORBIOM-ON (main file).lst
